datetime,season,holiday,workingday,weather,temp,humidity,windspeed,count
2022-01-01 00:00:00,Fall,0,1,Cloudy,24.476777153812996,,28.260040009194945,224
2022-01-01 01:00:00,Winter,0,1,Cloudy,16.842111354173344,44.91629307679838,1.921068185401972,145
2022-01-01 02:00:00,Spring,0,0,Clear,21.265826190189905,62.30369875721746,20.773928389576504,168
2022-01-01 03:00:00,Fall,0,1,Snow,24.10172006306228,89.52813836871496,13.372430555351212,241
2022-01-01 04:00:00,Fall,0,1,Clear,19.831937176481436,81.45183646511542,2.914724477772956,187
2022-01-01 05:00:00,Winter,0,1,Clear,22.27370456070567,35.842013627473264,0.6965517603524845,202
2022-01-01 06:00:00,Spring,0,1,Rain,17.417851780562142,72.38231980859976,3.1197103126328503,86
2022-01-01 07:00:00,Spring,0,1,Clear,19.017667082859514,50.73477515224879,24.32787595743212,158
2022-01-01 08:00:00,Fall,0,1,Cloudy,18.970702845598296,30.418935712820886,10.028804020557985,223
2022-01-01 09:00:00,Summer,0,1,Rain,16.267108267298806,54.20885814161998,12.767394335517256,157
2022-01-01 10:00:00,Fall,0,1,Clear,19.11612918442109,44.085265303498275,2.9726430388876834,218
2022-01-01 11:00:00,Fall,0,1,Rain,12.256908505681267,,12.707829011384241,97
2022-01-01 12:00:00,Fall,0,1,Clear,17.544231264289476,50.23983653074593,0.28524488794425845,172
2022-01-01 13:00:00,Fall,0,0,Clear,18.575622533151645,79.65142163722902,4.705179147046566,203
2022-01-01 14:00:00,Winter,0,0,Cloudy,18.7191012375231,30.035876330087717,9.855158139154206,190
2022-01-01 15:00:00,Spring,0,0,Rain,18.792512770646105,48.469149001567146,1.5793716599131582,147
2022-01-01 16:00:00,Winter,0,1,Clear,19.691179000699357,44.46991285846572,17.316257412276723,179
2022-01-01 17:00:00,Winter,0,1,Clear,22.39720759043032,44.01404166411666,2.6792035947221264,213
2022-01-01 18:00:00,Winter,1,0,Cloudy,24.372585370662613,34.09119718592776,10.563609211055278,194
2022-01-01 19:00:00,Fall,0,1,Cloudy,16.751173865758666,41.2274562246301,5.195252603984794,231
2022-01-01 20:00:00,Summer,0,0,Cloudy,13.983995723054278,63.33297419313719,9.064483164417831,105
2022-01-01 21:00:00,Spring,0,1,Clear,14.789777938784486,47.48166437026467,1.1367336364613478,132
2022-01-01 22:00:00,Summer,1,1,Clear,17.563985394025366,55.04368693974888,0.17057454652931803,124
2022-01-01 23:00:00,Winter,0,0,Clear,18.240393410917456,52.61201282083131,24.031175865554864,159
2022-01-02 00:00:00,Winter,0,1,Cloudy,16.150019669012714,,3.142040359331152,138
2022-01-02 01:00:00,Summer,0,0,Clear,13.519416678750527,,17.13005607158773,127
2022-01-02 02:00:00,Summer,0,0,Clear,17.71939586262906,59.577418299351606,73.39000566875333,160
2022-01-02 03:00:00,Summer,0,1,Snow,20.907133100569858,49.80935701893627,2.3753569565479,161
2022-01-02 04:00:00,Winter,0,1,Clear,22.975147329177823,36.40804224014182,3.081171076850762,192
2022-01-02 05:00:00,Winter,0,1,Snow,17.212884734458395,87.20417276292571,10.872563747276573,112
2022-01-02 06:00:00,Spring,0,1,Cloudy,17.93501088928283,33.61361669401785,33.65308210030412,200
2022-01-02 07:00:00,Spring,1,1,Cloudy,15.366508455763446,,24.747307783204615,146
2022-01-02 08:00:00,Winter,1,1,Clear,19.842804148126117,47.88397207020025,6.989148216013418,165
2022-01-02 09:00:00,Summer,0,0,Clear,15.757856829045927,49.22407716841289,15.852834081430325,185
2022-01-02 10:00:00,Summer,0,1,Cloudy,22.865639066206,,1.458884019274092,169
2022-01-02 11:00:00,Spring,0,0,Cloudy,11.070667540329444,76.98968585542184,37.91496368180414,94
2022-01-02 12:00:00,Winter,0,0,Cloudy,18.20185163773769,37.34987171795935,33.34096852533761,150
2022-01-02 13:00:00,Spring,0,1,Clear,21.50553669595871,68.09439954918977,1.7880250537994093,172
2022-01-02 14:00:00,Spring,0,0,Cloudy,20.91917258161252,37.43076160234905,3.558511759046725,194
2022-01-02 15:00:00,Fall,0,1,Cloudy,33.46516831990248,34.2321382555774,1.0553274994126225,315
2022-01-02 16:00:00,Fall,1,1,Cloudy,21.749000122839536,84.56577022115259,3.1706639240307894,267
2022-01-02 17:00:00,Fall,0,0,Cloudy,14.979727015789948,41.40772597912234,16.925792753171912,159
2022-01-02 18:00:00,Summer,0,1,Cloudy,19.522678764554634,79.27500927358226,4.753227220355632,170
2022-01-02 19:00:00,Winter,0,0,Cloudy,11.118768332667742,62.67785226642815,0.9255065465997541,113
2022-01-02 20:00:00,Winter,0,1,Clear,19.597001253516197,34.67139117652618,4.188931492316493,168
2022-01-02 21:00:00,Winter,0,1,Clear,15.834719714996208,87.32689148628404,39.83698090905679,123
2022-01-02 22:00:00,Winter,0,1,Clear,24.57695137780081,44.81767001951355,9.933974908264565,182
2022-01-02 23:00:00,Fall,0,1,Clear,17.252298627022327,81.57872072115639,5.381299272979129,229
2022-01-03 00:00:00,Summer,0,0,Clear,19.416170421023768,40.12860034707385,1.8216778481419555,193
2022-01-03 01:00:00,Summer,0,1,Clear,16.822210792977984,81.23657292851118,42.81406742462024,143
2022-01-03 02:00:00,Fall,0,1,Clear,28.694256759266658,30.79372877431764,17.195263050378628,305
2022-01-03 03:00:00,Summer,0,1,Clear,18.39378616941044,60.70682739416884,3.30557983775405,131
2022-01-03 04:00:00,Fall,0,1,Cloudy,29.162785217396006,76.1665547652934,0.7264456192996025,231
2022-01-03 05:00:00,Winter,0,1,Rain,24.070758810591332,86.087731049567,0.5829199921078438,103
2022-01-03 06:00:00,Fall,0,0,Clear,22.41033363667693,84.55212817238922,1.282631792111805,205
2022-01-03 07:00:00,Winter,0,0,Snow,21.8436657365876,79.17749217285869,8.693322051155537,172
2022-01-03 08:00:00,Winter,0,1,Clear,21.968986491081257,83.29148097967825,26.417488453732034,170
2022-01-03 09:00:00,Spring,0,1,Clear,10.36163710327195,41.953181150224594,6.866551554436495,133
2022-01-03 10:00:00,Fall,0,1,Clear,18.60558302924622,47.051057742703726,18.51162288407666,191
2022-01-03 11:00:00,Spring,0,1,Clear,24.225789855921608,47.33811149526351,5.903859558815344,213
2022-01-03 12:00:00,Fall,0,1,Cloudy,19.75551408262947,52.62323586010193,12.330019206786895,227
2022-01-03 13:00:00,Fall,0,0,Cloudy,12.974050765982124,,13.162935503107585,202
2022-01-03 14:00:00,Spring,0,1,Clear,19.73797774711265,62.67331947928053,1.9111656684213845,129
2022-01-03 15:00:00,Spring,0,0,Clear,28.520527581277456,39.59278580198648,4.481890022431437,229
2022-01-03 16:00:00,Fall,0,1,Clear,26.234458577673596,71.47479982715936,10.141851785009315,221
2022-01-03 17:00:00,Summer,0,1,Clear,19.689979953169843,40.05399235827039,0.7332001456471235,170
2022-01-03 18:00:00,Winter,0,1,Clear,24.757246385290433,48.61850892627285,4.486965463877523,210
2022-01-03 19:00:00,Spring,0,0,Clear,18.16746489815974,60.20070783636925,7.652867110493617,162
2022-01-03 20:00:00,Winter,0,1,Cloudy,11.480642065866405,77.78643369140863,55.79220612486673,101
2022-01-03 21:00:00,Summer,0,1,Rain,15.377670059352228,74.36815399432363,6.4346895868278065,109
2022-01-03 22:00:00,Summer,0,1,Clear,27.81444384254099,68.73206138463134,16.931280315353632,174
2022-01-03 23:00:00,Summer,0,0,Rain,18.63003459085348,39.34639563481021,5.657523269022081,166
2022-01-04 00:00:00,Spring,0,1,Clear,18.78308010312491,62.82272073693466,15.915524286430596,158
2022-01-04 01:00:00,Summer,0,1,Clear,18.500809018625596,35.24679010799313,9.048929382595185,197
2022-01-04 02:00:00,Spring,0,0,Clear,29.520682947865033,52.641790607799045,21.7679369010487,210
2022-01-04 03:00:00,Summer,0,0,Cloudy,28.129794576810315,54.81099181739755,5.292315658763624,202
2022-01-04 04:00:00,Winter,0,0,Snow,31.09390116724067,32.38868636674523,9.271101002803286,223
2022-01-04 05:00:00,Winter,0,1,Cloudy,19.204773947999744,46.439285968198305,9.943027627774297,190
2022-01-04 06:00:00,Fall,0,1,Clear,21.478122443735476,87.33896803598935,5.40225155449243,199
2022-01-04 07:00:00,Winter,0,1,Cloudy,12.416787252896045,87.21795646978137,1.5584950631825147,131
2022-01-04 08:00:00,Fall,0,0,Clear,27.384672130591373,51.13962325515236,0.9822978531124464,253
2022-01-04 09:00:00,Winter,1,1,Rain,14.161102243660325,,0.16812085040206676,84
2022-01-04 10:00:00,Spring,0,1,Clear,21.083877818813146,40.745696359690896,20.677838711032667,173
2022-01-04 11:00:00,Winter,0,1,Clear,14.513487361835779,53.53306760601241,2.698092959748756,122
2022-01-04 12:00:00,Fall,0,1,Clear,17.05566586630652,86.86678187815379,2.3763143226281565,192
2022-01-04 13:00:00,Fall,0,0,Cloudy,15.813687844751499,,13.319402773500023,186
2022-01-04 14:00:00,Summer,0,1,Clear,16.96062369662091,75.81095062009274,3.856861768094852,165
2022-01-04 15:00:00,Spring,0,1,Cloudy,17.304386484255108,36.52095236248152,7.053102363562191,166
2022-01-04 16:00:00,Winter,0,1,Clear,17.258656025374613,88.87545464347662,1.773472276656689,138
2022-01-04 17:00:00,Summer,0,1,Cloudy,24.166669558901535,52.8969899465481,32.125389816854025,207
2022-01-04 18:00:00,Winter,0,1,Cloudy,14.4756860346874,76.51407233394336,19.0771861929179,153
2022-01-04 19:00:00,Winter,0,1,Cloudy,21.102707135069334,50.555464968667906,19.935546984847477,179
2022-01-04 20:00:00,Summer,0,0,Clear,26.089795761527792,67.66013262952852,5.221794157730675,181
2022-01-04 21:00:00,Summer,0,0,Clear,17.43401817743302,41.52096508440221,14.370034628429897,130
2022-01-04 22:00:00,Summer,0,1,Clear,16.41040554626199,38.761261157817756,1.5534023502232128,148
2022-01-04 23:00:00,Summer,0,1,Cloudy,18.847376874098746,86.28384837408788,0.08656361011053938,138
2022-01-05 00:00:00,Summer,0,0,Clear,25.898626041803553,85.058836674266,0.2017508788060096,189
2022-01-05 01:00:00,Winter,0,0,Clear,20.97053815476679,83.24813641277294,8.833438344635727,156
2022-01-05 02:00:00,Summer,0,0,Clear,17.343928526962006,67.52600700999561,6.0769434375123925,166
2022-01-05 03:00:00,Spring,0,1,Clear,22.419383255940197,78.49609267297669,7.298430096471216,160
2022-01-05 04:00:00,Fall,0,0,Cloudy,14.488539250817883,34.14221621468249,0.07491128991723804,204
2022-01-05 05:00:00,Summer,0,1,Clear,23.40679755221474,50.087342513440746,5.4937003973264815,215
2022-01-05 06:00:00,Summer,0,0,Cloudy,22.043036538508836,48.822187485429374,12.66089943645751,192
2022-01-05 07:00:00,Winter,0,1,Clear,18.46095764430558,68.1387193171568,5.846402834969434,157
2022-01-05 08:00:00,Summer,0,0,Clear,15.807071007763845,51.35746640823843,13.1758656716264,141
2022-01-05 09:00:00,Summer,0,1,Clear,15.566595388582714,38.91040689862085,2.6529320334016115,145
2022-01-05 10:00:00,Summer,0,0,Clear,22.674086681729552,65.78802452481261,16.774063328595236,163
2022-01-05 11:00:00,Winter,0,1,Clear,26.14490251244531,78.86303524014488,8.877791779354787,180
2022-01-05 12:00:00,Summer,0,0,Cloudy,16.813461264856027,52.92740966759839,2.3668874899555976,172
2022-01-05 13:00:00,Fall,0,1,Clear,22.29193351775742,37.9361229059089,2.701309659716003,238
2022-01-05 14:00:00,Winter,0,1,Cloudy,9.564864906989657,41.80129183876939,9.889433220666193,99
2022-01-05 15:00:00,Fall,0,1,Clear,17.076911346714002,44.24899831016304,17.71601571003615,248
2022-01-05 16:00:00,Winter,0,1,Clear,19.84470533564549,47.99385557967217,5.3721713964212015,181
2022-01-05 17:00:00,Summer,0,1,Cloudy,15.451582915090832,,2.988110088127895,114
2022-01-05 18:00:00,Fall,0,1,Clear,15.31746812605202,66.05672907226314,20.17493424573146,184
2022-01-05 19:00:00,Winter,0,1,Clear,16.661102217655568,71.76479169402235,11.064477813737863,149
2022-01-05 20:00:00,Spring,0,1,Clear,21.460963641631867,51.75011907189079,5.943621129648129,215
2022-01-05 21:00:00,Summer,0,1,Clear,19.063354907968126,79.4398591127987,6.692357418441129,133
2022-01-05 22:00:00,Winter,0,1,Cloudy,8.808843833375139,42.245259669345614,2.284783409540003,142
2022-01-05 23:00:00,Spring,0,1,Clear,9.396499236824669,58.14244485108924,9.85647857367232,145
2022-01-06 00:00:00,Winter,0,1,Cloudy,16.965674110714122,78.05632329248581,4.443242031000813,133
2022-01-06 01:00:00,Spring,0,0,Rain,22.28843293026776,40.80951886395715,54.36471237663443,155
2022-01-06 02:00:00,Summer,0,1,Clear,6.262475786373827,36.59178682444698,6.5427944366062185,92
2022-01-06 03:00:00,Fall,0,1,Rain,17.501349119241848,83.02103806127938,6.653094822375598,161
2022-01-06 04:00:00,Spring,0,0,Clear,17.368760717412894,50.57577976555176,8.343692995187888,160
2022-01-06 05:00:00,Winter,0,1,Snow,26.94168889104224,71.03220749454192,24.859792622560963,212
2022-01-06 06:00:00,Summer,0,0,Clear,18.074890941435683,31.52091625583631,16.135368007096595,196
2022-01-06 07:00:00,Spring,0,1,Cloudy,21.914944923704642,71.40281330456698,5.998937868504367,158
2022-01-06 08:00:00,Winter,0,0,Clear,20.706285700437316,48.96607869281823,12.683309540791225,139
2022-01-06 09:00:00,Winter,0,1,Clear,9.347167600963997,33.34445121524651,8.824583046410202,129
2022-01-06 10:00:00,Winter,0,1,Cloudy,23.841036083158688,66.58876569288702,6.779966293726646,191
2022-01-06 11:00:00,Spring,0,1,Cloudy,21.07698252728144,44.448228964390395,2.1358410474777547,188
2022-01-06 12:00:00,Spring,0,1,Clear,22.54134319837295,,6.235022135159872,179
2022-01-06 13:00:00,Spring,0,1,Clear,39.63118853218163,34.83484873719082,2.8212233914808724,283
2022-01-06 14:00:00,Fall,0,1,Cloudy,9.579435302507058,38.82979506569672,24.632486841282002,208
2022-01-06 15:00:00,Spring,0,0,Cloudy,28.62348324880554,,4.085801751399959,226
2022-01-06 16:00:00,Spring,0,1,Snow,18.56276240299822,35.385570033609426,30.42069753215484,167
2022-01-06 17:00:00,Spring,0,0,Cloudy,21.436644522015047,84.64957588117892,7.615444225294775,154
2022-01-06 18:00:00,Fall,0,1,Snow,19.77243877349379,30.362822591038704,9.984350052052564,230
2022-01-06 19:00:00,Spring,0,1,Cloudy,17.878818333009782,59.031613131858684,7.8294157817454115,192
2022-01-06 20:00:00,Winter,0,1,Clear,17.150835358806205,37.394847487953086,1.38550386117638,163
2022-01-06 21:00:00,Spring,0,1,Clear,21.647543677865045,48.46074536867691,4.71318443648194,183
2022-01-06 22:00:00,Winter,0,1,Cloudy,12.414131516641604,85.56357358909594,1.0441220131407043,109
2022-01-06 23:00:00,Winter,0,1,Cloudy,23.75289583760883,39.70167319643921,9.75388200245351,220
2022-01-07 00:00:00,Winter,0,0,Clear,17.91902797557373,87.94993918309996,5.921698082161454,184
2022-01-07 01:00:00,Fall,0,1,Clear,14.349653304798212,42.3476626193653,15.050102037746925,209
2022-01-07 02:00:00,Fall,0,0,Snow,17.74993571002093,74.49396650800978,2.4906472205362644,203
2022-01-07 03:00:00,Fall,0,1,Clear,26.285746084312862,62.8006358938387,1.7980399861983345,250
2022-01-07 04:00:00,Spring,0,1,Clear,17.323324564918885,83.06872365580554,5.214354274792678,97
2022-01-07 05:00:00,Winter,0,1,Clear,21.7922680910481,63.23959533018785,26.116322244729954,192
2022-01-07 06:00:00,Fall,0,0,Clear,16.34521862142263,62.07355314937852,12.393299493894105,203
2022-01-07 07:00:00,Fall,0,1,Clear,23.7896092496181,41.72748002210399,5.428730760242369,256
2022-01-07 08:00:00,Spring,0,0,Clear,23.42753869395102,39.97376172309952,7.283022826106168,182
2022-01-07 09:00:00,Fall,0,1,Clear,29.243044166482058,84.98934906693086,0.8797148630394105,246
2022-01-07 10:00:00,Spring,0,0,Cloudy,19.122180272503922,49.67029193100204,41.718238227828515,162
2022-01-07 11:00:00,Summer,0,1,Clear,23.343274023789533,52.324935297773756,10.978345053047816,210
2022-01-07 12:00:00,Fall,0,1,Cloudy,20.490337697694724,75.5894195057033,3.36038026752755,207
2022-01-07 13:00:00,Summer,0,1,Rain,26.47935890931507,50.32940894536844,8.814265963178634,218
2022-01-07 14:00:00,Spring,0,1,Clear,16.40583806195635,87.12374679834016,1.1595237416773536,147
2022-01-07 15:00:00,Winter,0,1,Cloudy,23.725026564386404,74.27566613992802,33.76602397473874,155
2022-01-07 16:00:00,Fall,0,1,Clear,19.026513519416593,65.8457545544052,1.9211130585570826,209
2022-01-07 17:00:00,Spring,1,1,Rain,19.679059114457512,82.85370963268514,10.442102379321902,113
2022-01-07 18:00:00,Winter,0,1,Clear,20.458762422241865,32.97635450096897,2.8163964810765982,141
2022-01-07 19:00:00,Winter,0,1,Cloudy,21.261201982133386,45.423761531352525,12.64294035716798,215
2022-01-07 20:00:00,Summer,0,1,Cloudy,19.41885478439021,57.9021800532546,14.997827844207869,182
2022-01-07 21:00:00,Spring,0,1,Clear,21.073565915852633,43.61871236829126,11.190795072251305,194
2022-01-07 22:00:00,Winter,0,0,Clear,27.890590287810923,74.63431123812911,9.53212685863501,205
2022-01-07 23:00:00,Fall,0,1,Cloudy,24.92724842807609,85.15248186322351,22.299769746132633,204
2022-01-08 00:00:00,Fall,0,0,Cloudy,24.34577296248448,55.426207195855405,0.8189001647048278,234
2022-01-08 01:00:00,Summer,0,1,Clear,17.722302369880648,50.527956006713694,4.018438215585191,180
2022-01-08 02:00:00,Winter,0,1,Cloudy,15.55379585885838,87.69304392825399,2.854013148656487,112
2022-01-08 03:00:00,Spring,0,1,Clear,24.776502791188765,56.69114596965245,44.24012812043892,144
2022-01-08 04:00:00,Fall,0,1,Cloudy,24.380233962648973,59.342904026956994,4.932964606407559,237
2022-01-08 05:00:00,Winter,0,1,Clear,27.36335337875491,51.09899234051432,13.19057106991787,208
2022-01-08 06:00:00,Winter,0,1,Rain,16.98009687015385,84.57290838072831,11.543105249436946,115
2022-01-08 07:00:00,Summer,1,1,Clear,18.852256723198266,64.13732899691104,2.3836028768413504,176
2022-01-08 08:00:00,Fall,0,0,Clear,11.80257918737283,75.73047523089868,2.7311887278285205,183
2022-01-08 09:00:00,Fall,0,1,Clear,18.037644469695636,78.70840310105318,3.3028977644847473,206
2022-01-08 10:00:00,Spring,1,0,Clear,24.982852552897235,50.510942515035495,5.29545210803004,223
2022-01-08 11:00:00,Fall,0,1,Clear,17.66752310385901,56.0216598792228,2.6699756700097925,179
2022-01-08 12:00:00,Spring,0,1,Clear,23.20239897600412,80.90830646437587,0.19847140688670828,185
2022-01-08 13:00:00,Fall,0,1,Cloudy,19.047484470010943,51.79532110054862,21.15218424266621,231
2022-01-08 14:00:00,Summer,0,1,Clear,21.620285141107804,77.63610800711108,33.699845514061636,144
2022-01-08 15:00:00,Fall,0,1,Clear,14.261543050921663,86.45953935446622,4.1789765346116905,148
2022-01-08 16:00:00,Spring,0,0,Clear,20.426047248169507,67.39262238408043,4.1325569521736885,153
2022-01-08 17:00:00,Spring,0,1,Clear,5.044320145496384,74.49763724711333,0.07117079205984536,74
2022-01-08 18:00:00,Summer,0,1,Clear,19.065519209190075,78.3058387224681,11.40217991239729,171
2022-01-08 19:00:00,Fall,0,1,Clear,11.8476337814243,80.70237893379854,17.45486159673842,156
2022-01-08 20:00:00,Fall,0,1,Clear,26.029972582734082,53.70320027140776,1.585366345000549,236
2022-01-08 21:00:00,Summer,0,1,Clear,23.887036763822557,33.07580755055989,1.7395626287471564,190
2022-01-08 22:00:00,Fall,0,0,Clear,22.333354909830405,54.11257627420437,15.610442552986116,256
2022-01-08 23:00:00,Fall,0,1,Clear,27.6050311357969,,9.578701703549253,253
2022-01-09 00:00:00,Spring,0,1,Clear,15.255417395875813,57.02102314684757,0.4589793620499067,144
2022-01-09 01:00:00,Fall,0,0,Clear,28.736815989577792,74.93778905162392,9.743091960868718,254
2022-01-09 02:00:00,Fall,0,1,Snow,24.660957821301924,51.41894576811983,3.6949639261205762,273
2022-01-09 03:00:00,Summer,0,0,Clear,18.81722356390527,,4.6001394149711325,145
2022-01-09 04:00:00,Summer,0,0,Cloudy,25.67810073591472,41.185188291238475,14.685089048092959,234
2022-01-09 05:00:00,Winter,0,0,Clear,14.468532437941828,74.96216619869742,16.65665426785749,139
2022-01-09 06:00:00,Spring,0,1,Cloudy,15.877429192361632,62.74175812878155,5.114201785450442,144
2022-01-09 07:00:00,Fall,0,1,Cloudy,16.9570513838015,42.24386331279604,29.40353121782458,263
2022-01-09 08:00:00,Fall,0,1,Clear,17.355111459679925,47.51467040986844,5.21655249638398,191
2022-01-09 09:00:00,Winter,0,1,Snow,14.717211786198735,74.91652251490994,14.776907647600527,129
2022-01-09 10:00:00,Fall,0,1,Clear,26.115415335476627,58.95607413969124,6.614106824130387,226
2022-01-09 11:00:00,Spring,0,1,Clear,18.70572799815084,42.96188642358433,22.78207910849886,191
2022-01-09 12:00:00,Winter,0,1,Cloudy,21.762524841784398,88.03627142221785,23.833748858765222,198
2022-01-09 13:00:00,Spring,1,0,Cloudy,17.148243167931597,72.90750118901327,0.9147602822482632,182
2022-01-09 14:00:00,Winter,0,1,Clear,10.896983497257414,87.42808995238777,27.566103598609697,135
2022-01-09 15:00:00,Winter,0,0,Clear,21.35028679195711,55.62630272162059,17.46030222148782,174
2022-01-09 16:00:00,Summer,0,1,Clear,10.438725122901115,58.506020441503225,15.669088045621532,115
2022-01-09 17:00:00,Spring,0,1,Clear,19.656829769572656,83.87731297110115,2.2428337527370283,122
2022-01-09 18:00:00,Fall,0,0,Cloudy,13.158424805835947,61.50296041472308,16.353672343018978,225
2022-01-09 19:00:00,Fall,0,0,Clear,29.936379996154038,72.43673471434002,18.980052745393984,272
2022-01-09 20:00:00,Spring,0,1,Clear,24.556813610873608,45.1303726497318,3.4129431239945185,190
2022-01-09 21:00:00,Fall,0,1,Clear,20.528768956357403,56.80358812215843,30.419872995123423,250
2022-01-09 22:00:00,Fall,0,0,Clear,26.318533388273345,37.406991948621304,0.5114609090584548,243
2022-01-09 23:00:00,Spring,0,1,Clear,15.768420112671322,42.3588021526177,1.6241217431059465,165
2022-01-10 00:00:00,Winter,0,0,Cloudy,22.717396893350465,30.056604916057864,7.712841710448314,195
2022-01-10 01:00:00,Spring,1,1,Snow,20.99905216859357,32.35590309891961,8.575324885939446,201
2022-01-10 02:00:00,Winter,0,1,Cloudy,21.32010040666835,88.63702939061577,10.360603487607946,161
2022-01-10 03:00:00,Fall,0,0,Clear,26.361767500533837,44.54122170820574,0.17114754765994378,230
2022-01-10 04:00:00,Fall,0,0,Rain,23.66246051389901,69.79864257024012,32.280874878124834,204
2022-01-10 05:00:00,Fall,0,0,Cloudy,21.443618314125118,80.3459819279767,0.4561271498288456,238
2022-01-10 06:00:00,Summer,0,1,Cloudy,11.725562818858519,63.039627554193856,1.5438965322309528,126
2022-01-10 07:00:00,Winter,0,0,Clear,15.199768523602682,39.18867000503737,0.14113648145154342,171
2022-01-10 08:00:00,Summer,0,1,Clear,19.38645533202138,73.68698624016999,8.366906605206099,139
2022-01-10 09:00:00,Summer,0,0,Clear,20.466861871383255,66.01508460597498,26.921800594457327,168
2022-01-10 10:00:00,Spring,0,1,Clear,14.34898137663038,73.8750353608425,10.964561131275943,122
2022-01-10 11:00:00,Summer,0,1,Clear,32.058383377892106,76.18479737142523,17.296722101825026,237
2022-01-10 12:00:00,Spring,0,1,Clear,27.581970276267864,,0.13370187395304686,194
2022-01-10 13:00:00,Spring,0,1,Clear,23.010591601962417,64.4137968016026,7.809194982199996,196
2022-01-10 14:00:00,Summer,0,1,Cloudy,20.360184306418724,50.498466761436106,6.153771658155213,198
2022-01-10 15:00:00,Winter,0,1,Clear,18.93895515049424,68.90787341401423,6.910851963529034,174
2022-01-10 16:00:00,Winter,0,1,Clear,15.240407699888822,34.10644255455757,0.7495329816360979,164
2022-01-10 17:00:00,Winter,0,1,Snow,20.387402592594313,83.84383909929518,11.53391740233651,140
2022-01-10 18:00:00,Winter,0,0,Rain,21.288762700713754,37.16286068029181,6.996088419178134,157
2022-01-10 19:00:00,Winter,0,1,Cloudy,13.791197122591878,49.670570273149096,14.4880336918778,133
2022-01-10 20:00:00,Summer,0,1,Snow,21.670882086224488,78.94472283756726,6.641528756009293,162
2022-01-10 21:00:00,Summer,0,0,Clear,19.223704755876255,65.83874269984271,1.6179170719559097,155
2022-01-10 22:00:00,Fall,0,1,Snow,10.460962210613046,53.618131216646525,10.448543531271234,155
2022-01-10 23:00:00,Winter,0,1,Clear,15.69807494610249,58.40613956250128,1.8920885439824713,110
2022-01-11 00:00:00,Summer,0,1,Clear,17.931972332891778,81.27284359213081,20.588123020419104,135
2022-01-11 01:00:00,Fall,0,1,Clear,29.43843828670095,50.40026316359353,9.496309904213051,275
2022-01-11 02:00:00,Winter,0,1,Clear,22.78276562266879,82.17898108873028,1.7103020498506682,145
2022-01-11 03:00:00,Spring,0,0,Clear,13.322592154500544,35.28806585860149,32.791051766586826,149
2022-01-11 04:00:00,Fall,0,1,Cloudy,22.430181447088184,76.60790623251785,7.305696752151296,261
2022-01-11 05:00:00,Summer,0,1,Cloudy,12.263480055308172,80.85285798328418,0.75692174509366,141
2022-01-11 06:00:00,Spring,0,0,Clear,25.413455269435367,40.909059170240326,9.857289822107594,239
2022-01-11 07:00:00,Spring,0,0,Clear,17.64437674091061,55.82079194233202,2.9195640375486147,168
2022-01-11 08:00:00,Spring,0,1,Cloudy,19.531819056304144,39.929986479819334,16.280778205245575,201
2022-01-11 09:00:00,Fall,0,0,Cloudy,26.62898323771095,72.39624773965306,17.027714516941884,232
2022-01-11 10:00:00,Summer,0,1,Clear,13.56418215707875,62.120866083699404,38.60729114137212,123
2022-01-11 11:00:00,Spring,0,0,Cloudy,13.014409074435044,68.11940080249926,6.968932503752249,76
2022-01-11 12:00:00,Winter,0,0,Clear,17.082003368269977,41.78921801737267,6.068903676830766,188
2022-01-11 13:00:00,Spring,0,0,Clear,25.191894255096585,42.70475172314517,14.002943266900159,235
2022-01-11 14:00:00,Spring,0,1,Rain,12.403269622615788,32.48983953059438,1.421059421907458,104
2022-01-11 15:00:00,Fall,0,1,Clear,5.839222009447155,49.32405211174378,7.9167666712083085,149
2022-01-11 16:00:00,Fall,0,1,Clear,17.744205707955008,63.5846796800205,7.902036044492414,191
2022-01-11 17:00:00,Summer,0,1,Rain,22.7587039995546,81.47609483983973,0.9373186109627052,150
2022-01-11 18:00:00,Winter,0,0,Cloudy,26.001308748694147,70.01564684752084,5.412574871347138,217
2022-01-11 19:00:00,Fall,0,1,Clear,17.684193189573005,56.12377940398508,19.19261976619523,175
2022-01-11 20:00:00,Spring,0,1,Clear,17.942866964419988,87.18720686364827,19.390093682703647,154
2022-01-11 21:00:00,Summer,0,1,Clear,25.769503671278734,73.1547120345499,1.0451383521476147,186
2022-01-11 22:00:00,Spring,0,0,Cloudy,10.651291501522897,,0.9510317225448017,112
2022-01-11 23:00:00,Spring,0,1,Clear,18.057396124084953,61.65527839632994,3.0475427946301186,168
2022-01-12 00:00:00,Fall,0,0,Clear,20.95211944962529,45.53425648758838,20.775717911851803,228
2022-01-12 01:00:00,Summer,0,1,Snow,22.24609360642517,33.16960118188332,1.3800146575840964,192
2022-01-12 02:00:00,Winter,0,1,Clear,17.450966534045588,73.56509108903103,12.72954256690394,146
2022-01-12 03:00:00,Winter,0,1,Clear,20.172205058529208,37.27817988033205,1.0665648797073595,201
2022-01-12 04:00:00,Fall,0,1,Clear,7.5583632329350525,48.166507696318035,9.75875818212531,172
2022-01-12 05:00:00,Fall,0,1,Cloudy,16.70875793833076,61.94825447303384,4.40161060076273,206
2022-01-12 06:00:00,Summer,0,1,Clear,22.26754356277234,63.86499526678486,15.554894701613511,153
2022-01-12 07:00:00,Winter,0,1,Clear,15.088529828726603,66.03499181922817,2.6616907706852944,134
2022-01-12 08:00:00,Winter,0,1,Cloudy,20.294921107947985,39.97531982098204,10.194365611778085,199
2022-01-12 09:00:00,Winter,0,1,Clear,22.23436250401349,52.784244289298925,2.687720454647362,185
2022-01-12 10:00:00,Spring,0,1,Clear,18.287253995711175,67.031653627018,12.5057635177767,171
2022-01-12 11:00:00,Winter,0,1,Clear,20.852318854982855,88.18913187802708,20.689213499470284,195
2022-01-12 12:00:00,Spring,0,1,Clear,15.186337173576938,73.65786826198132,1.3559271469184235,159
2022-01-12 13:00:00,Summer,0,1,Clear,18.966943601519766,85.35622542563746,20.143708266488368,154
2022-01-12 14:00:00,Spring,0,0,Clear,23.051080847946114,75.73272349885062,9.003564948429716,167
2022-01-12 15:00:00,Summer,0,1,Clear,20.784864804842172,65.50301813354403,1.3594629571954329,120
2022-01-12 16:00:00,Winter,0,0,Clear,17.067343652180323,41.52140214818067,5.578156560250175,161
2022-01-12 17:00:00,Winter,0,1,Cloudy,21.121082021453965,70.00113911355078,1.7537807086470178,164
2022-01-12 18:00:00,Summer,0,1,Snow,23.57304895318309,67.40277395759443,12.051331067717733,191
2022-01-12 19:00:00,Fall,0,1,Cloudy,9.75029360711261,66.14815022743599,14.224113350374882,162
2022-01-12 20:00:00,Summer,0,1,Rain,25.79537032477949,59.387152079294445,1.1182192374809163,162
2022-01-12 21:00:00,Fall,0,1,Clear,18.31872630659464,61.71939623935654,7.055029044960639,175
2022-01-12 22:00:00,Spring,0,1,Snow,22.12744966620115,50.06655162708624,16.853747807542533,166
2022-01-12 23:00:00,Spring,0,1,Clear,25.98623461822614,61.15876155853819,27.51422970318241,208
2022-01-13 00:00:00,Spring,0,0,Snow,13.14163151384767,41.85335434070869,7.205551030906233,179
2022-01-13 01:00:00,Winter,0,1,Snow,16.452794987862266,78.3104638416226,30.01332397244468,141
2022-01-13 02:00:00,Spring,0,0,Cloudy,18.557256520621475,41.14661728192247,7.672006290284822,178
2022-01-13 03:00:00,Fall,0,1,Snow,16.081232394377857,35.097977393367984,5.011896898549628,231
2022-01-13 04:00:00,Spring,0,1,Clear,28.67468287918404,56.17476158142944,18.85212023935859,199
2022-01-13 05:00:00,Summer,0,1,Clear,15.716139530866037,69.49844637036371,6.792101743118284,151
2022-01-13 06:00:00,Summer,0,0,Clear,17.222266102565666,56.26300949601249,6.3847437323723035,143
2022-01-13 07:00:00,Winter,0,0,Clear,21.021945158014884,46.605247917078515,6.739574653890302,199
2022-01-13 08:00:00,Summer,0,1,Clear,13.989252369619557,63.490271033426446,18.75913127444893,141
2022-01-13 09:00:00,Fall,0,0,Cloudy,18.02159644121868,50.82014012473199,17.834433939625093,220
2022-01-13 10:00:00,Spring,0,0,Snow,21.587266306250875,85.97206140759798,5.167095542509633,149
2022-01-13 11:00:00,Winter,0,0,Clear,18.335697978087445,85.35870837621432,4.054148991744415,163
2022-01-13 12:00:00,Spring,0,1,Cloudy,19.53306570550026,60.14230919832573,6.771321564776775,209
2022-01-13 13:00:00,Spring,0,1,Rain,17.353339437758144,49.673039641095514,8.50438643540198,111
2022-01-13 14:00:00,Fall,0,1,Rain,12.427648454096165,74.22794483739835,2.722513548749383,138
2022-01-13 15:00:00,Summer,0,0,Snow,21.607966056696192,32.202776608983996,15.796610985976002,196
2022-01-13 16:00:00,Summer,0,1,Clear,28.774665358236206,58.486140362619075,6.664716878250678,230
2022-01-13 17:00:00,Spring,0,1,Snow,20.09200815391719,50.17940365622001,4.065340018014807,164
2022-01-13 18:00:00,Winter,0,1,Cloudy,21.126320586237746,85.23215310615328,1.129682623868175,106
2022-01-13 19:00:00,Summer,0,0,Clear,23.463613775584296,30.72018163636095,2.729184732281616,229
2022-01-13 20:00:00,Winter,0,0,Clear,13.653347517266504,63.168892543100945,29.814580715645057,151
2022-01-13 21:00:00,Summer,0,0,Cloudy,28.512573290648028,74.43981486399755,3.639868779777241,170
2022-01-13 22:00:00,Winter,1,1,Clear,21.01164398211401,59.10107925144247,1.8495617158605895,163
2022-01-13 23:00:00,Fall,0,1,Cloudy,28.159284495445544,35.1241818097633,6.174328266877547,304
2022-01-14 00:00:00,Winter,0,0,Cloudy,16.334835022380055,88.34768340167413,3.668519016038897,166
2022-01-14 01:00:00,Fall,0,0,Clear,29.090309612789124,61.080625882565876,0.35792217449236685,283
2022-01-14 02:00:00,Fall,0,0,Clear,23.875777470173915,66.85117465914068,3.9029853022980534,232
2022-01-14 03:00:00,Winter,0,1,Cloudy,22.765200429261792,44.19658696245044,7.855007082379247,193
2022-01-14 04:00:00,Fall,0,0,Clear,21.17012227176574,59.00988510640823,8.02320225837003,223
2022-01-14 05:00:00,Spring,0,1,Clear,18.757356909627752,55.74896951749931,4.409248197386067,188
2022-01-14 06:00:00,Fall,0,1,Clear,26.00265829236936,,5.929449070426362,245
2022-01-14 07:00:00,Summer,0,1,Clear,20.701799349240236,36.36962121284803,33.67315458987348,169
2022-01-14 08:00:00,Winter,0,0,Rain,10.164651482064238,80.24835117712647,4.73768270190911,100
2022-01-14 09:00:00,Spring,0,0,Clear,14.414067691464988,44.38919713239542,2.9871176079183073,148
2022-01-14 10:00:00,Winter,0,1,Cloudy,19.070771239036265,41.69749628991784,2.7900918301027677,202
2022-01-14 11:00:00,Summer,0,1,Clear,21.549994915827774,,6.120550779169815,164
2022-01-14 12:00:00,Summer,0,1,Clear,19.71705755550052,76.12482788175078,14.251189713947634,159
2022-01-14 13:00:00,Summer,0,1,Cloudy,26.094853948968314,33.71679111473927,2.3065693647100898,195
2022-01-14 14:00:00,Fall,0,0,Cloudy,10.244490679806876,64.60847517829535,12.354501489768733,169
2022-01-14 15:00:00,Fall,0,1,Clear,20.717939682525802,37.1526265704344,0.21376685292130954,205
2022-01-14 16:00:00,Winter,0,1,Clear,10.910103873064227,32.18766304953711,5.4288917247334965,128
2022-01-14 17:00:00,Winter,0,0,Clear,23.79856147742084,33.164637129733045,14.955070210020512,173
2022-01-14 18:00:00,Spring,0,1,Clear,19.527706427789987,80.04984649250648,4.1359752037536195,171
2022-01-14 19:00:00,Spring,0,1,Cloudy,22.09804986012059,37.07834901768369,8.295102390152554,206
2022-01-14 20:00:00,Winter,0,1,Clear,15.680585197051169,32.70908186473752,2.2938704243742594,127
2022-01-14 21:00:00,Fall,0,1,Clear,26.397324658288756,56.27399322857474,13.547778303680309,280
2022-01-14 22:00:00,Summer,0,1,Clear,25.208623320294258,80.63960831652149,0.5369523280581069,235
2022-01-14 23:00:00,Winter,0,1,Rain,22.917721515059437,45.74450258935812,19.142162628048737,162
2022-01-15 00:00:00,Spring,0,0,Snow,19.352413765682797,55.302757051554984,2.2089157195134463,156
2022-01-15 01:00:00,Fall,0,1,Clear,22.899286426475662,32.39535195382507,20.74637353958813,304
2022-01-15 02:00:00,Winter,0,1,Cloudy,16.465537160063256,56.944710848092555,4.34681646737881,127
2022-01-15 03:00:00,Winter,0,0,Clear,24.27777829510356,64.65678483822802,12.82596094340716,189
2022-01-15 04:00:00,Fall,0,1,Clear,28.247404471619603,64.25442322512869,3.8452386132376466,262
2022-01-15 05:00:00,Winter,0,1,Cloudy,25.35305279989593,49.945601530461914,23.63521270206953,228
2022-01-15 06:00:00,Fall,0,1,Rain,16.351987650962954,48.93199083978813,1.3540414572486228,184
2022-01-15 07:00:00,Summer,1,1,Snow,21.807086586365514,36.39741713619587,1.966474309886321,180
2022-01-15 08:00:00,Fall,0,1,Clear,13.534292281206762,52.007899238776105,6.793036956154765,172
2022-01-15 09:00:00,Fall,0,0,Clear,22.861951555878377,35.96968013237788,0.8549083073875873,239
2022-01-15 10:00:00,Fall,0,0,Cloudy,22.253017064312694,75.9957566827231,2.1813136421354478,203
2022-01-15 11:00:00,Winter,1,0,Clear,10.65091830233918,87.97645786489116,28.782405196407158,110
2022-01-15 12:00:00,Winter,0,1,Clear,14.191080780438181,88.20446740000241,37.50315003428418,115
2022-01-15 13:00:00,Fall,0,1,Clear,18.584305516281166,81.90426596252362,4.720205888706231,172
2022-01-15 14:00:00,Winter,0,0,Cloudy,18.495701264295867,66.04752896037715,25.67671331856038,184
2022-01-15 15:00:00,Spring,0,1,Clear,13.952615322905974,72.0519418346328,7.8707260606076845,123
2022-01-15 16:00:00,Spring,0,1,Clear,21.944893646760917,47.112348160824844,3.143580205799249,160
2022-01-15 17:00:00,Winter,0,1,Rain,21.25736804470256,67.84622521035723,12.120006785882092,138
2022-01-15 18:00:00,Winter,0,1,Clear,19.028654340107405,57.338972966392646,10.75584885891871,167
2022-01-15 19:00:00,Fall,0,0,Clear,16.221042499208185,58.92104038661595,45.21318045769716,166
2022-01-15 20:00:00,Summer,0,1,Clear,25.243535632082818,75.46659362250948,3.079491184502587,195
2022-01-15 21:00:00,Winter,0,1,Clear,28.277035565441476,46.915101335835104,11.149230976089497,196
2022-01-15 22:00:00,Spring,0,1,Clear,17.582192580767316,49.082376701671194,0.5342583508901313,197
2022-01-15 23:00:00,Fall,0,1,Clear,16.939165414225897,85.4785074677182,1.206389033008978,202
2022-01-16 00:00:00,Winter,0,1,Rain,22.456038327059982,33.373457691058334,0.03926071895142886,157
2022-01-16 01:00:00,Spring,0,1,Clear,18.209853101265068,59.13805790480042,75.25203436032187,146
2022-01-16 02:00:00,Spring,0,0,Snow,19.30301399668383,84.76804802447171,16.20871513383434,152
2022-01-16 03:00:00,Summer,0,1,Clear,23.698265758623357,66.62178046908943,15.451635577488867,197
2022-01-16 04:00:00,Fall,0,1,Clear,10.453219562463536,62.784424452727926,7.1279101405241505,170
2022-01-16 05:00:00,Fall,0,1,Clear,26.591511624263347,44.984650753761315,3.567707812530381,256
2022-01-16 06:00:00,Summer,0,0,Clear,20.363402621646706,50.5965293438669,1.6400743025106448,177
2022-01-16 07:00:00,Summer,0,0,Cloudy,17.9425342771891,81.12290494828157,3.350179290243876,137
2022-01-16 08:00:00,Fall,0,0,Clear,19.553829228892756,63.553087906107486,4.7155879297284145,209
2022-01-16 09:00:00,Fall,0,1,Clear,19.812146775102594,60.884531625406794,14.11858751217078,176
2022-01-16 10:00:00,Winter,0,1,Rain,11.343993482775373,35.974782812401735,7.757938181417403,128
2022-01-16 11:00:00,Winter,0,0,Rain,27.47469113726618,30.961689387307388,0.806501542336196,197
2022-01-16 12:00:00,Summer,0,1,Rain,20.20662816135309,87.82111132122294,0.1819351175536264,111
2022-01-16 13:00:00,Winter,0,1,Clear,22.215010652236877,52.619170037210495,1.0795518950794378,222
2022-01-16 14:00:00,Spring,0,1,Cloudy,24.757748852870215,66.19278372597026,5.284783769839866,192
2022-01-16 15:00:00,Winter,0,1,Clear,14.894187712198498,34.782904391237096,27.059461718602286,136
2022-01-16 16:00:00,Winter,0,1,Clear,22.367359495176142,70.98685714338279,10.144618235122163,193
2022-01-16 17:00:00,Spring,0,1,Clear,18.661794545506034,85.95400252235765,16.186093410817165,158
2022-01-16 18:00:00,Summer,0,0,Clear,24.23385387608247,64.53991517984518,6.280611740158921,196
2022-01-16 19:00:00,Spring,0,1,Clear,9.363862898242523,37.566919342524635,4.488937519811548,119
2022-01-16 20:00:00,Winter,0,1,Clear,19.504528498793654,64.90329164840861,1.1473809550171603,174
2022-01-16 21:00:00,Summer,0,1,Rain,16.98589672108019,75.98083278627914,20.869337155425406,111
2022-01-16 22:00:00,Winter,0,1,Clear,22.161314753170778,54.38499219444112,15.285956584578503,194
2022-01-16 23:00:00,Spring,0,1,Clear,22.350220936841012,82.79026487648807,1.8406479246399878,132
2022-01-17 00:00:00,Spring,0,0,Clear,16.46187052588987,68.92097720144187,7.1797395809636475,139
2022-01-17 01:00:00,Winter,0,1,Rain,16.43913067911978,83.95493509735215,6.682103205735585,144
2022-01-17 02:00:00,Fall,0,0,Clear,19.446673157213354,67.41031867484023,9.810734233162785,198
2022-01-17 03:00:00,Fall,0,0,Clear,15.516788863423958,37.877278320289456,29.222382353711627,196
2022-01-17 04:00:00,Spring,0,1,Cloudy,24.209918477260636,48.58150266631135,8.669565294405698,187
2022-01-17 05:00:00,Spring,0,1,Cloudy,18.15396399776277,42.10769689514741,7.7700122016074324,145
2022-01-17 06:00:00,Fall,0,0,Clear,5.4650589033917925,84.52958986301174,0.5163328158155662,90
2022-01-17 07:00:00,Fall,0,1,Cloudy,18.12588971689097,75.62400403724897,0.6497325670727883,198
2022-01-17 08:00:00,Winter,0,1,Cloudy,14.807280895780139,70.58390213460036,2.07450818033424,141
2022-01-17 09:00:00,Winter,0,0,Cloudy,11.843620922695273,48.0579791778973,0.3300964439678932,134
2022-01-17 10:00:00,Fall,0,1,Clear,13.812866808887136,41.04268632301281,13.600532722136844,195
2022-01-17 11:00:00,Winter,0,1,Rain,20.547042359164852,75.3870652793347,12.849309175001373,135
2022-01-17 12:00:00,Winter,0,1,Clear,26.643204141241156,58.44947675274478,1.4624759844401152,224
2022-01-17 13:00:00,Summer,0,0,Clear,21.565922369324902,43.54737312903775,18.083700693350846,182
2022-01-17 14:00:00,Winter,0,1,Clear,16.967483058921303,66.99731868991651,1.6816547047814727,139
2022-01-17 15:00:00,Spring,0,1,Clear,22.279520975853515,32.420031128307116,3.583557657247977,189
2022-01-17 16:00:00,Winter,0,1,Clear,17.70454844890504,49.57021524769521,2.8631886758637757,175
2022-01-17 17:00:00,Winter,0,0,Cloudy,16.526998154184277,58.11341967546808,4.657042425851867,181
2022-01-17 18:00:00,Fall,0,1,Clear,14.228186658835078,38.87750004656435,2.9391984146417465,189
2022-01-17 19:00:00,Spring,0,0,Clear,11.240855966241405,89.07926865545038,6.712896590224158,113
2022-01-17 20:00:00,Winter,0,1,Clear,18.050381467202772,42.54584187537685,5.2324894355089935,175
2022-01-17 21:00:00,Winter,0,0,Clear,20.79026744960066,37.82118780259593,43.10226352511046,165
2022-01-17 22:00:00,Summer,0,1,Snow,19.51688164992555,42.21209243321378,0.5755109694799061,176
2022-01-17 23:00:00,Winter,0,1,Clear,17.920165360263205,76.14366798958346,1.5336259623197113,122
2022-01-18 00:00:00,Winter,0,1,Clear,15.271269696516095,55.530339556310565,0.5427235254511537,113
2022-01-18 01:00:00,Summer,0,0,Clear,23.041230958424844,63.92495638515228,9.830749593433282,190
2022-01-18 02:00:00,Fall,0,1,Clear,13.414340400267076,31.260549419181643,0.5605120310915178,193
2022-01-18 03:00:00,Winter,0,1,Clear,23.880139569217377,32.065878514398875,18.105737778139797,207
2022-01-18 04:00:00,Summer,0,1,Cloudy,14.988914905366375,56.749532989620974,7.173141242363849,146
2022-01-18 05:00:00,Spring,0,1,Snow,16.237823813234826,78.99931459209742,7.486760102428195,122
2022-01-18 06:00:00,Fall,0,1,Clear,12.666074046921615,83.11433272245392,8.246110153980522,170
2022-01-18 07:00:00,Spring,0,1,Cloudy,17.492989265571815,35.20239405573841,1.8731042811116805,145
2022-01-18 08:00:00,Spring,0,1,Cloudy,24.876562292389895,62.301786126061366,2.2026058993695665,221
2022-01-18 09:00:00,Summer,0,1,Cloudy,22.578140442219784,84.79378117675623,3.8392476045383312,143
2022-01-18 10:00:00,Winter,0,1,Clear,24.892110560140175,53.278365263873184,9.001625328667256,193
2022-01-18 11:00:00,Summer,0,1,Clear,22.61071272966968,79.77394988570211,2.358714281037408,152
2022-01-18 12:00:00,Summer,0,1,Clear,14.481650857348153,38.02173926396617,1.2367354370907595,164
2022-01-18 13:00:00,Summer,0,0,Cloudy,18.346053878362213,86.12366938006792,35.10461721282547,142
2022-01-18 14:00:00,Summer,0,1,Cloudy,16.099004354412685,75.08539905187816,0.22227014856001653,132
2022-01-18 15:00:00,Fall,0,1,Clear,26.6528745201952,86.4800635672141,16.230167151835854,257
2022-01-18 16:00:00,Winter,0,1,Clear,14.016056767868442,70.59703401315039,15.513348179386242,135
2022-01-18 17:00:00,Spring,0,0,Rain,24.468488446945553,51.80423591996562,3.5270300517747204,176
2022-01-18 18:00:00,Spring,0,1,Cloudy,24.464769350543847,86.29087035148335,1.4575044613225283,159
2022-01-18 19:00:00,Winter,0,1,Snow,29.148101008580436,46.53400657855071,1.5738933978565648,194
2022-01-18 20:00:00,Spring,0,1,Cloudy,17.951567036852513,49.93035132370395,11.954479683386385,166
2022-01-18 21:00:00,Winter,0,0,Clear,23.561610797900812,72.04850508010442,10.294778822389869,175
2022-01-18 22:00:00,Spring,0,1,Clear,31.408259182694213,75.91897797152318,15.266866036488427,231
2022-01-18 23:00:00,Summer,0,1,Cloudy,16.911791615331516,85.76420903094923,27.722875259896007,140
2022-01-19 00:00:00,Spring,1,1,Clear,12.324798762338201,42.28814454337257,11.774196902628969,144
2022-01-19 01:00:00,Winter,0,1,Clear,10.599949830461181,77.87988211315343,1.6942689529567185,81
2022-01-19 02:00:00,Winter,0,1,Cloudy,23.563560144306656,,2.789768950487199,218
2022-01-19 03:00:00,Winter,0,1,Clear,10.58424895970708,33.82767337521587,18.463871430522527,132
2022-01-19 04:00:00,Winter,0,0,Cloudy,18.138404735310385,53.23338847261242,2.3484433405544216,178
2022-01-19 05:00:00,Winter,0,1,Clear,22.186565935194803,46.96592742360592,0.752865461964761,170
2022-01-19 06:00:00,Fall,0,1,Snow,20.92587768414957,48.26942546124182,12.149665279329646,236
2022-01-19 07:00:00,Fall,0,0,Clear,22.12722432092086,88.97681277328205,5.150451057562609,190
2022-01-19 08:00:00,Spring,0,0,Clear,21.11144927900427,68.56664480879567,25.262294265025247,180
2022-01-19 09:00:00,Winter,0,1,Cloudy,26.394329066566968,73.06056946760998,10.505511647372622,188
2022-01-19 10:00:00,Spring,0,1,Clear,15.238418096306015,88.59705823890056,0.9477120065051476,132
2022-01-19 11:00:00,Winter,0,1,Cloudy,16.615024307707344,52.632106947458325,29.53757035544998,170
2022-01-19 12:00:00,Winter,0,1,Cloudy,16.13670277364588,78.11041010716835,2.991573471431959,116
2022-01-19 13:00:00,Fall,0,1,Clear,24.150959059313053,56.07185779826972,4.113008385172028,229
2022-01-19 14:00:00,Fall,0,1,Clear,24.501992941975317,82.1720203088988,5.146000942652068,240
2022-01-19 15:00:00,Summer,0,0,Clear,22.25612659659254,40.83945247867819,0.5258285857531576,232
2022-01-19 16:00:00,Fall,0,1,Clear,25.917468334449637,,6.862021973434834,233
2022-01-19 17:00:00,Summer,0,1,Rain,14.109795663118096,43.126302504652784,1.3161151228938672,130
2022-01-19 18:00:00,Summer,0,0,Cloudy,28.336120557755685,49.57323041885589,5.124441440107727,214
2022-01-19 19:00:00,Summer,0,0,Cloudy,27.61619310856129,75.37153404640682,4.318754942649553,239
2022-01-19 20:00:00,Summer,0,1,Cloudy,23.678109986228733,53.6253084939244,14.821010312317478,156
2022-01-19 21:00:00,Summer,0,1,Clear,28.9089945438553,66.4926826059868,16.254174663241876,213
2022-01-19 22:00:00,Spring,0,1,Rain,11.716883961611131,56.67441006416571,1.6654216762942924,67
2022-01-19 23:00:00,Fall,0,1,Cloudy,17.377759318686742,,4.565760833998401,149
2022-01-20 00:00:00,Summer,0,1,Cloudy,16.32348269659024,43.69987514211665,4.673721522712178,165
2022-01-20 01:00:00,Winter,0,1,Rain,23.607396618786716,33.50747923421262,1.6417965354404886,174
2022-01-20 02:00:00,Fall,0,1,Clear,14.749296301989272,47.99576384838397,16.017351800499128,194
2022-01-20 03:00:00,Fall,0,1,Cloudy,23.787475746687427,58.45851989210581,12.283622513549934,237
2022-01-20 04:00:00,Summer,0,0,Clear,26.852680719983567,40.08120313156071,2.1119248353923976,276
2022-01-20 05:00:00,Spring,0,1,Clear,23.476014500419996,51.28783737938332,4.568456303954298,186
2022-01-20 06:00:00,Summer,0,1,Clear,21.418755118307505,53.99898109761411,1.118314345857824,190
2022-01-20 07:00:00,Spring,0,1,Snow,15.060633295496254,33.44351062129641,9.894169475129024,145
2022-01-20 08:00:00,Winter,0,1,Rain,15.765745169373176,64.99843489105227,1.293935931918604,122
2022-01-20 09:00:00,Fall,0,1,Cloudy,26.248094526483335,83.06060567827726,42.64006729289723,234
2022-01-20 10:00:00,Winter,0,0,Cloudy,23.896745019526662,39.104574777183146,15.17232888129288,191
2022-01-20 11:00:00,Spring,0,1,Clear,19.80490240311228,65.86848080409084,4.946874631923913,202
2022-01-20 12:00:00,Spring,0,1,Rain,17.91045227117055,69.88435229465077,8.640871910500847,148
2022-01-20 13:00:00,Winter,0,0,Clear,9.870960634443115,55.1600808251573,24.22966935059001,124
2022-01-20 14:00:00,Spring,0,0,Clear,14.645737906577807,72.0658552418562,8.07658953525891,91
2022-01-20 15:00:00,Winter,0,1,Clear,29.557095435698617,54.64389260946072,1.9176418206573729,213
2022-01-20 16:00:00,Fall,0,0,Cloudy,13.597722144987667,60.278237278646095,4.759466228302757,241
2022-01-20 17:00:00,Winter,0,1,Cloudy,20.947399106105404,30.44118267326562,18.52432606785986,184
2022-01-20 18:00:00,Fall,0,0,Clear,25.03721986597599,71.50320684808133,10.334230867400066,261
2022-01-20 19:00:00,Winter,0,1,Clear,13.725386659988537,,10.518939387495529,162
2022-01-20 20:00:00,Spring,0,0,Cloudy,20.923552373905416,32.304052639580675,20.160648378543687,192
2022-01-20 21:00:00,Winter,0,1,Clear,24.689577687553275,52.09500644370799,22.440620422850014,180
2022-01-20 22:00:00,Spring,0,1,Cloudy,20.06249660953625,88.74191044750005,25.231391471947113,107
2022-01-20 23:00:00,Winter,0,1,Snow,34.34201527833384,55.244193754117006,0.9965371187533156,257
2022-01-21 00:00:00,Winter,0,0,Clear,11.657003705609023,60.1167243079105,7.855388277457019,111
2022-01-21 01:00:00,Summer,0,1,Clear,25.293642649419397,84.5958094895831,13.490352676786701,187
2022-01-21 02:00:00,Spring,0,1,Cloudy,19.135991313017676,73.03571255194538,14.143928320876784,134
2022-01-21 03:00:00,Summer,0,1,Cloudy,23.859600774183377,64.92420786745342,9.33223795333167,181
2022-01-21 04:00:00,Spring,0,0,Clear,22.20653575849623,77.86828088046435,1.8246636949921733,172
2022-01-21 05:00:00,Summer,0,0,Snow,16.334219014450017,81.86197598735839,15.96623143161346,146
2022-01-21 06:00:00,Fall,0,1,Clear,21.1449819622967,57.413284304236015,12.733633745807946,204
2022-01-21 07:00:00,Winter,0,1,Clear,10.710492743008563,58.50650189591012,0.9007326511467504,148
2022-01-21 08:00:00,Spring,0,1,Cloudy,23.016237502856967,53.16305613911015,6.232663761276579,176
2022-01-21 09:00:00,Spring,0,1,Rain,21.49079232995263,88.00236840110763,1.911331444817253,99
2022-01-21 10:00:00,Winter,0,1,Clear,23.19330084321551,71.82997525742103,4.117000737415673,177
2022-01-21 11:00:00,Spring,0,0,Cloudy,25.290591625435752,34.99338397248434,0.18246552658334125,209
2022-01-21 12:00:00,Spring,0,1,Clear,21.838099201048554,81.7775773987811,5.113755556354032,171
2022-01-21 13:00:00,Summer,0,0,Clear,20.740447098991382,58.83359645017609,7.982342250726595,201
2022-01-21 14:00:00,Spring,0,1,Clear,15.59465831669354,34.125234385349245,9.664861891767073,156
2022-01-21 15:00:00,Fall,0,1,Rain,16.438896181754746,62.983035309798666,10.891284382694685,168
2022-01-21 16:00:00,Fall,0,1,Clear,25.933673100886654,55.02985673854212,18.0966673005368,230
2022-01-21 17:00:00,Winter,0,0,Clear,27.181677028529894,82.66496429175749,2.4266142593283737,210
2022-01-21 18:00:00,Spring,1,0,Clear,18.80944781843973,,1.283810469549652,176
2022-01-21 19:00:00,Winter,0,0,Rain,20.230013736266372,79.58787656953098,19.074206678845616,122
2022-01-21 20:00:00,Fall,0,0,Cloudy,15.476928125031169,63.461321471127164,1.7032913210886145,157
2022-01-21 21:00:00,Spring,0,0,Cloudy,25.863784226337224,,36.79328463826016,241
2022-01-21 22:00:00,Spring,0,1,Clear,23.32708411845889,88.31071807952908,18.485725765198076,147
2022-01-21 23:00:00,Winter,0,0,Cloudy,29.706087182318747,60.756914646191994,6.949019310135927,206
2022-01-22 00:00:00,Fall,0,0,Clear,15.608384614101306,47.45261125389495,39.85746239712025,211
2022-01-22 01:00:00,Spring,0,1,Cloudy,18.109960504908916,58.164410519355485,1.024500098564475,137
2022-01-22 02:00:00,Winter,0,1,Rain,21.157229612627862,81.47146701104934,3.6106422156098716,105
2022-01-22 03:00:00,Fall,0,1,Clear,23.232447688628852,,10.167311904444862,199
2022-01-22 04:00:00,Winter,0,0,Cloudy,18.92166181226184,41.56058378920202,4.307934830300976,188
2022-01-22 05:00:00,Summer,0,1,Clear,15.635194547731498,37.74427481585289,26.36276926252649,148
2022-01-22 06:00:00,Spring,0,0,Clear,24.407037644617855,47.87156390341268,0.6787858700878611,256
2022-01-22 07:00:00,Summer,1,0,Clear,23.605676812727907,76.80288522240261,7.972015097862858,159
2022-01-22 08:00:00,Fall,0,1,Clear,15.418629497181374,58.2975819117157,8.937132017998028,179
2022-01-22 09:00:00,Summer,0,0,Clear,26.77721400552748,43.6488962216124,10.576473008502889,200
2022-01-22 10:00:00,Summer,0,1,Cloudy,25.85099354598302,39.97109997658495,2.9526572019694037,214
2022-01-22 11:00:00,Fall,0,1,Clear,20.671482486238965,49.96376859062275,4.534477217780776,218
2022-01-22 12:00:00,Winter,0,1,Cloudy,20.39798931188018,86.39546237314252,18.558534790312862,171
2022-01-22 13:00:00,Summer,0,1,Clear,22.770288855579537,50.58160275540146,2.168419096436577,168
2022-01-22 14:00:00,Winter,0,0,Clear,15.69148464871871,89.28744455727812,17.537000869278753,106
2022-01-22 15:00:00,Summer,0,1,Cloudy,20.15015739582041,59.11382734592137,8.270338886506579,135
2022-01-22 16:00:00,Winter,0,1,Clear,9.2380822769541,40.749835097409054,14.362727779971749,81
2022-01-22 17:00:00,Fall,0,1,Clear,24.38227822751468,,12.50391564420102,219
2022-01-22 18:00:00,Summer,0,1,Cloudy,12.192533887790702,57.62132238808961,2.32577278553416,126
2022-01-22 19:00:00,Fall,1,0,Clear,27.517099142144996,72.58028061027147,8.412127970078872,238
2022-01-22 20:00:00,Summer,0,1,Clear,18.349399530167748,89.0226949925491,20.228582254819823,172
2022-01-22 21:00:00,Fall,0,0,Clear,18.941665090344117,33.01052101919844,5.658385234599873,252
2022-01-22 22:00:00,Fall,0,1,Rain,16.86133046957747,35.80167358725403,33.98923076555259,179
2022-01-22 23:00:00,Summer,0,1,Cloudy,18.55980563038962,73.22740448776537,6.018725875234385,120
2022-01-23 00:00:00,Summer,0,0,Cloudy,27.092656725740184,46.90950019772832,1.540672594193694,200
2022-01-23 01:00:00,Summer,0,1,Cloudy,7.560956717324602,41.058083817005944,4.93369997015077,105
2022-01-23 02:00:00,Spring,0,0,Clear,26.384826930440937,32.36171278918377,30.303735413150065,202
2022-01-23 03:00:00,Winter,0,1,Clear,21.69011740550854,31.31080271917211,3.8525204937380675,178
2022-01-23 04:00:00,Spring,0,1,Cloudy,13.964891760713922,76.46913618718744,20.256972683862262,118
2022-01-23 05:00:00,Spring,0,1,Clear,14.62343803475381,38.066005642172996,21.30740576562935,146
2022-01-23 06:00:00,Fall,0,1,Clear,28.381965136041018,58.06323695826905,4.3106991778420936,250
2022-01-23 07:00:00,Summer,0,1,Clear,15.272465600286344,66.35380891076898,0.8692882554323832,147
2022-01-23 08:00:00,Winter,0,0,Clear,14.233247447020203,55.701108034130776,12.893778690672981,150
2022-01-23 09:00:00,Fall,0,0,Snow,25.686572711823647,31.626399140173987,3.732578244646098,244
2022-01-23 10:00:00,Spring,0,0,Clear,21.692764381429573,77.01009015527453,15.275059793523484,195
2022-01-23 11:00:00,Summer,0,0,Clear,15.310372117318007,30.63079347249921,5.84570568956086,141
2022-01-23 12:00:00,Fall,0,1,Clear,21.083124877023096,75.71339366264904,6.641064587952706,185
2022-01-23 13:00:00,Summer,0,1,Snow,14.871236581798613,83.59826962728737,15.046699026416272,140
2022-01-23 14:00:00,Fall,0,1,Clear,25.504106992113027,55.97039526343033,4.818549087530512,233
2022-01-23 15:00:00,Summer,0,0,Clear,25.30685482436567,62.13254838586789,5.854186923446787,201
2022-01-23 16:00:00,Spring,0,1,Cloudy,22.660030994109714,,4.719101956202916,135
2022-01-23 17:00:00,Winter,0,1,Cloudy,21.808305306235084,53.35251711740633,4.578229404056283,210
2022-01-23 18:00:00,Spring,0,0,Clear,28.80594062433687,83.24547212222161,7.464352566790663,215
2022-01-23 19:00:00,Winter,0,1,Clear,19.998431636941127,83.63601064019943,16.54432373040347,128
2022-01-23 20:00:00,Summer,0,1,Clear,14.090629372895993,50.14898187849207,4.490539141026324,115
2022-01-23 21:00:00,Fall,0,0,Clear,22.247369564161534,66.90418524088187,7.42872695162486,261
2022-01-23 22:00:00,Spring,0,1,Clear,30.43023524768557,85.61445372875184,11.108690734334095,194
2022-01-23 23:00:00,Winter,0,1,Clear,14.92620253407074,87.7235099364811,3.1394315773425765,114
2022-01-24 00:00:00,Spring,0,0,Clear,18.19268616653007,60.537542425322854,3.2506942337244356,115
2022-01-24 01:00:00,Winter,0,1,Clear,22.082230190507264,57.1694883170596,27.092478233173118,174
2022-01-24 02:00:00,Spring,1,1,Cloudy,19.730475754971305,46.72165895571155,12.856695050099072,170
2022-01-24 03:00:00,Winter,0,1,Snow,15.088482098113428,87.5323123914246,8.608245122926814,145
2022-01-24 04:00:00,Winter,0,1,Cloudy,25.609289281152353,38.56885826837204,10.433291195260189,180
2022-01-24 05:00:00,Summer,0,1,Clear,31.600203610086297,64.7897745628635,0.2973724455794852,195
2022-01-24 06:00:00,Winter,0,1,Clear,20.980657295119535,46.95301605111833,9.626042500641285,190
2022-01-24 07:00:00,Summer,0,1,Snow,15.479658551319998,46.7404974208678,7.1234809030182,174
2022-01-24 08:00:00,Winter,0,0,Clear,12.255197374732624,54.298115242571306,7.891068667626502,102
2022-01-24 09:00:00,Fall,1,1,Clear,21.289879906105906,89.92757614893927,4.453872370520719,233
2022-01-24 10:00:00,Fall,0,1,Clear,25.519386716581288,33.29797841038933,0.8498495634527712,261
2022-01-24 11:00:00,Fall,0,1,Cloudy,22.375838732476907,64.71250909221189,2.14852062921371,251
2022-01-24 12:00:00,Winter,0,0,Cloudy,19.98798079540573,34.954329482116634,30.107385711896026,181
2022-01-24 13:00:00,Summer,0,1,Clear,17.053641741053468,39.27124979943114,5.254310358730866,115
2022-01-24 14:00:00,Summer,0,0,Clear,14.53918183640955,56.37377650637392,6.286395770831904,141
2022-01-24 15:00:00,Winter,0,0,Snow,24.17375663162441,60.62760788078648,0.5414978063461413,211
2022-01-24 16:00:00,Fall,0,0,Clear,24.568858106927927,,0.3829002510353262,232
2022-01-24 17:00:00,Fall,0,1,Cloudy,12.271351066546334,48.987427852464975,12.629497426093293,179
2022-01-24 18:00:00,Summer,0,1,Cloudy,27.94919489090342,35.21802121535598,7.723953095904596,218
2022-01-24 19:00:00,Fall,0,1,Cloudy,22.870356104470005,48.19318703065503,7.107125202527044,182
2022-01-24 20:00:00,Spring,0,0,Clear,26.997973225728966,87.99350636283265,2.7855654425901073,224
2022-01-24 21:00:00,Summer,0,1,Clear,13.289361257574424,86.6824429003489,13.655146882682956,105
2022-01-24 22:00:00,Fall,1,1,Clear,13.170879222922807,50.092697408219095,1.8420722848603805,200
2022-01-24 23:00:00,Summer,0,1,Rain,19.255153451163515,64.2512361767257,2.106404711792508,132
2022-01-25 00:00:00,Spring,0,0,Rain,22.51392213447597,84.57572346665665,6.175058456833166,165
2022-01-25 01:00:00,Summer,0,1,Clear,28.98180411463482,30.3710293584538,3.372643572226335,237
2022-01-25 02:00:00,Summer,0,1,Clear,23.530394569075657,78.64101422025551,2.843050891945535,173
2022-01-25 03:00:00,Summer,0,1,Rain,18.786593615939832,86.90217316733515,10.363071349461798,102
2022-01-25 04:00:00,Summer,0,0,Cloudy,14.86815396167054,35.479544060013424,10.52602400797549,172
2022-01-25 05:00:00,Spring,0,0,Rain,26.150002863595752,39.68686116197526,17.40213504623909,143
2022-01-25 06:00:00,Winter,0,1,Clear,15.176472871246425,87.64477816628133,5.4078421254846765,144
2022-01-25 07:00:00,Summer,0,1,Clear,28.142342773861607,62.25240861842078,0.7589350945912952,187
2022-01-25 08:00:00,Summer,0,1,Cloudy,18.578076751967455,30.851798068303424,3.1974584480500132,202
2022-01-25 09:00:00,Fall,0,1,Cloudy,27.952910363089252,45.45791992581175,39.12296202583937,270
2022-01-25 10:00:00,Summer,0,0,Clear,23.39465645029639,56.99662045613158,9.069806436372655,201
2022-01-25 11:00:00,Fall,0,1,Clear,19.31502255278771,,12.369681625845129,212
2022-01-25 12:00:00,Winter,1,1,Clear,17.403018140869367,73.98962268820797,0.07385031969425601,114
2022-01-25 13:00:00,Spring,0,1,Clear,18.2954606132696,89.72529077552737,7.3023808630369125,129
2022-01-25 14:00:00,Spring,0,1,Clear,22.141583461876188,47.25067196302554,0.38250987322470087,200
2022-01-25 15:00:00,Winter,0,1,Snow,20.385782481088583,62.293206112108514,8.42181466362131,174
2022-01-25 16:00:00,Spring,0,0,Clear,17.030942959656475,61.9994128715763,25.35410987728715,177
2022-01-25 17:00:00,Winter,0,1,Cloudy,19.17184294841184,54.33871556683425,34.55203737297697,176
2022-01-25 18:00:00,Winter,0,0,Clear,20.39288514859575,,7.777309800773883,162
2022-01-25 19:00:00,Winter,0,1,Cloudy,9.35632952792594,88.64739379103055,6.128672184221816,86
2022-01-25 20:00:00,Spring,0,1,Snow,22.290840573943495,81.19903119999516,29.007329465774735,172
2022-01-25 21:00:00,Fall,0,1,Clear,15.101393876415965,59.89998169765423,11.196617788847723,149
2022-01-25 22:00:00,Winter,0,1,Clear,14.233337983971275,66.19472536104179,0.6710103307627977,171
2022-01-25 23:00:00,Summer,0,1,Clear,11.56327826444645,43.63566321357974,6.268456725239999,144
2022-01-26 00:00:00,Spring,0,1,Clear,11.03053751066055,62.62722422350481,2.7475929039765354,148
2022-01-26 01:00:00,Winter,1,1,Cloudy,13.222762484438555,71.69820798728855,6.345091357614874,98
2022-01-26 02:00:00,Winter,0,0,Rain,16.45489521184755,60.910021703195326,6.078241099695139,146
2022-01-26 03:00:00,Summer,0,1,Clear,29.76629568763284,,8.726203246911183,248
2022-01-26 04:00:00,Fall,1,1,Clear,17.37060162052398,66.68049937486357,4.412536827376751,177
2022-01-26 05:00:00,Fall,0,1,Clear,20.888750531340158,52.25842275553014,1.7945022237007116,243
2022-01-26 06:00:00,Fall,0,1,Cloudy,22.002406932531642,,7.006138561116622,221
2022-01-26 07:00:00,Winter,0,1,Clear,20.655325931079243,40.227750694898525,17.731509919733245,152
2022-01-26 08:00:00,Winter,0,0,Clear,19.612782696370033,53.070948822375996,10.906805127395165,181
2022-01-26 09:00:00,Winter,0,1,Cloudy,14.023531182003776,50.81753702265515,4.130455662061055,161
2022-01-26 10:00:00,Spring,0,0,Cloudy,27.25463774139606,55.90842570646664,27.41447060897155,196
2022-01-26 11:00:00,Summer,0,0,Clear,29.035983218189426,76.90678955572358,24.3278001496574,230
2022-01-26 12:00:00,Winter,0,0,Cloudy,11.586706529386571,59.050381929804445,2.3489786258445373,95
2022-01-26 13:00:00,Summer,0,1,Clear,14.879857045568102,77.64086701595777,0.4021549631119339,105
2022-01-26 14:00:00,Summer,0,1,Clear,18.60094828811497,64.58933418839194,13.521198523233412,163
2022-01-26 15:00:00,Fall,0,0,Rain,15.177311025449043,50.52416607945332,17.579974431107004,171
2022-01-26 16:00:00,Spring,0,1,Cloudy,22.529827767279325,78.59872462100834,34.37795993212773,159
2022-01-26 17:00:00,Winter,0,1,Clear,16.358638987966934,44.29738023318549,22.057886916943296,175
2022-01-26 18:00:00,Fall,0,0,Clear,30.825280339033014,43.46297878798773,9.176285468657426,293
2022-01-26 19:00:00,Fall,0,1,Clear,25.95274297171798,60.27017544329014,7.5513395050536305,266
2022-01-26 20:00:00,Winter,0,1,Clear,21.062870153161075,45.65095475772534,0.28235960383236114,180
2022-01-26 21:00:00,Summer,1,1,Clear,25.13493131659866,30.54522209707298,2.832339093406837,222
2022-01-26 22:00:00,Fall,0,1,Clear,25.529502121786543,68.89785163792808,6.154729710720278,234
2022-01-26 23:00:00,Summer,0,1,Clear,17.180262559708783,60.66562928834388,9.902169130855343,196
2022-01-27 00:00:00,Spring,0,1,Cloudy,15.918913777290175,56.73106886958967,8.14754143080812,134
2022-01-27 01:00:00,Summer,0,1,Cloudy,20.390715314848237,88.01811087709892,13.572638136490333,200
2022-01-27 02:00:00,Spring,0,1,Cloudy,24.308180622489722,64.27195103777481,3.281804122525437,190
2022-01-27 03:00:00,Summer,0,0,Clear,20.695301993267087,81.80589466736308,8.323003059024982,135
2022-01-27 04:00:00,Fall,0,1,Snow,12.115017589045014,38.36701417230961,0.9227126970243187,218
2022-01-27 05:00:00,Fall,0,1,Cloudy,15.985877780245788,64.15238778776566,5.338648733691773,200
2022-01-27 06:00:00,Spring,0,0,Cloudy,19.63013568202811,82.07877760385418,13.869378999650051,174
2022-01-27 07:00:00,Winter,0,0,Cloudy,19.62167197837085,64.98634543679388,11.822140960742074,190
2022-01-27 08:00:00,Spring,0,1,Rain,29.862710883949042,73.08085068762009,46.71602464184588,189
2022-01-27 09:00:00,Spring,0,1,Clear,13.07006028800501,52.32261406873244,3.2557935642692977,127
2022-01-27 10:00:00,Summer,0,1,Clear,22.527946209179373,35.546971022224,6.895323203947223,214
2022-01-27 11:00:00,Summer,0,1,Cloudy,27.44556554164145,57.474017707624284,3.9977693713109668,208
2022-01-27 12:00:00,Spring,0,0,Cloudy,31.35724872711398,53.668763450331454,5.80896065014139,243
2022-01-27 13:00:00,Fall,0,1,Cloudy,17.978012884080194,82.02361094273684,19.445619673465355,155
2022-01-27 14:00:00,Summer,0,0,Clear,22.457147263600998,44.639718141148336,11.526749147124844,198
2022-01-27 15:00:00,Winter,0,1,Clear,22.848801785993235,88.00405365210648,21.408165714363392,157
2022-01-27 16:00:00,Summer,0,1,Clear,20.977408657766453,87.48828718826977,2.2754209615977765,194
2022-01-27 17:00:00,Summer,0,1,Rain,19.50577399380347,44.85789858428632,20.664156903706218,157
2022-01-27 18:00:00,Winter,0,1,Clear,22.17987694750023,50.88311732863923,0.6162253588162449,190
2022-01-27 19:00:00,Spring,0,1,Clear,7.338769573901573,83.7333444524331,21.94621492238292,104
2022-01-27 20:00:00,Winter,0,1,Clear,23.410347450313157,87.99733325376644,3.9909610254281986,153
2022-01-27 21:00:00,Spring,0,1,Clear,20.630889518309836,56.60634617016264,3.7773462683026224,207
2022-01-27 22:00:00,Spring,0,1,Rain,18.887625516108674,49.25982273845387,7.1762139923226576,179
2022-01-27 23:00:00,Spring,0,1,Cloudy,30.23431097859779,61.56564079509252,28.249805182559133,228
2022-01-28 00:00:00,Winter,0,1,Cloudy,16.625329906047238,71.2661523819441,0.489606116102474,179
2022-01-28 01:00:00,Spring,0,1,Clear,17.984620054674846,46.408470922498786,4.342210891811812,155
2022-01-28 02:00:00,Fall,0,1,Cloudy,29.95776651102367,74.18839047714437,19.419220329561004,246
2022-01-28 03:00:00,Winter,0,0,Clear,15.839693475750718,33.099441426878464,5.04271279544665,163
2022-01-28 04:00:00,Fall,0,1,Cloudy,17.249423585317306,32.95766956586499,2.2209022825010862,228
2022-01-28 05:00:00,Spring,0,1,Clear,19.26487288284575,53.177262308732715,5.5302735672140955,161
2022-01-28 06:00:00,Summer,0,0,Clear,24.203672410647748,51.208391523643236,4.870317913667741,206
2022-01-28 07:00:00,Spring,0,0,Cloudy,21.039012536766567,48.93799292202914,24.700125374083306,186
2022-01-28 08:00:00,Fall,0,0,Rain,13.536873264238686,,14.352089111459303,137
2022-01-28 09:00:00,Fall,0,1,Clear,17.33915718436405,49.24401493869428,7.03430989613681,222
2022-01-28 10:00:00,Winter,0,1,Cloudy,16.963227833938944,41.535475108085514,44.54216042922717,181
2022-01-28 11:00:00,Summer,0,1,Clear,19.613894773884773,48.56817294531605,6.260074167319419,177
2022-01-28 12:00:00,Winter,0,1,Clear,22.129218293149144,88.49425636861409,0.6000251061428592,189
2022-01-28 13:00:00,Fall,0,1,Clear,22.09102877943986,54.66680501969091,3.0418323325927004,208
2022-01-28 14:00:00,Spring,0,1,Clear,11.11994122975799,56.68276661150014,5.728260002207045,136
2022-01-28 15:00:00,Summer,0,1,Clear,25.319704937804282,64.5926993970684,1.7067281655523159,170
2022-01-28 16:00:00,Spring,0,1,Clear,21.262844229983116,89.0004461048536,29.481833808536816,139
2022-01-28 17:00:00,Spring,0,1,Clear,26.92266023796953,44.49607658614578,14.560685283865173,199
2022-01-28 18:00:00,Summer,0,1,Rain,22.22099163645336,70.87692663194602,3.123671923215122,126
2022-01-28 19:00:00,Winter,0,0,Clear,25.50661478867881,72.95908161250344,8.935623239443268,180
2022-01-28 20:00:00,Spring,0,1,Cloudy,22.332726557250634,66.43946500758395,12.781546765266114,174
2022-01-28 21:00:00,Fall,0,1,Clear,26.73112878101374,35.314700378198644,28.349566541541908,282
2022-01-28 22:00:00,Spring,0,1,Cloudy,22.611253180088895,70.61233654965459,21.33985158334065,171
2022-01-28 23:00:00,Summer,1,0,Clear,19.51042376778548,33.84568266217053,7.2400280916214115,148
2022-01-29 00:00:00,Summer,0,0,Clear,31.362173602234407,65.76855897299382,14.901121553535596,246
2022-01-29 01:00:00,Summer,0,1,Clear,24.44518561139946,74.37487063330457,8.258669114197817,168
2022-01-29 02:00:00,Winter,0,0,Clear,22.868722105022066,42.65819343719703,8.04534465307152,191
2022-01-29 03:00:00,Spring,0,1,Clear,13.61847791730832,80.49732045256644,1.2187610397398967,136
2022-01-29 04:00:00,Winter,0,0,Cloudy,13.558461912682311,31.821228331980254,1.348324191825476,155
2022-01-29 05:00:00,Winter,0,1,Rain,21.463577410709267,80.62877181949837,7.540307678277603,158
2022-01-29 06:00:00,Summer,0,1,Cloudy,20.727605988841205,57.6197430385659,3.131524322137328,184
2022-01-29 07:00:00,Summer,0,1,Cloudy,16.929387174958418,43.05527639589867,0.21261331197272668,145
2022-01-29 08:00:00,Winter,1,1,Clear,20.7049134980603,38.02668869963808,12.831574498797453,228
2022-01-29 09:00:00,Spring,0,0,Clear,27.943134640217977,87.19843005494235,0.33026000623942625,200
2022-01-29 10:00:00,Fall,0,0,Clear,23.477012372751492,34.3599352548694,9.045520038896955,247
2022-01-29 11:00:00,Winter,0,1,Clear,14.294957451236309,41.94560519615554,7.747777020854885,169
2022-01-29 12:00:00,Spring,0,1,Clear,19.442455864285282,50.86934084598276,34.678081469049495,176
2022-01-29 13:00:00,Summer,0,1,Clear,15.975167595737195,67.21409093766724,6.620616595849093,154
2022-01-29 14:00:00,Summer,0,1,Clear,18.061500417957195,62.6880651165659,0.6571407730269342,208
2022-01-29 15:00:00,Spring,0,1,Clear,17.931921671851786,37.53860954473884,8.022657885790043,165
2022-01-29 16:00:00,Fall,0,1,Cloudy,17.611772086979975,47.383679024292874,18.394561063975754,208
2022-01-29 17:00:00,Summer,0,1,Cloudy,13.724323140133025,44.325106265161445,57.60125639712095,148
2022-01-29 18:00:00,Summer,0,0,Clear,19.36172659240905,42.81257126942048,5.62721158567536,196
2022-01-29 19:00:00,Summer,0,1,Rain,17.19696181576345,54.66866018879922,3.8610190454554534,98
2022-01-29 20:00:00,Spring,0,1,Snow,5.35275654998866,72.24188715549941,23.71434727796992,51
2022-01-29 21:00:00,Winter,0,1,Clear,30.264860122508317,43.047175933034154,2.1225570100557,218
2022-01-29 22:00:00,Summer,0,0,Clear,25.44384827108336,52.000732782178886,9.55626630746666,168
2022-01-29 23:00:00,Winter,0,1,Clear,18.11849637537502,53.45504561046974,5.203953077789556,155
2022-01-30 00:00:00,Fall,1,1,Rain,20.094095248702992,88.58739176612461,0.41950094080730316,186
2022-01-30 01:00:00,Summer,1,1,Rain,14.14172826341219,87.27998141274414,4.266200150101238,79
2022-01-30 02:00:00,Summer,0,1,Clear,28.47861438905433,78.00825496512456,3.081957430830057,174
2022-01-30 03:00:00,Fall,0,1,Clear,29.486443473865556,44.49953524915111,11.586526344019273,276
2022-01-30 04:00:00,Summer,0,1,Clear,20.783468641232623,34.08223884550018,29.718301722020076,204
2022-01-30 05:00:00,Winter,0,0,Clear,25.117653220926723,49.014248263237484,3.120392307307135,167
2022-01-30 06:00:00,Spring,0,1,Clear,20.87643389466962,46.00767296602985,16.684765942617595,197
2022-01-30 07:00:00,Winter,0,0,Rain,13.316372805620347,60.35554800878363,0.569511826603641,122
2022-01-30 08:00:00,Spring,0,1,Cloudy,17.940883155181712,,7.724523487022353,170
2022-01-30 09:00:00,Spring,0,1,Cloudy,20.659639833859785,81.49937633273149,0.7316233417478717,186
2022-01-30 10:00:00,Winter,0,0,Rain,17.72726140628278,80.6918451246305,27.18600527545924,162
2022-01-30 11:00:00,Winter,0,1,Cloudy,18.90673361282482,51.58053367338407,14.539364905157763,161
2022-01-30 12:00:00,Winter,0,0,Clear,19.54300221245443,71.23406060764097,10.727980941774218,164
2022-01-30 13:00:00,Winter,1,1,Cloudy,19.595607510672693,48.7700518514532,17.366827164148866,165
2022-01-30 14:00:00,Fall,0,1,Clear,20.261292452487417,33.65433259411096,10.427608159525663,234
2022-01-30 15:00:00,Summer,0,1,Cloudy,14.696974668016995,72.09391593617653,34.71976041608512,168
2022-01-30 16:00:00,Spring,0,0,Clear,16.41491925436032,30.58965315418727,12.516164435330733,139
2022-01-30 17:00:00,Winter,0,1,Cloudy,13.577078671500153,54.550955247509314,25.857256216489148,123
2022-01-30 18:00:00,Winter,0,1,Clear,24.889077748431003,49.762756158124546,7.280117309645197,227
2022-01-30 19:00:00,Winter,0,1,Clear,9.471765290798377,71.60265231113115,1.2450302892333251,131
2022-01-30 20:00:00,Fall,0,1,Clear,25.767951716584626,75.97472836562274,7.511528927398087,233
2022-01-30 21:00:00,Winter,0,0,Clear,26.931746986314216,48.24567815827703,1.3567406142994551,227
2022-01-30 22:00:00,Winter,0,1,Cloudy,18.48909706508689,78.69762086669121,8.976983444081588,159
2022-01-30 23:00:00,Winter,0,0,Cloudy,6.984314560863506,47.63500563029602,6.5873234432414005,141
2022-01-31 00:00:00,Summer,1,1,Clear,18.193447190163546,56.779581599193676,9.743844595999843,164
2022-01-31 01:00:00,Fall,0,1,Clear,19.679079193555904,73.62111162084804,0.10097792590495576,232
2022-01-31 02:00:00,Winter,0,0,Clear,14.947008900355433,71.5752137534873,2.1671487418012996,191
2022-01-31 03:00:00,Spring,0,0,Clear,17.423908030958785,89.24210833873201,6.7595665184858165,154
2022-01-31 04:00:00,Spring,0,0,Clear,27.650975994316756,43.50966145295591,30.058545632917646,217
2022-01-31 05:00:00,Spring,0,1,Rain,23.324635811508706,69.73907481237495,4.838738420213381,166
2022-01-31 06:00:00,Fall,0,1,Clear,15.3771794281095,66.58091449654664,5.522937055209992,186
2022-01-31 07:00:00,Fall,0,1,Clear,12.01200415202284,84.9059072694018,12.542003125027056,215
2022-01-31 08:00:00,Spring,1,0,Clear,18.364913411951143,39.3817284986925,9.258178644358017,175
2022-01-31 09:00:00,Winter,0,0,Clear,18.93271610324781,75.10788981521597,3.551420481359635,151
2022-01-31 10:00:00,Fall,0,1,Clear,22.480995936816583,64.0961169761261,5.290174216094635,213
2022-01-31 11:00:00,Spring,0,0,Cloudy,17.323416437161704,46.47995218727432,2.4551672317395816,185
2022-01-31 12:00:00,Spring,0,1,Clear,22.557497876809308,58.466094848830444,33.820261045140306,200
2022-01-31 13:00:00,Winter,0,1,Clear,29.675770200301145,50.026595824187865,1.3999150751418268,213
2022-01-31 14:00:00,Summer,0,1,Clear,24.077505112221314,64.75880416730766,4.649552490941316,199
2022-01-31 15:00:00,Fall,0,1,Clear,19.759557463346137,83.34003664887996,0.26178662741660264,176
2022-01-31 16:00:00,Winter,0,1,Clear,19.084247644733527,64.15829906473212,2.50745365570939,167
2022-01-31 17:00:00,Spring,0,0,Snow,18.216634329100643,67.90334509959504,15.162715670931853,166
2022-01-31 18:00:00,Spring,1,0,Cloudy,25.903204562260722,61.12487082688257,2.246136717730347,233
2022-01-31 19:00:00,Winter,0,0,Clear,16.863432770243485,33.06993038672856,0.8345052710620731,152
2022-01-31 20:00:00,Fall,0,1,Clear,20.22611354499991,43.971513412565656,6.433159962391616,203
2022-01-31 21:00:00,Summer,0,0,Clear,20.255989509405428,59.520103765924965,0.10019260310612232,153
2022-01-31 22:00:00,Summer,0,1,Clear,17.49107903594234,48.61411702468229,0.8857567742582315,136
2022-01-31 23:00:00,Spring,0,1,Cloudy,13.137672260579496,40.905815865671656,16.483132069787295,171
2022-02-01 00:00:00,Fall,0,1,Cloudy,21.61487251808834,60.2479705151063,14.761024227580853,258
2022-02-01 01:00:00,Summer,0,1,Clear,19.694980140723082,49.36858760687102,24.66738538820195,180
2022-02-01 02:00:00,Fall,0,0,Clear,22.50120234718285,45.48645859040488,19.276852867320713,264
2022-02-01 03:00:00,Fall,0,1,Clear,17.331998467804166,57.83912504642285,11.49407485778765,210
2022-02-01 04:00:00,Spring,0,1,Rain,26.10410649406524,37.997055484930385,0.5375195367858119,179
2022-02-01 05:00:00,Summer,0,0,Cloudy,15.616131093940776,85.66474398452443,15.271605556957812,128
2022-02-01 06:00:00,Winter,0,0,Clear,28.560201420089463,82.06212587515435,18.676311581706283,195
2022-02-01 07:00:00,Spring,0,1,Clear,11.261817450858691,72.45723514443212,16.048591398903223,89
2022-02-01 08:00:00,Summer,0,1,Cloudy,22.173850322784457,36.37282965530737,7.10250685793965,197
2022-02-01 09:00:00,Summer,0,1,Clear,22.377153412633117,76.55263526818158,2.6514050490345293,172
2022-02-01 10:00:00,Summer,0,1,Clear,16.02221466029559,78.47743968654115,18.664613067505318,155
2022-02-01 11:00:00,Summer,0,1,Clear,22.12196968930506,76.06587706286027,12.988800343725943,174
2022-02-01 12:00:00,Summer,0,1,Cloudy,26.397593348800793,36.83795322715447,39.50824874529127,210
2022-02-01 13:00:00,Fall,0,1,Clear,8.915905803229677,68.63447742406589,1.6923863003010058,142
2022-02-01 14:00:00,Spring,0,1,Clear,22.51372403745407,80.05948774496392,2.5575014403376577,173
2022-02-01 15:00:00,Fall,0,1,Rain,7.5336458983496115,64.64120407318006,2.3800106695362913,140
2022-02-01 16:00:00,Winter,0,1,Clear,15.17167598238396,,15.728156088659846,118
2022-02-01 17:00:00,Summer,0,1,Clear,28.145831824504725,,2.069101494282347,213
2022-02-01 18:00:00,Spring,0,1,Clear,17.09108983303973,61.72243919304316,0.6898554632446562,159
2022-02-01 19:00:00,Summer,0,1,Clear,14.130600177955138,32.06261150110351,65.43672451233795,140
2022-02-01 20:00:00,Spring,0,1,Cloudy,19.010311355076592,68.33778131839708,0.2513035011474158,149
2022-02-01 21:00:00,Fall,0,1,Clear,30.33953169081776,34.88683277346955,18.032900525854966,288
2022-02-01 22:00:00,Spring,0,1,Clear,10.84158876396987,56.10087566041341,4.547081502536261,103
2022-02-01 23:00:00,Winter,0,1,Clear,14.743450441803278,47.55930586004447,18.427294038461078,156
2022-02-02 00:00:00,Winter,0,0,Cloudy,27.487158415898133,62.72567701270278,8.08828531528699,188
2022-02-02 01:00:00,Spring,0,1,Cloudy,29.288511717688664,38.00498013139243,23.190318981262067,248
2022-02-02 02:00:00,Spring,0,0,Clear,19.48284387854858,71.4986041183991,26.06301516859094,208
2022-02-02 03:00:00,Spring,0,1,Clear,13.804736487366789,77.70069221570822,0.09139822497407572,112
2022-02-02 04:00:00,Spring,0,1,Cloudy,30.479217509045796,39.80126698458939,0.7840723644484237,243
2022-02-02 05:00:00,Winter,0,1,Clear,27.972211958745984,36.25878524111293,2.8816049297110307,207
2022-02-02 06:00:00,Summer,0,1,Cloudy,23.394734938811165,38.73092896724155,11.065902774487231,218
2022-02-02 07:00:00,Spring,0,1,Cloudy,15.937988255312899,82.6276537139101,21.91689691718487,113
2022-02-02 08:00:00,Spring,0,1,Cloudy,19.754853295809816,61.69135570538137,6.160786475974977,177
2022-02-02 09:00:00,Winter,1,1,Clear,19.198199594775847,58.03565976045016,9.338772630256832,149
2022-02-02 10:00:00,Winter,0,1,Clear,21.65425652307789,36.402709146141255,2.088707106295546,185
2022-02-02 11:00:00,Fall,0,0,Cloudy,27.25500719065668,68.97336040541771,16.345856522227816,231
2022-02-02 12:00:00,Spring,0,0,Clear,24.397085205687016,82.07997551370539,34.21240245228931,197
2022-02-02 13:00:00,Fall,0,1,Clear,14.613119615076208,79.69115215940718,3.12793314305106,166
2022-02-02 14:00:00,Winter,0,1,Rain,26.882482250097688,,6.8285225878909985,181
2022-02-02 15:00:00,Winter,0,0,Rain,21.565660700065777,34.516722999100416,0.9005175116264825,153
2022-02-02 16:00:00,Summer,0,0,Clear,23.43532897929458,36.743821630560774,8.19020330158421,196
2022-02-02 17:00:00,Spring,0,0,Clear,27.332704296393015,32.95853922658948,6.98729617097775,223
2022-02-02 18:00:00,Fall,0,1,Clear,14.442098752432244,45.448752989548154,1.5599494428554044,184
2022-02-02 19:00:00,Winter,0,1,Cloudy,19.820872106467686,38.13968802962266,5.835149851435856,184
2022-02-02 20:00:00,Winter,0,1,Rain,17.342727243203925,45.602882415146034,4.066227560538971,164
2022-02-02 21:00:00,Fall,0,0,Clear,12.16070287317272,53.1034833431377,7.377907917161199,168
2022-02-02 22:00:00,Summer,0,1,Clear,21.733549888024598,,8.810547149463606,188
2022-02-02 23:00:00,Winter,0,0,Rain,32.55778275792212,66.62256358690152,0.08531871735415614,229
2022-02-03 00:00:00,Spring,0,0,Clear,10.799611277471236,80.09842714097775,14.313167606257016,97
2022-02-03 01:00:00,Winter,0,1,Clear,19.83859694475265,72.62109004273994,12.483228618901174,133
2022-02-03 02:00:00,Spring,0,0,Snow,23.20271467537387,36.750187831597906,4.56158139857578,203
2022-02-03 03:00:00,Fall,0,0,Clear,20.615391008280906,74.15522438243693,0.5438853820967644,205
2022-02-03 04:00:00,Spring,0,0,Cloudy,19.434359737421296,46.50593289354747,14.062217585225419,211
2022-02-03 05:00:00,Fall,0,0,Clear,13.503918182770878,68.34647081968238,31.04992839600694,184
2022-02-03 06:00:00,Spring,0,0,Clear,21.163933714700818,50.45771841857931,2.746363340482561,164
2022-02-03 07:00:00,Fall,0,1,Cloudy,16.21618011492037,89.86033579587955,3.9085921597561235,163
