id,brand,year,transmission,mileage,fuelType,tax,mpg,engineSize,price
1000,Audi,2013,Automatic,45621.13740479062,Petrol,255,47.39075684632556,2.0,27452
1001,Kia,2021,Automatic,59598.121468856116,Petrol,435,49.492671941093434,2.0,35952
1002,BMW,2013,Automatic,65816.01309753492,Petrol,450,37.41135934988994,1.0,26443
1003,Audi,2022,Automatic,119715.15283028767,Diesel,499,34.69413597991223,2.0,28776
1004,Kia,2014,Automatic,79748.80022735777,Petrol,291,52.59219184849111,1.6,21230
1005,Hyundai,2014,Manual,73352.21652702986,Petrol,145,35.840689747121154,1.6,20107
1006,Audi,2019,Manual,35738.839545451396,Hybrid,2,56.79498986167559,1.6,34580
1007,Hyundai,2017,Automatic,52312.50314403845,Diesel,174,48.386489579900754,2.0,32709
1008,Hyundai,2015,Automatic,38821.474289992526,Diesel,134,29.444728145286966,3.0,39715
1009,BMW,2015,Automatic,51779.35668867384,Hybrid,258,51.38112053027879,3.0,42777
1010,Kia,2018,Manual,46367.0286159463,Petrol,216,26.046184681888505,3.0,39738
1011,Hyundai,2018,Manual,30442.397748641226,Petrol,480,30.414022788185996,3.0,37744
1012,BMW,2010,Automatic,68961.68595585527,Hybrid,278,44.393724123275604,1.6,28600
1013,Kia,2020,Automatic,68778.9192084778,Hybrid,461,34.43743048746017,2.0,32927
1014,Audi,2012,Automatic,33317.47386300772,Diesel,204,32.344320229449906,2.0,29123
1015,Kia,2017,Manual,55526.63475556493,Petrol,45,24.17263029409343,2.0,34895
1016,Audi,2011,Automatic,74733.9873680003,Petrol,460,34.434588323169045,2.0,20704
1017,Kia,2017,Automatic,58849.061447857435,Hybrid,55,38.2594697505948,1.0,24520
1018,Audi,2013,Automatic,60615.04774083664,Hybrid,180,43.29448082169355,1.6,23421
1019,Kia,2010,Manual,51369.663149601016,Hybrid,210,39.809083640150924,3.0,31059
1020,Hyundai,2010,Automatic,43402.39377057743,Petrol,149,26.361881169251006,3.0,32444
1021,BMW,2014,Manual,96106.62077887758,Petrol,446,20.60723732611034,1.6,31126
1022,Audi,2016,Automatic,53467.32988355942,Diesel,304,39.14714895490778,2.0,29719
1023,BMW,2013,Manual,36009.77452340031,Petrol,64,59.606125778645804,1.6,32542
1024,Hyundai,2015,Manual,90064.73159981694,Diesel,343,30.611938601385084,1.6,22082
1025,Kia,2019,Automatic,62335.84718768664,Petrol,172,47.39261533160308,1.6,32131
1026,BMW,2020,Automatic,53371.90018594927,Diesel,51,26.657470624879686,1.6,39981
1027,Hyundai,2020,Automatic,28971.262725618235,Petrol,461,25.9415924240552,1.6,34908
1028,Audi,2022,Manual,15094.957286078985,Petrol,75,26.393665401309867,2.0,43204
1029,Audi,2012,Automatic,27865.63944889485,Diesel,149,49.29584272819744,2.0,29609
1030,Kia,2015,Manual,36210.14564048532,Hybrid,492,52.76167601612082,1.6,29236
1031,Hyundai,2017,Automatic,51584.47213012284,Hybrid,455,41.18276545244758,1.6,32541
1032,BMW,2020,Automatic,27720.85632313914,Petrol,244,33.03372508543356,3.0,47428
1033,Audi,2022,Manual,71161.9594244633,Petrol,265,42.04178940224957,3.0,37227
1034,Hyundai,2014,Manual,61052.75932703818,Petrol,367,36.40801399602456,1.0,24391
1035,Kia,2010,Automatic,74811.16238949627,Hybrid,89,38.09666680984212,1.6,22111
1036,Kia,2022,Automatic,56304.97596148288,Diesel,164,35.59262340400599,1.6,35976
1037,Hyundai,2016,Automatic,82506.71438094052,Diesel,317,26.91981057114549,1.6,25702
1038,Kia,2017,Manual,51624.862415175245,Diesel,68,48.90010775443291,1.6,28962
1039,BMW,2022,Automatic,51882.15196909885,Petrol,420,44.3063991090938,2.0,38041
1040,Audi,2020,Automatic,42283.406791323316,Hybrid,384,45.20704857277473,1.0,29963
1041,Kia,2020,Automatic,58555.273398989986,Hybrid,258,39.39739139560107,1.6,33622
1042,Hyundai,2010,Automatic,37741.29905015183,Hybrid,5,48.36784079125001,1.6,28594
1043,Kia,2013,Automatic,30569.228456622437,Hybrid,165,44.811125200422055,2.0,28234
1044,Kia,2010,Automatic,58873.82865592516,Petrol,215,48.685884735077,3.0,29589
1045,BMW,2017,Automatic,40316.691869259506,Hybrid,461,36.05891377120972,1.6,35299
1046,Hyundai,2017,Automatic,70384.91113610493,Diesel,296,36.66060022073953,2.0,27528
1047,BMW,2011,Automatic,88990.06826852282,Petrol,403,49.21718044176075,1.6,22965
1048,Audi,2010,Automatic,50327.88337248056,Hybrid,212,46.70599879354862,1.0,19633
1049,Audi,2018,Automatic,72126.60291686477,Hybrid,495,46.61350407101794,1.0,26209
1050,Audi,2022,Automatic,56070.31561964111,Diesel,328,23.969975823100818,1.6,33163
1051,Hyundai,2015,Automatic,60232.82369965723,Petrol,228,45.2808306442141,1.0,22945
1052,Hyundai,2015,Manual,41414.347254873916,Hybrid,95,21.153306568737374,2.0,33641
1053,Audi,2012,Automatic,83936.8642441635,Petrol,357,49.69557072143064,1.0,18402
1054,Hyundai,2022,Automatic,46353.84910539862,Hybrid,466,28.299553032918883,1.0,32759
1055,Kia,2021,Manual,63863.78956647766,Hybrid,474,44.40035787047485,1.0,25378
1056,Audi,2019,Automatic,42528.02088333819,Petrol,287,34.36730428697922,2.0,32591
1057,BMW,2014,Manual,40991.773151103065,Diesel,94,22.239996237050136,3.0,40992
1058,Kia,2020,Automatic,76584.52340104639,Petrol,155,42.76962690934919,1.6,30870
1059,Audi,2011,Manual,23224.346076002585,Diesel,270,28.55400744288281,1.0,21527
1060,Kia,2014,Manual,24723.21362996175,Diesel,166,38.97423942444029,2.0,33938
1061,Hyundai,2019,Automatic,39732.67511020027,Diesel,109,41.173791478447015,2.0,33361
1062,Kia,2017,Manual,34394.31992515165,Hybrid,86,55.5694126074624,1.6,33768
1063,BMW,2014,Automatic,35423.352523544265,Petrol,438,36.234022615078835,2.0,35819
1064,Kia,2022,Manual,61571.34665127583,Diesel,23,38.207552313324385,1.0,29889
1065,Kia,2019,Manual,61509.29549403934,Petrol,268,39.59727558153299,2.0,30938
1066,Hyundai,2013,Automatic,51425.46771333058,Diesel,128,31.740046507843765,1.0,23394
1067,BMW,2012,Automatic,74942.80568321262,Hybrid,366,54.296154616623895,2.0,31246
1068,Audi,2014,Automatic,44074.61443486856,Petrol,379,52.95264988084907,1.6,29501
1069,Hyundai,2010,Automatic,78292.16074213754,Diesel,260,46.506822075227554,1.0,16594
1070,Audi,2022,Automatic,53288.97229990208,Diesel,70,,3.0,42924
1071,Audi,2011,Automatic,65529.78781970254,Petrol,80,19.26599861613722,1.0,20526
1072,Audi,2012,Automatic,6008.084223183025,Diesel,282,33.25975779537619,2.0,31565
1073,Kia,2014,Automatic,36589.270385552285,Hybrid,499,46.097024186178324,3.0,36862
1074,BMW,2011,Manual,45651.15475456523,Hybrid,245,26.832829040164036,1.0,22779
1075,Hyundai,2016,Automatic,39015.639250287815,Hybrid,286,36.126014638683685,1.0,27129
1076,Hyundai,2010,Manual,52668.261197309126,Diesel,7,36.26407124638553,2.0,24925
1077,BMW,2017,Automatic,28594.090304192938,Petrol,56,51.743018438576726,1.6,36535
1078,Hyundai,2022,Automatic,61492.48955543376,Petrol,163,37.53769977940794,3.0,40569
1079,BMW,2011,Manual,67248.39699660602,Hybrid,418,31.96115235656741,3.0,35037
1080,Audi,2019,Automatic,31863.970224373756,Petrol,20,33.61513550199618,3.0,42408
1081,BMW,2010,Automatic,50185.974334249826,Petrol,7,48.738562097590574,1.0,23215
1082,Kia,2022,Manual,41527.307266544056,Petrol,93,48.83750538897357,1.0,32483
1083,Audi,2021,Manual,46399.83476269988,Petrol,138,37.24112145440467,1.6,34508
1084,Kia,2017,Automatic,68552.99975699696,Diesel,457,47.99743970012828,2.0,30427
1085,Hyundai,2018,Automatic,82328.61754616398,Petrol,478,36.74011133754674,3.0,35951
1086,Audi,2013,Automatic,41365.76625277884,Petrol,80,54.221280442026156,3.0,34800
1087,Audi,2010,Automatic,48977.73414197136,Petrol,76,41.70505619351116,2.0,25186
1088,Hyundai,2018,Automatic,36589.87606334269,Hybrid,78,50.95350492870627,2.0,33611
1089,Kia,2012,Automatic,78760.8839912926,Petrol,182,34.709984482106734,3.0,27048
1090,Audi,2018,Automatic,14961.990798479615,Petrol,255,52.00599392814358,3.0,45440
1091,Audi,2010,Automatic,38290.90182415358,Petrol,355,,2.0,26778
1092,Kia,2021,Automatic,65913.64798158963,Hybrid,92,40.02748031075155,3.0,35661
1093,Kia,2020,Manual,54702.85692510916,Petrol,7,40.34166629754081,1.6,29096
1094,BMW,2022,Automatic,27283.158798692206,Hybrid,36,,1.6,42611
1095,Audi,2020,Manual,73192.98619818845,Hybrid,307,31.315664340953077,3.0,36131
1096,Audi,2012,Automatic,67148.91142769848,Petrol,220,32.19163197434774,1.0,17988
1097,Audi,2020,Automatic,48035.77239271286,Hybrid,409,27.200453171603307,2.0,36914
1098,Kia,2021,Automatic,74492.11458897806,Hybrid,65,44.73800297828518,3.0,37648
1099,Audi,2019,Manual,38864.4844613854,Hybrid,257,46.65887799988575,3.0,40629
1100,BMW,2010,Automatic,39186.3595921048,Diesel,374,26.879547022677585,1.0,27813
1101,Audi,2022,Automatic,49934.288144689686,Petrol,393,,2.0,39054
1102,Kia,2016,Automatic,37719.49368365617,Diesel,221,49.12527931527143,1.0,28465
1103,Audi,2017,Automatic,56752.96989420138,Hybrid,118,30.53227262690546,1.0,25879
1104,Hyundai,2012,Automatic,74521.93616518377,Hybrid,159,45.168736573370346,1.0,21305
1105,Audi,2015,Automatic,83396.4325639298,Diesel,423,53.807250298208615,1.6,21732
1106,BMW,2014,Manual,63106.57415032628,Hybrid,238,41.85696782840415,1.6,30152
1107,BMW,2010,Automatic,48710.20389565509,Diesel,380,40.827086018447524,2.0,30277
1108,Kia,2021,Manual,28190.706135604945,Hybrid,296,21.589537012112473,3.0,44989
1109,BMW,2019,Automatic,42336.930178802155,Hybrid,355,48.57195402314063,3.0,38756
1110,Kia,2012,Manual,23170.251309777253,Diesel,102,46.82727635315012,1.6,26686
1111,Audi,2011,Manual,67801.0374800195,Petrol,365,53.177800315780054,1.0,18889
1112,Kia,2017,Manual,47937.74876773363,Hybrid,335,44.405045159844455,1.6,30568
1113,Hyundai,2019,Manual,53200.442434223325,Hybrid,200,26.29307258773696,1.0,29295
1114,Hyundai,2022,Automatic,19273.186995056247,Diesel,385,38.968056262041976,3.0,43715
1115,Kia,2022,Automatic,87778.49403192659,Diesel,487,36.04042421354822,2.0,37096
1116,BMW,2014,Manual,53182.19019171452,Petrol,93,43.56109517550927,1.0,32463
1117,Kia,2022,Automatic,36989.38993052169,Diesel,6,25.44429494747986,2.0,44113
1118,Kia,2019,Automatic,35393.78136731451,Diesel,151,51.31226305496339,1.6,32270
1119,Audi,2011,Manual,46304.819762739535,Diesel,45,37.17613509458973,3.0,35373
1120,BMW,2020,Automatic,32035.259192683618,Petrol,64,21.820322199814726,3.0,47655
1121,Kia,2022,Automatic,82788.13773421869,Hybrid,181,33.38397660913083,2.0,36296
1122,BMW,2017,Manual,41541.128087317455,Petrol,304,32.84790240482897,3.0,40132
1123,BMW,2018,Automatic,64539.6223983197,Petrol,475,43.65784570834728,1.6,33428
1124,Hyundai,2011,Manual,67626.29555282867,Diesel,183,35.838366716780506,2.0,25510
1125,Hyundai,2012,Automatic,60275.12487287297,Hybrid,286,41.38316221475028,1.6,24713
1126,Hyundai,2021,Automatic,35733.563776632174,Petrol,172,39.835748120227436,3.0,40441
1127,BMW,2013,Automatic,12642.394288902033,Hybrid,280,47.02738904357056,2.0,35886
1128,BMW,2016,Automatic,23445.65612471779,Hybrid,377,27.873683297011812,1.6,36614
1129,Audi,2018,Automatic,21404.042297998552,Petrol,19,41.67355927930557,1.0,29179
1130,BMW,2013,Manual,46202.005002811195,Hybrid,357,25.15180264232253,3.0,38472
1131,Hyundai,2014,Automatic,48351.014888632315,Petrol,45,20.61114164039221,2.0,28428
1132,Hyundai,2014,Automatic,35657.62250413508,Petrol,451,53.88898116301117,1.6,30176
1133,Hyundai,2022,Automatic,56525.52714691404,Diesel,234,16.7893454730048,1.0,31698
1134,Kia,2017,Automatic,72100.9426255116,Petrol,54,25.98812036684397,1.6,28375
1135,Audi,2019,Automatic,23717.735088326444,Petrol,399,32.6285852223311,1.0,30702
1136,Audi,2017,Automatic,38129.34223589248,Diesel,271,39.37101151649237,2.0,30767
1137,Hyundai,2019,Manual,43022.06255981096,Petrol,219,40.060427851955815,3.0,37213
1138,Audi,2011,Automatic,97538.09643348111,Petrol,333,43.713448753395305,2.0,21222
1139,BMW,2019,Manual,54058.385560700845,Petrol,400,35.020370149983655,3.0,43460
1140,Hyundai,2010,Automatic,73495.14733694558,Diesel,405,25.000998061770602,3.0,25881
1141,Audi,2015,Automatic,41303.676250671284,Hybrid,257,51.012636278217826,2.0,28853
1142,Hyundai,2018,Automatic,33840.345077696154,Diesel,79,32.114149713760035,1.0,27673
1143,BMW,2022,Manual,57003.72765002814,Diesel,21,43.90099912414631,2.0,42015
1144,BMW,2015,Automatic,61359.01520049722,Petrol,26,41.388896582705684,3.0,39924
1145,BMW,2011,Manual,65001.9288023034,Petrol,386,41.01908474763958,2.0,33267
1146,Audi,2013,Manual,45208.240322409576,Petrol,342,66.994303811887,2.0,29461
1147,Hyundai,2016,Automatic,56831.9327873217,Petrol,277,40.22138611584775,2.0,32532
1148,Hyundai,2019,Automatic,54599.55571779773,Diesel,455,35.080315470133115,1.0,26349
1149,Kia,2019,Manual,64236.12225490236,Diesel,85,42.21766577085507,2.0,34195
1150,BMW,2011,Automatic,60909.97436220492,Hybrid,320,32.81396525391811,3.0,35704
1151,Audi,2013,Automatic,38308.36956769439,Hybrid,433,30.16282672782931,3.0,33785
1152,Audi,2014,Manual,1990.4123595480996,Hybrid,496,42.27059689015248,1.6,30068
1153,Hyundai,2010,Manual,60403.12313012217,Diesel,354,45.80960861908095,2.0,27067
1154,BMW,2010,Automatic,59283.20115581078,Hybrid,91,35.691512807678784,2.0,28290
1155,Hyundai,2015,Manual,40183.05739171502,Diesel,60,,2.0,31142
1156,Audi,2013,Automatic,76855.16191606312,Hybrid,112,45.897482949492314,2.0,24923
1157,Audi,2013,Manual,60550.676313279124,Hybrid,82,42.47252852672394,1.0,22535
1158,Audi,2010,Automatic,13579.9051426972,Hybrid,420,48.49411132150082,3.0,31482
1159,Audi,2018,Automatic,57283.45249366733,Diesel,210,47.7239028488174,1.0,27975
1160,Kia,2014,Automatic,50143.40037239736,Petrol,139,43.93630123330677,1.6,30289
1161,Hyundai,2018,Manual,43689.69950155746,Hybrid,370,24.567970490977565,3.0,37300
1162,Kia,2012,Automatic,45274.79639087497,Petrol,226,36.24217767208662,2.0,30791
1163,Hyundai,2017,Automatic,48975.36217289684,Petrol,485,48.99350134994935,2.0,32446
1164,Audi,2016,Automatic,33037.89101534846,Hybrid,475,35.90184954402859,3.0,35836
1165,BMW,2020,Manual,31226.106870491927,Diesel,413,21.383047134642453,1.0,35215
1166,BMW,2017,Automatic,17322.068859709172,Hybrid,267,27.06301229637252,2.0,41232
1167,Hyundai,2019,Manual,62156.67946442329,Hybrid,432,55.66641570614491,1.0,27363
1168,Hyundai,2014,Automatic,51164.38996093981,Hybrid,474,38.55898215946458,3.0,31693
1169,BMW,2016,Manual,57010.50320193951,Petrol,97,48.393865829962756,2.0,34095
1170,BMW,2019,Automatic,46226.40743510777,Diesel,485,25.471810058109376,1.0,36636
1171,BMW,2020,Automatic,52851.73476980665,Petrol,285,33.48635078382512,2.0,41855
1172,Kia,2017,Manual,58970.89970761832,Diesel,365,32.61873378964259,3.0,33581
1173,Kia,2010,Automatic,61741.60961073819,Petrol,287,42.90470661287394,3.0,26619
1174,Kia,2018,Automatic,67245.6872692266,Diesel,41,57.728943628590486,2.0,31775
1175,Audi,2017,Automatic,65110.419560809794,Hybrid,312,36.92283732314081,2.0,28012
1176,BMW,2022,Automatic,67320.56735149267,Petrol,303,29.476075776259417,1.6,38501
1177,Audi,2017,Automatic,26264.946655832537,Diesel,347,38.01275724033435,3.0,39999
1178,Hyundai,2017,Automatic,35108.87573438399,Hybrid,277,43.29120902516224,2.0,33804
1179,Audi,2022,Manual,53575.67700787854,Petrol,191,38.42242116916611,1.6,37927
1180,Hyundai,2011,Automatic,91121.14894822541,Petrol,266,41.06161567341129,1.6,22186
1181,BMW,2021,Automatic,49361.17325434363,Petrol,77,27.7155712676197,3.0,46737
1182,Hyundai,2011,Automatic,51204.05276039188,Hybrid,200,36.49985697806978,2.0,25606
1183,BMW,2021,Automatic,31607.952491916065,Hybrid,451,43.67520604084888,1.6,42386
1184,Hyundai,2012,Automatic,51849.210096892704,Petrol,16,35.272625274253144,1.0,23617
1185,Kia,2020,Automatic,86796.45009419216,Hybrid,452,43.567233666984826,1.6,31992
1186,BMW,2015,Automatic,42952.841484905744,Hybrid,139,34.08666747854382,1.0,30032
1187,Audi,2013,Automatic,36410.46904284226,Petrol,185,28.386425636457712,1.0,23750
1188,Kia,2014,Automatic,65726.21656391914,Diesel,384,41.14478505788341,2.0,27589
1189,Hyundai,2021,Automatic,30750.483745332178,Hybrid,89,46.50509568210159,1.6,35041
1190,Audi,2017,Manual,56656.76594621936,Petrol,213,41.05263953472963,3.0,34146
1191,Kia,2012,Automatic,62699.80104543434,Petrol,110,39.24613918652058,1.0,18106
1192,BMW,2020,Automatic,32191.82147367272,Hybrid,217,29.304756045654788,1.6,37876
1193,Audi,2012,Manual,38281.734709093274,Diesel,397,42.46684441879667,1.0,23480
1194,Kia,2014,Automatic,49011.61935472074,Hybrid,67,22.945558711022585,1.6,28077
1195,BMW,2017,Automatic,44118.464792179504,Diesel,280,45.97139674280885,2.0,33184
1196,Kia,2016,Automatic,11055.409912021867,Diesel,263,22.39230048951365,1.6,32178
1197,BMW,2010,Manual,53239.25109268032,Petrol,109,26.321738683027334,1.6,28474
1198,Kia,2014,Automatic,45548.25279318202,Diesel,23,44.55509332503242,2.0,27612
1199,BMW,2017,Automatic,85825.47683173705,Hybrid,378,27.99231231928009,2.0,32794
1200,Audi,2018,Manual,83174.21764536313,Diesel,426,39.59122293368779,3.0,37316
1201,BMW,2014,Automatic,18937.7403828607,Diesel,477,29.481968550432534,1.0,33234
1202,Kia,2015,Manual,51242.01241527427,Diesel,4,47.5456473553581,1.6,26400
1203,Kia,2021,Manual,42434.831512454526,Hybrid,480,42.618243906333475,3.0,41882
1204,Kia,2019,Automatic,59302.0272460604,Petrol,73,34.67181354071739,1.0,29548
1205,BMW,2016,Automatic,56326.94623721025,Hybrid,50,56.219106934359374,1.0,30802
1206,Hyundai,2012,Automatic,42229.75838371903,Diesel,217,52.87384815434531,3.0,34928
1207,Hyundai,2012,Automatic,81647.28263847246,Diesel,243,30.393555575397734,1.0,18220
1208,BMW,2012,Automatic,100729.33198203503,Petrol,153,40.819026308679184,1.0,21799
1209,Audi,2014,Manual,59194.26660697503,Hybrid,189,43.0354731814583,3.0,32704
1210,Audi,2012,Automatic,45368.19307183356,Diesel,250,28.01277758431474,2.0,26059
1211,BMW,2021,Manual,33966.78208862608,Hybrid,51,60.26082144535485,1.6,43842
1212,Kia,2021,Automatic,61533.152917151696,Petrol,81,29.343433280933517,1.6,34676
1213,BMW,2021,Automatic,29949.556395993535,Petrol,493,21.51503377078914,2.0,42288
1214,Kia,2015,Automatic,67898.73881770571,Petrol,217,51.78403715730948,1.6,25385
1215,Audi,2016,Automatic,51452.098918387215,Diesel,72,39.17514858130441,1.0,26739
1216,Audi,2012,Manual,77726.5448768849,Petrol,352,25.774225498754937,2.0,27444
1217,Audi,2021,Automatic,40974.52543988624,Diesel,391,26.32453470340496,1.6,37077
1218,Kia,2022,Automatic,51127.81444870341,Petrol,130,14.988803499349142,1.0,35200
1219,Hyundai,2022,Automatic,60957.01443385908,Petrol,13,37.87264639484278,3.0,41787
1220,Hyundai,2017,Automatic,84692.83687776806,Diesel,336,35.35954860955688,1.0,23718
1221,Kia,2022,Automatic,5792.571557319134,Diesel,423,25.33615535069781,2.0,44105
1222,Hyundai,2016,Manual,34834.47115978299,Hybrid,72,31.685421594687668,1.0,27845
1223,Kia,2014,Automatic,33695.37847297716,Diesel,392,43.40484235754754,1.0,21128
1224,Hyundai,2020,Automatic,25809.324277519532,Petrol,351,64.65304355142715,2.0,38317
1225,Audi,2013,Automatic,65897.22815776592,Hybrid,69,42.21579943974769,1.6,24216
1226,Audi,2014,Automatic,65452.64194640386,Hybrid,414,35.33763041703642,1.6,25614
1227,Audi,2021,Automatic,62649.06236615511,Hybrid,35,39.77082321556313,3.0,40043
1228,BMW,2020,Automatic,36724.33425510086,Petrol,56,47.941978802541804,1.6,38478
1229,Hyundai,2015,Automatic,67842.54604723974,Hybrid,454,36.78230227823347,2.0,27069
1230,Hyundai,2021,Automatic,40040.9637730773,Hybrid,91,45.45909644217779,2.0,40111
1231,Kia,2017,Automatic,53096.1050058805,Hybrid,359,37.926822466950505,2.0,34978
1232,Audi,2015,Manual,29600.418591599493,Diesel,65,53.46510767364225,1.6,27072
1233,Audi,2013,Automatic,61324.72148276563,Diesel,223,50.81128603827526,1.0,20204
1234,Hyundai,2020,Automatic,71675.7272977462,Petrol,34,21.93800512226526,3.0,38238
1235,Audi,2012,Automatic,43797.635871323255,Hybrid,100,43.77053442122434,1.6,24760
1236,Kia,2020,Manual,35583.04071323281,Diesel,8,23.684603956539167,3.0,41307
1237,Audi,2021,Manual,82043.45037880183,Hybrid,237,24.45810559719867,1.0,30977
1238,Hyundai,2020,Manual,29160.310537291498,Petrol,100,35.38622250278973,1.6,33335
1239,BMW,2017,Manual,52273.720678387086,Petrol,68,34.1619759928068,2.0,34270
1240,Kia,2016,Automatic,35877.69079962244,Petrol,76,39.89662878979003,3.0,35432
1241,Hyundai,2012,Manual,44076.19167618418,Petrol,256,29.901674010606655,1.0,21862
1242,Audi,2010,Automatic,24599.984666956563,Diesel,7,41.56068534220716,1.0,20008
1243,Audi,2014,Automatic,31835.568526673957,Petrol,197,18.84416992541411,1.0,26177
1244,Audi,2013,Automatic,15432.439532417768,Petrol,283,48.899643789659564,3.0,37948
1245,Kia,2021,Automatic,63753.883461072335,Hybrid,169,42.845025127248256,1.0,31065
1246,Audi,2015,Automatic,83146.98884452005,Diesel,453,21.163484131053146,1.0,18895
1247,Hyundai,2014,Automatic,71595.6731497596,Hybrid,140,31.81140588051284,1.0,21490
1248,Kia,2014,Automatic,82442.68998869785,Petrol,44,60.660121985698666,2.0,26692
1249,Audi,2021,Manual,34846.43445209318,Petrol,122,44.97965456014954,1.6,36522
1250,Hyundai,2018,Automatic,80272.19025356349,Petrol,7,32.304665165111004,1.0,26086
1251,BMW,2017,Manual,50141.51802298295,Diesel,157,39.532476302595526,2.0,38138
1252,Kia,2015,Manual,43500.04401582353,Diesel,113,49.90106226280821,2.0,31367
1253,Audi,2011,Automatic,72468.06245227241,Hybrid,17,,1.6,28026
1254,Kia,2018,Automatic,14391.859334709028,Hybrid,139,23.416309319399463,2.0,36989
1255,Kia,2012,Manual,73393.43701075482,Diesel,374,44.179311253749546,2.0,28047
1256,Hyundai,2022,Automatic,66870.94192021877,Petrol,175,45.082962429967395,2.0,36643
1257,Hyundai,2018,Automatic,80405.83748912791,Petrol,270,33.035651024737476,1.0,23365
1258,BMW,2022,Manual,42883.71082385678,Petrol,75,55.7786228299934,3.0,46319
1259,Kia,2012,Automatic,36462.45712174641,Hybrid,440,38.80057160557777,1.0,24245
1260,Hyundai,2014,Manual,42201.999403904454,Petrol,361,58.456348244291775,2.0,30997
1261,Audi,2019,Automatic,50636.56400793116,Petrol,474,33.11608599446455,3.0,38373
1262,Hyundai,2017,Automatic,39532.48223650679,Hybrid,300,44.779896012235916,2.0,32321
1263,Audi,2018,Automatic,46147.02848474049,Diesel,414,48.96950852744345,1.6,31130
1264,Kia,2012,Manual,31687.527963971297,Diesel,230,46.8537122152851,1.6,26879
1265,Audi,2018,Automatic,57942.068381032426,Diesel,173,41.448479715691555,1.0,26417
1266,BMW,2018,Automatic,73684.90273340093,Hybrid,307,48.90222677169632,1.6,31799
1267,Hyundai,2020,Automatic,30646.246600651157,Diesel,15,39.13132097938541,3.0,42516
1268,Audi,2016,Manual,27671.65683823086,Hybrid,316,41.141310883739855,1.0,27666
1269,BMW,2016,Automatic,78077.53925247997,Hybrid,248,62.08831159447765,2.0,36450
1270,Audi,2014,Automatic,35091.54429723723,Hybrid,121,30.98276662251603,2.0,31733
1271,BMW,2010,Automatic,84864.2446589415,Petrol,249,25.45570917420561,1.6,22597
1272,Kia,2020,Manual,80995.81832646126,Hybrid,328,51.35669811619185,1.0,23244
1273,BMW,2015,Automatic,11446.148061090884,Hybrid,486,34.28603702925504,3.0,42522
1274,BMW,2020,Automatic,74364.84949481083,Petrol,100,,2.0,39720
1275,Hyundai,2019,Automatic,51912.51561557056,Diesel,488,41.54836759711194,2.0,34233
1276,BMW,2022,Manual,69044.04117593267,Hybrid,147,49.757523339439345,1.0,31704
1277,Audi,2017,Manual,50455.569876593705,Diesel,83,40.43547150075754,1.6,32604
1278,BMW,2011,Automatic,40098.64364812746,Diesel,435,25.616581422426062,2.0,31976
1279,Audi,2012,Manual,18113.593423990387,Diesel,199,52.575889383679666,3.0,37840
1280,Hyundai,2022,Automatic,41906.1816080513,Petrol,78,44.409990923826896,3.0,41799
1281,Kia,2010,Automatic,61939.08027006918,Hybrid,85,63.08740380705545,1.0,18205
1282,BMW,2017,Automatic,23953.3401913465,Hybrid,165,43.266533846553656,1.0,36344
1283,Audi,2018,Automatic,49701.05809990639,Hybrid,124,41.511558555481905,2.0,29912
1284,Audi,2021,Automatic,73509.2694678391,Petrol,97,45.45004225596018,2.0,32794
1285,Hyundai,2015,Automatic,46049.20221747607,Diesel,211,40.98718811242004,1.6,25567
1286,Hyundai,2010,Manual,48074.625346420165,Diesel,37,61.71139184328551,3.0,29098
1287,Kia,2013,Automatic,54378.95708643273,Petrol,196,41.157375663983466,1.6,23406
1288,Audi,2022,Automatic,75813.3237329045,Diesel,173,,1.0,28197
1289,Audi,2010,Automatic,68406.5314573646,Diesel,206,45.30675030820725,1.0,18494
1290,Hyundai,2014,Automatic,51319.43364037331,Petrol,162,32.743615801053075,1.6,26207
1291,Audi,2018,Manual,49245.129594348204,Petrol,383,48.423873364035586,2.0,35135
1292,Kia,2021,Manual,57374.79752408623,Hybrid,446,32.34970560168465,3.0,42867
1293,Audi,2014,Automatic,54949.50409274112,Hybrid,49,59.00620669996347,2.0,28868
1294,Audi,2018,Automatic,65621.61621286394,Diesel,371,54.27089138767318,3.0,38816
1295,Hyundai,2012,Automatic,33215.02481313491,Diesel,449,46.26920793038806,1.0,21442
1296,BMW,2019,Automatic,77835.04489589701,Diesel,449,45.32899827414802,1.6,36824
1297,Kia,2019,Manual,68352.40082172706,Diesel,464,49.81262402313097,3.0,38244
1298,Hyundai,2018,Manual,50867.92021911687,Diesel,181,18.218441323677844,1.0,27539
1299,BMW,2010,Manual,103559.69690557916,Hybrid,188,45.11315427995192,1.0,21230
1300,Kia,2012,Automatic,71697.56506086605,Petrol,184,47.50655830062387,1.0,20029
1301,Kia,2014,Manual,24451.358371839735,Hybrid,427,49.210265661029716,2.0,35221
1302,Audi,2018,Automatic,8657.513476679043,Hybrid,462,44.23917597021589,2.0,36175
1303,Hyundai,2018,Automatic,34813.483840169254,Petrol,387,40.39495613990269,1.0,25996
1304,Hyundai,2017,Automatic,33446.98595879205,Diesel,249,47.56322207885635,1.0,28984
1305,Kia,2014,Automatic,43968.056778795966,Diesel,94,32.37962784709795,1.6,28473
1306,Kia,2010,Automatic,59279.20588712052,Petrol,337,31.867063408170416,2.0,22369
1307,Hyundai,2010,Manual,50270.985175234164,Hybrid,189,48.86604019350561,1.6,26547
1308,Kia,2021,Automatic,116199.84584844964,Hybrid,70,17.27342470346251,1.6,28689
1309,Hyundai,2012,Automatic,44653.58061314125,Petrol,421,34.41462365383732,1.0,21229
1310,BMW,2010,Automatic,89996.36359467055,Petrol,1,34.2225639580926,2.0,24553
1311,Kia,2015,Automatic,27480.51720334529,Diesel,223,44.7178361320482,1.6,28934
1312,Audi,2014,Automatic,54709.00303681094,Diesel,80,51.28574053128326,2.0,29078
1313,Hyundai,2017,Automatic,55129.50957835814,Petrol,193,36.34766991771966,1.0,25798
1314,Hyundai,2020,Automatic,52018.20288600205,Diesel,182,41.29825346477586,2.0,31711
1315,Kia,2015,Automatic,67948.3703431164,Petrol,327,40.2112020441501,2.0,27952
1316,Audi,2016,Automatic,30024.564214732647,Hybrid,435,46.186909406490614,1.6,29970
1317,BMW,2020,Manual,48024.14125163171,Hybrid,10,45.303457753060144,1.6,37746
1318,Kia,2011,Manual,21136.537442322384,Petrol,316,37.047756196075575,2.0,29485
1319,Hyundai,2016,Automatic,81309.22616334478,Petrol,414,30.541321312140635,3.0,30850
1320,Hyundai,2011,Automatic,44570.44832308501,Diesel,184,46.22447923633526,1.0,21667
1321,Audi,2018,Manual,28972.134028242883,Petrol,348,34.16800307404947,2.0,33997
1322,Hyundai,2022,Automatic,40894.8066051623,Diesel,162,42.25054799940605,2.0,37892
1323,BMW,2012,Automatic,39633.926288897565,Hybrid,390,44.117802475557745,1.0,29261
1324,BMW,2022,Automatic,78249.9191958551,Diesel,434,32.33688604173854,1.6,34912
1325,Hyundai,2010,Automatic,81885.60622287977,Hybrid,82,55.306429983089636,3.0,26319
1326,Hyundai,2018,Manual,43318.25789137379,Diesel,453,50.43751930252283,3.0,41416
1327,Hyundai,2020,Automatic,16685.94098113927,Diesel,111,49.184217464878344,1.6,35596
1328,Kia,2022,Manual,73399.29348288849,Hybrid,478,51.712106603533144,1.6,33521
1329,BMW,2019,Automatic,31170.689497833962,Petrol,31,33.48413686392281,3.0,43916
1330,Audi,2015,Automatic,26659.06818370673,Diesel,388,16.399889698388534,3.0,36361
1331,Audi,2021,Automatic,76331.56286622628,Petrol,165,34.65768990601592,2.0,32571
1332,Audi,2014,Manual,33681.769753815875,Diesel,346,39.9653175608362,3.0,34839
1333,Hyundai,2016,Automatic,72702.88040720444,Hybrid,2,51.432378463636795,3.0,31068
1334,Kia,2012,Manual,47023.90459355554,Petrol,475,54.27754568897026,3.0,30494
1335,Kia,2019,Automatic,27704.41211199296,Petrol,366,34.32012666720895,2.0,35920
1336,Kia,2014,Manual,22623.21062862094,Hybrid,127,46.52339483211527,3.0,34364
1337,BMW,2018,Automatic,16193.649526347246,Diesel,234,25.015623963610366,3.0,46079
1338,Audi,2021,Automatic,3991.7814486934003,Diesel,263,39.32806785384202,1.6,38501
1339,Hyundai,2018,Automatic,43139.37277757267,Petrol,221,39.94524797402395,3.0,43421
1340,Hyundai,2019,Automatic,49855.71106987731,Hybrid,255,45.0331496622219,1.6,34807
1341,Audi,2016,Automatic,51016.45068594886,Hybrid,17,25.03473709423863,1.6,29526
1342,BMW,2016,Automatic,47923.99242726369,Hybrid,481,35.577867952562464,2.0,34536
1343,Audi,2022,Automatic,32247.598460880985,Hybrid,393,22.703248330959987,3.0,46612
1344,BMW,2016,Manual,-7518.3911992206995,Diesel,188,46.0320721798277,1.6,39045
1345,Kia,2011,Manual,44386.41649331363,Hybrid,128,26.414472656690066,1.6,23942
1346,BMW,2017,Automatic,62959.47789081858,Diesel,264,33.30346772985045,1.6,34322
1347,Audi,2016,Manual,68464.76278556856,Diesel,405,43.50306184198243,1.0,22005
1348,Audi,2015,Manual,54504.83095950026,Hybrid,67,56.852112744250505,3.0,35264
1349,Kia,2012,Automatic,70977.89660249614,Petrol,121,34.742493948393815,2.0,23188
1350,Kia,2020,Automatic,60705.46723712984,Diesel,227,43.3052259548567,3.0,37656
1351,Hyundai,2018,Automatic,48980.058401626586,Hybrid,245,28.598134366484445,1.0,28861
1352,Audi,2011,Automatic,-4252.16953633017,Petrol,340,52.23678706816219,1.0,27475
1353,Audi,2018,Automatic,57482.13889548103,Diesel,304,42.42233149654027,1.0,27264
1354,Audi,2018,Automatic,72884.40018887268,Petrol,394,31.09760983251275,2.0,34734
1355,Kia,2015,Automatic,40386.65734963259,Hybrid,89,36.958740775717686,2.0,32297
1356,Hyundai,2010,Manual,61435.977724124765,Petrol,186,34.63462287043874,2.0,22036
1357,Hyundai,2011,Manual,78916.37636150293,Petrol,23,49.734236932938174,1.6,21015
1358,Kia,2013,Automatic,56095.674154469736,Diesel,238,58.38531569525413,1.0,21941
1359,Audi,2022,Manual,38425.33113986948,Hybrid,171,21.365082872394247,1.0,30598
1360,BMW,2020,Manual,31145.295875706815,Diesel,458,39.39527428185441,1.0,37645
1361,Hyundai,2012,Automatic,60604.34066608625,Petrol,239,35.162371727630685,1.0,21325
1362,Hyundai,2021,Automatic,-3705.360495284229,Diesel,420,37.84272524141795,1.0,34303
1363,Hyundai,2017,Automatic,71992.10899169845,Hybrid,140,47.75200006672057,1.6,23371
1364,Hyundai,2015,Manual,57164.02275075452,Petrol,270,32.72672980610973,3.0,36821
1365,Hyundai,2020,Automatic,68877.79260474493,Hybrid,175,33.9404448946944,1.6,32097
1366,Audi,2021,Manual,39531.68372386964,Petrol,437,33.94707099905063,2.0,37843
1367,Audi,2020,Automatic,53155.07941161837,Hybrid,114,40.1751778635869,1.6,30949
1368,Kia,2022,Automatic,81581.85363010157,Petrol,7,30.06277393917056,1.6,31134
1369,Audi,2010,Automatic,92840.86225979122,Diesel,207,40.57338067798061,2.0,20563
1370,Audi,2018,Automatic,44149.751285609214,Diesel,208,37.73404696706929,2.0,33955
1371,Kia,2016,Manual,5017.96450247513,Petrol,245,30.23681084399493,2.0,39389
1372,Audi,2021,Automatic,28760.24259274057,Hybrid,93,33.27191253087647,3.0,42115
1373,BMW,2019,Automatic,29567.04088526838,Diesel,281,62.604947167668314,1.0,33218
1374,Kia,2013,Manual,80183.65704772995,Hybrid,56,31.42165669469318,2.0,24849
1375,BMW,2015,Automatic,30978.381818553746,Petrol,426,48.25178927241841,1.0,31381
1376,BMW,2013,Automatic,31420.801643183564,Hybrid,231,29.19728942592821,1.0,27242
1377,BMW,2015,Manual,56614.61253306645,Diesel,481,38.665650650943284,2.0,32526
1378,Hyundai,2015,Automatic,51476.13294654817,Diesel,277,25.72807905818817,2.0,25259
1379,BMW,2022,Automatic,16822.52075284168,Hybrid,207,34.77415869016738,1.6,42260
1380,Hyundai,2015,Automatic,68003.0231389054,Petrol,357,57.12222112542079,3.0,31599
1381,Audi,2010,Automatic,36824.86960685844,Hybrid,105,52.32582918388672,2.0,30138
1382,BMW,2011,Automatic,100941.74112451314,Petrol,268,28.59606991131208,3.0,31936
1383,BMW,2021,Automatic,22372.694707670074,Diesel,498,35.396663089994505,1.6,40172
1384,Audi,2013,Automatic,40635.05454969329,Hybrid,473,44.99113636257724,3.0,31610
1385,Audi,2018,Automatic,38941.39766018244,Diesel,299,47.84698980539538,3.0,40154
1386,Kia,2020,Manual,69452.16339500391,Hybrid,131,24.434938362838288,3.0,41069
1387,BMW,2010,Automatic,35173.13323775411,Hybrid,316,42.01581252741489,1.0,26090
1388,BMW,2017,Automatic,36744.49405814975,Hybrid,330,46.44843079986647,3.0,40297
1389,Hyundai,2012,Manual,48648.518934846805,Diesel,424,39.1534069460057,3.0,35395
1390,Kia,2016,Manual,18225.23670128953,Petrol,336,67.05536420100212,1.6,33526
1391,Kia,2018,Manual,100576.5141537325,Petrol,87,50.15573235532135,1.0,24220
1392,Kia,2017,Automatic,25288.68044314756,Diesel,123,45.104294901001325,1.6,33737
1393,Kia,2022,Manual,31682.683754621994,Petrol,451,32.54177160194622,2.0,39389
1394,BMW,2015,Manual,52107.91672977567,Diesel,474,45.54671222853026,1.0,29650
1395,Kia,2022,Manual,37464.06933781071,Petrol,147,28.017222975842955,1.6,36957
1396,BMW,2021,Automatic,20601.31888418351,Hybrid,86,37.47428269033361,2.0,46664
1397,Hyundai,2017,Automatic,56326.13825422659,Petrol,433,43.47565343604744,1.6,29670
1398,BMW,2016,Manual,75653.8146182496,Hybrid,112,,3.0,39543
1399,BMW,2021,Automatic,40855.77651635094,Diesel,488,29.88963414949002,1.6,40468
1400,Audi,2016,Manual,65844.65443082852,Hybrid,461,36.03096991103368,1.6,28268
1401,BMW,2020,Automatic,61985.24522422915,Diesel,28,24.17211609413664,1.6,37609
1402,Kia,2022,Automatic,87888.00505351153,Hybrid,49,32.881323825689435,1.6,33870
1403,Kia,2014,Automatic,24313.84428941842,Petrol,250,35.31864789116988,1.0,24413
1404,Kia,2018,Automatic,32611.53905913707,Petrol,74,43.64539799313259,1.6,32745
1405,Kia,2014,Manual,68996.34895647205,Diesel,471,47.93329468778542,2.0,27707
1406,Audi,2017,Automatic,55477.47151620346,Diesel,409,40.62416511481596,3.0,36067
1407,Audi,2010,Manual,68946.11223500271,Hybrid,289,34.309085266579416,2.0,23919
1408,Audi,2012,Automatic,44090.64766477955,Hybrid,321,41.45050696767469,3.0,28155
1409,Kia,2018,Automatic,27368.383815270245,Petrol,32,35.411760521359575,1.0,29480
1410,Kia,2017,Automatic,21705.854192616353,Hybrid,324,,2.0,37610
1411,Kia,2019,Manual,71370.27456213298,Petrol,433,33.97873792015783,1.6,24589
1412,BMW,2014,Manual,50239.651464743554,Petrol,310,45.8848211186918,1.6,31968
1413,Kia,2018,Manual,75379.32421308963,Hybrid,323,28.38728029811224,2.0,30429
1414,Hyundai,2016,Automatic,55333.557561819674,Petrol,103,40.957033370194985,2.0,29648
1415,Audi,2012,Automatic,24681.183626944585,Diesel,229,32.40057016088384,1.0,22169
1416,Audi,2018,Automatic,11289.336252212895,Petrol,299,39.90882949697277,1.0,35445
1417,BMW,2020,Automatic,48910.27404780845,Hybrid,308,34.2486268410719,1.0,34816
1418,Hyundai,2012,Manual,56691.91214184988,Hybrid,180,23.746323919622508,2.0,24191
1419,Audi,2012,Automatic,44471.95552099722,Petrol,266,34.5349964831037,1.6,24355
1420,Kia,2011,Automatic,71272.97601230032,Hybrid,183,25.874249626207487,2.0,23238
1421,Hyundai,2019,Manual,50417.19294400071,Diesel,273,28.17763311287011,3.0,41925
1422,Audi,2020,Automatic,55991.24380535074,Hybrid,213,41.81036060436645,1.0,29441
1423,Audi,2011,Manual,64131.19577295636,Diesel,128,54.16992631373569,3.0,29473
1424,Kia,2010,Automatic,52141.41790189954,Hybrid,41,50.95038191378719,1.6,25838
1425,Hyundai,2020,Automatic,69587.00445320606,Hybrid,240,40.27511459052107,3.0,36197
1426,BMW,2019,Automatic,63358.83102170485,Diesel,305,43.67557011132399,2.0,38621
1427,Hyundai,2015,Automatic,43858.667758214135,Petrol,385,31.58752179434581,3.0,33974
1428,Audi,2018,Manual,51493.15082976876,Diesel,278,38.67702108826903,3.0,40891
1429,Hyundai,2015,Manual,63350.56808423368,Diesel,141,28.797766512882173,3.0,32022
1430,Hyundai,2018,Automatic,31071.544128529466,Diesel,379,43.57062623919455,1.6,29674
1431,Hyundai,2010,Automatic,64169.77535166445,Petrol,391,40.82786322810961,3.0,26671
1432,Hyundai,2010,Automatic,25037.984820074318,Hybrid,476,29.42551632937154,3.0,30891
1433,Kia,2019,Automatic,41550.00186780469,Diesel,460,21.456044558485402,1.6,33821
1434,BMW,2010,Automatic,35438.24650471028,Diesel,359,45.260360290985986,1.6,29820
1435,Hyundai,2014,Automatic,40577.17768504541,Hybrid,209,31.110251682056855,1.0,24586
1436,BMW,2017,Automatic,72989.92456860314,Petrol,499,31.66035648739302,1.6,33980
1437,Kia,2013,Manual,51191.298632424325,Petrol,152,46.775996094348365,3.0,31570
1438,Kia,2017,Automatic,63791.47324780222,Petrol,447,23.90517409889017,1.0,27438
1439,Audi,2015,Automatic,12866.94304036197,Diesel,277,52.45033645870999,1.6,31741
1440,Hyundai,2011,Automatic,27436.8474328796,Diesel,5,48.034598522243144,3.0,33860
1441,Kia,2016,Manual,40112.27429729789,Petrol,411,55.36446893940638,3.0,39813
1442,Audi,2011,Automatic,55789.15762442716,Petrol,25,39.6502367339657,1.6,25324
1443,Audi,2015,Automatic,41339.681510785085,Petrol,233,27.471933579167423,1.6,30192
1444,BMW,2010,Manual,74052.04095315165,Petrol,210,32.1389866167698,1.6,28125
1445,BMW,2011,Automatic,29992.607816443342,Petrol,370,42.17923345153806,1.0,28093
1446,Hyundai,2012,Automatic,42316.449593235186,Diesel,145,32.75251301659819,3.0,32354
1447,BMW,2018,Automatic,96255.08647474245,Diesel,448,20.214071118701582,3.0,42874
1448,Hyundai,2021,Automatic,46196.78388124875,Hybrid,221,29.84950656011263,1.6,36950
1449,BMW,2017,Automatic,59665.52963294494,Diesel,479,40.97686095479241,1.0,31540
1450,Audi,2012,Automatic,60299.46846695635,Petrol,104,31.364942105338102,1.0,20297
1451,BMW,2020,Manual,67701.61862181721,Hybrid,383,,1.0,35210
1452,Kia,2021,Automatic,59494.14247141088,Diesel,65,34.29538374980656,1.0,25503
1453,BMW,2011,Automatic,49910.03491960695,Diesel,79,35.717707353844695,1.6,31115
1454,BMW,2019,Automatic,41829.32668830131,Petrol,79,40.43502518464957,2.0,39540
1455,Hyundai,2018,Manual,16591.0597606535,Diesel,359,26.18547949549051,1.6,31849
1456,BMW,2016,Automatic,43344.854535551014,Petrol,179,48.39161024522693,3.0,44860
1457,Hyundai,2010,Automatic,39202.00072706472,Petrol,256,46.68769090793805,2.0,25380
1458,Audi,2018,Automatic,94225.21771108304,Hybrid,253,50.35918721974962,1.0,22471
1459,Audi,2012,Manual,61873.23579093284,Hybrid,413,,1.0,20201
1460,BMW,2017,Automatic,46908.53674513293,Diesel,0,37.84136361746639,1.0,32130
1461,Hyundai,2021,Automatic,37831.30519030153,Diesel,339,33.43681486238776,1.0,29458
1462,Hyundai,2022,Manual,50611.29171848132,Petrol,196,62.00958741999807,1.6,33348
1463,BMW,2019,Automatic,66686.36708123818,Hybrid,39,47.12183071414326,2.0,38719
1464,Audi,2011,Automatic,50896.050076455715,Petrol,169,26.38663873080916,3.0,33142
1465,BMW,2018,Automatic,49602.982350586884,Diesel,80,41.25955895475169,1.0,32640
1466,Audi,2021,Automatic,38295.37195990317,Diesel,306,44.73285496216209,1.0,32381
1467,BMW,2019,Manual,65491.690309328056,Petrol,471,40.074096224334184,1.6,36549
1468,Hyundai,2013,Automatic,41617.88149888722,Hybrid,363,49.22894060370409,1.0,25602
1469,Audi,2010,Manual,76713.02001709372,Diesel,493,39.16669288748003,1.0,17123
1470,Kia,2016,Automatic,50672.061416496275,Diesel,76,20.558677415691523,1.6,27497
1471,Audi,2014,Automatic,70302.20133481766,Diesel,211,,2.0,26935
1472,Audi,2015,Manual,46214.57684399423,Petrol,277,43.0544216313091,1.0,24380
1473,Kia,2021,Manual,55833.1633195083,Diesel,436,13.159490550504835,2.0,37213
1474,Kia,2021,Manual,52998.10057731391,Diesel,82,47.99993753079643,1.6,35521
1475,BMW,2015,Automatic,77081.25967783087,Petrol,94,44.898208414587536,1.6,33405
1476,Hyundai,2010,Manual,53636.09205993722,Petrol,145,48.895144621454506,1.6,22760
1477,Kia,2013,Automatic,37414.81835746291,Petrol,87,41.67533895725826,1.6,28349
1478,Kia,2021,Automatic,12843.319599060196,Diesel,318,44.724555784621145,1.0,34275
1479,Audi,2010,Automatic,12427.20982224588,Hybrid,321,16.68097225392238,1.0,25898
1480,BMW,2015,Manual,55017.75848770748,Diesel,270,39.13143881353555,1.0,29877
1481,BMW,2021,Automatic,26861.267817980453,Diesel,426,31.884065928111276,3.0,47430
1482,Audi,2011,Manual,27106.516443326334,Hybrid,26,29.50558303448122,3.0,35721
1483,Hyundai,2019,Automatic,-3706.2230056367916,Diesel,285,,3.0,39343
1484,BMW,2015,Automatic,18507.398303519505,Hybrid,483,40.42172550181077,3.0,40792
1485,BMW,2018,Automatic,28855.950344360863,Diesel,354,23.977792094396193,1.0,34816
1486,Audi,2010,Manual,58765.90076073181,Petrol,209,21.218284230334014,3.0,27825
1487,BMW,2013,Manual,53858.96438725521,Petrol,155,44.94142203619051,1.0,32746
1488,Audi,2020,Automatic,90255.0217708225,Diesel,464,30.562654643472282,2.0,29027
1489,Kia,2018,Automatic,49198.473919827484,Hybrid,40,30.020155064290925,2.0,31432
1490,Kia,2017,Manual,39733.03933993133,Petrol,310,54.38159659384554,1.6,33916
1491,Hyundai,2018,Automatic,69960.84104705355,Petrol,19,29.851782311056454,3.0,34876
1492,Audi,2010,Manual,57889.79563165752,Petrol,308,30.798937190980347,2.0,25374
1493,Hyundai,2012,Automatic,85787.30115947542,Petrol,17,46.57688866911862,1.0,20290
1494,Hyundai,2015,Automatic,56937.53885687178,Petrol,297,56.78104050584795,3.0,33863
1495,Hyundai,2015,Automatic,85553.533102933,Petrol,276,42.55870123004255,3.0,31034
1496,Kia,2016,Automatic,57832.1922220002,Hybrid,373,49.21313574304997,3.0,36416
1497,Audi,2011,Automatic,28267.107814901814,Hybrid,62,37.02774458682466,1.6,25391
1498,Hyundai,2018,Manual,61640.02358768159,Diesel,169,53.76710446011978,1.6,29614
1499,BMW,2014,Automatic,59581.26088987348,Hybrid,68,44.25879828554471,1.0,27504
1500,Hyundai,2020,Manual,55449.57366022734,Petrol,372,48.750175237300674,1.0,27078
1501,Kia,2021,Automatic,51582.12085840482,Hybrid,54,29.031019777535466,2.0,36319
1502,Audi,2010,Automatic,80686.18362986659,Diesel,442,40.65567938365122,2.0,21316
1503,Audi,2022,Manual,46299.08194770545,Diesel,148,14.707331174433168,3.0,42514
1504,BMW,2019,Automatic,55460.91609906854,Petrol,199,63.229589483745215,2.0,36025
1505,Audi,2017,Automatic,29706.182227346624,Diesel,164,37.375933241199945,1.0,29052
1506,Audi,2020,Automatic,69672.29578159213,Hybrid,340,54.9460646538803,2.0,33437
1507,Hyundai,2010,Manual,37390.62666306249,Petrol,407,54.79326584125555,2.0,24719
1508,Audi,2015,Automatic,42204.36674654644,Hybrid,359,36.954035808054215,2.0,32170
1509,Kia,2012,Automatic,63379.60365044459,Petrol,102,16.890087615044536,3.0,27995
1510,Audi,2022,Automatic,43212.13950898351,Diesel,99,44.56911116245082,3.0,44718
1511,BMW,2010,Automatic,64792.358463664124,Petrol,271,40.76732441134294,2.0,29776
1512,Hyundai,2011,Automatic,75331.04580800177,Hybrid,245,50.79029456647753,2.0,24230
1513,Audi,2012,Automatic,16799.003928958766,Diesel,491,34.32122695054882,1.6,28484
1514,Kia,2015,Automatic,51153.01536316217,Hybrid,487,43.534942622204355,3.0,32318
1515,Kia,2020,Automatic,19471.284197250774,Diesel,358,38.9906456644621,1.6,36243
1516,Audi,2022,Automatic,72890.95323726995,Petrol,277,41.445425788231546,1.0,29891
1517,BMW,2013,Manual,35511.11501795462,Diesel,64,48.86696739421568,1.0,25417
1518,Hyundai,2016,Manual,38376.80596385509,Diesel,233,26.37123466411328,2.0,36441
1519,BMW,2016,Manual,42766.02417550687,Diesel,342,43.84394309708412,1.0,33756
1520,Audi,2018,Automatic,50024.62603198601,Hybrid,110,18.13812953458801,1.0,28600
1521,Audi,2016,Automatic,62711.48406270443,Hybrid,262,27.57212383648469,2.0,25643
1522,BMW,2010,Automatic,30781.481560323195,Hybrid,231,43.605881447631006,1.0,29649
1523,Kia,2019,Manual,68885.93828912253,Hybrid,252,48.39899015811781,1.0,28758
1524,Kia,2016,Automatic,31613.606418352156,Diesel,448,35.87474858169616,1.0,25233
1525,Hyundai,2016,Manual,-555.1045048734159,Diesel,256,37.13470955689192,3.0,43186
1526,Audi,2013,Manual,24577.312875891494,Diesel,478,41.80902687780389,2.0,29432
1527,Hyundai,2010,Manual,36099.95162299483,Petrol,409,23.5745566318659,1.0,16754
1528,Hyundai,2021,Manual,58749.28221194341,Hybrid,27,34.81250806136953,1.6,31878
1529,Hyundai,2020,Manual,22430.85203519996,Hybrid,35,29.50157574123291,2.0,37364
1530,Hyundai,2014,Automatic,62224.69410170219,Hybrid,9,60.569535518237025,2.0,27012
1531,Audi,2018,Automatic,66718.77708584286,Hybrid,435,37.61816077880211,1.6,29833
1532,Audi,2021,Automatic,57389.94209124483,Diesel,407,50.6625442525932,3.0,37508
1533,BMW,2021,Automatic,26041.667412704333,Petrol,298,43.31877282757112,3.0,52687
1534,BMW,2012,Automatic,47675.51610881268,Hybrid,134,33.883652318390915,2.0,31075
1535,Audi,2018,Manual,83043.70589657644,Petrol,362,47.56230762583232,3.0,31083
1536,Audi,2014,Manual,17521.406689527535,Diesel,477,30.748534813963214,2.0,33320
1537,BMW,2016,Automatic,47758.4033019524,Petrol,336,47.594325987528606,2.0,39467
1538,Kia,2020,Automatic,60220.8118352997,Petrol,365,40.612448725686534,3.0,41064
1539,Audi,2010,Manual,66824.96168834472,Hybrid,424,44.0576205275924,3.0,27815
1540,BMW,2013,Automatic,58791.148653712866,Hybrid,121,40.428929441697356,3.0,30677
1541,BMW,2015,Automatic,63678.3254544452,Diesel,92,43.62759323674761,1.0,27845
1542,BMW,2022,Automatic,51175.03195092775,Hybrid,49,55.11960019521112,1.0,36014
1543,Hyundai,2014,Automatic,27499.11567123088,Petrol,466,38.28736679919906,2.0,27378
1544,Hyundai,2010,Manual,21466.101313617863,Petrol,117,55.804200926044025,2.0,27215
1545,Kia,2017,Automatic,55331.52602186928,Petrol,397,35.91031942452538,1.6,29302
1546,Kia,2021,Automatic,51822.79309227332,Diesel,371,39.10174707686035,3.0,36439
1547,Hyundai,2010,Automatic,42252.53723671959,Diesel,335,40.98514831280258,1.0,17486
1548,Kia,2010,Manual,46380.47954316011,Petrol,38,61.933638768604624,1.0,19475
1549,Hyundai,2013,Automatic,32928.1856740604,Hybrid,33,29.992323254694963,1.6,29037
1550,Kia,2018,Automatic,62413.05312479497,Petrol,251,30.156574954327965,1.6,31349
1551,Audi,2013,Manual,60970.378037856426,Petrol,63,49.851055101285986,2.0,29256
1552,Hyundai,2018,Manual,35842.48320209671,Petrol,338,41.74125997899488,3.0,36808
1553,Kia,2019,Automatic,75846.53960367087,Diesel,466,50.940434975417006,3.0,33247
1554,BMW,2020,Automatic,22156.143837674786,Diesel,495,38.14761438708556,1.0,37983
1555,Kia,2015,Automatic,55961.77029986148,Petrol,450,49.44785014334049,2.0,30940
1556,Kia,2014,Automatic,65099.21672245405,Petrol,206,53.20198566531189,3.0,31200
1557,Kia,2011,Automatic,45522.34930962628,Hybrid,58,48.40499673408233,1.6,27098
1558,Kia,2022,Automatic,52338.808423974115,Hybrid,69,41.0402725237619,1.6,34964
1559,Kia,2012,Automatic,35707.169399257386,Diesel,165,43.48709383825356,3.0,31894
1560,Kia,2021,Automatic,41402.44195395907,Petrol,124,44.905838910212154,2.0,37454
1561,Kia,2010,Automatic,52337.84419965782,Hybrid,391,34.9703497773651,3.0,29162
1562,BMW,2019,Automatic,49761.67463159595,Petrol,395,40.968066437454596,1.0,34861
1563,Hyundai,2021,Manual,35866.57000344522,Hybrid,195,44.84873012476819,1.6,30830
1564,BMW,2011,Automatic,52037.0544787447,Diesel,408,32.1799728718443,1.6,28963
1565,Audi,2016,Automatic,61693.61460741534,Diesel,256,,3.0,35619
1566,Audi,2017,Automatic,55497.84707483368,Petrol,107,28.34514931669706,1.0,27731
1567,Audi,2010,Automatic,72167.12203024619,Hybrid,427,46.747070695302035,3.0,27895
1568,BMW,2014,Manual,56041.73430332802,Diesel,107,44.872136366186346,1.6,33552
1569,Hyundai,2016,Manual,45462.87161904348,Petrol,246,48.904665944372496,3.0,40760
1570,Audi,2013,Manual,23117.37021211054,Diesel,298,48.49182964677619,2.0,32358
1571,Audi,2011,Automatic,23068.054016463728,Diesel,335,32.2919200032863,3.0,35863
1572,Kia,2019,Automatic,45131.2826783296,Diesel,71,47.721769626559436,2.0,33130
1573,Audi,2012,Automatic,45396.390961149766,Hybrid,295,26.38889936883269,2.0,28833
1574,Audi,2017,Automatic,51200.545749872996,Hybrid,134,55.58292448939743,3.0,35914
1575,Kia,2014,Automatic,65299.794427900095,Hybrid,179,25.132181810162365,1.6,28901
1576,Audi,2013,Automatic,31053.131916113784,Petrol,10,46.36167972075881,2.0,30624
1577,Hyundai,2020,Automatic,47600.68329226294,Hybrid,373,32.09483558017351,1.6,36562
1578,Audi,2021,Automatic,4924.401667437494,Hybrid,71,33.46251835788888,1.0,34944
1579,BMW,2015,Automatic,63424.201166130704,Diesel,352,35.36161922221143,2.0,33390
1580,Kia,2014,Automatic,45216.98389146262,Petrol,61,44.72273701476603,1.6,28678
1581,BMW,2015,Manual,42333.501674749394,Diesel,319,40.821558553651776,2.0,37523
1582,Hyundai,2021,Manual,28208.70443752377,Hybrid,172,46.844256688432566,2.0,41754
1583,Hyundai,2016,Automatic,65160.383538758586,Hybrid,133,54.443956725800575,1.0,23152
1584,Hyundai,2012,Manual,20278.695237823304,Petrol,87,39.18902898890047,1.0,22401
1585,Kia,2015,Automatic,69979.41017243805,Diesel,318,40.56365236358034,1.6,26586
1586,Kia,2010,Automatic,61969.421869740065,Diesel,22,39.99001324780772,2.0,23540
1587,Audi,2019,Automatic,25402.92996529244,Diesel,172,53.696335606110516,1.0,34780
1588,Kia,2018,Manual,34756.44789332291,Petrol,238,54.60382886641035,3.0,39638
1589,Audi,2022,Automatic,26543.22087619759,Diesel,40,45.12670621411901,2.0,38428
1590,BMW,2022,Automatic,44188.08495522443,Hybrid,198,40.15665611577971,1.6,40584
1591,Audi,2014,Automatic,47851.985411010704,Petrol,62,23.531443714938792,2.0,27458
1592,BMW,2022,Manual,39328.00078072633,Diesel,63,29.06165795115193,1.6,44316
1593,Kia,2014,Automatic,52389.895641668605,Diesel,82,37.01615628414596,1.6,27387
1594,BMW,2017,Automatic,50589.47966196468,Diesel,186,42.66682230804426,1.0,32193
1595,Hyundai,2020,Automatic,73199.45479564785,Diesel,452,39.20761513563567,1.6,30038
1596,BMW,2013,Automatic,81743.68346679206,Hybrid,42,41.10026884293613,3.0,35163
1597,BMW,2014,Automatic,38702.15961272611,Petrol,461,37.12832757120261,2.0,34522
1598,Audi,2022,Manual,23509.00355808406,Petrol,175,45.44043431292289,1.0,36740
1599,BMW,2019,Manual,52912.41442160212,Hybrid,270,55.2425864244268,2.0,37076
1600,BMW,2013,Automatic,48001.81314967759,Hybrid,341,42.18761940559821,1.0,26234
1601,Kia,2019,Automatic,47720.463632629544,Petrol,28,54.42695707874476,2.0,33381
1602,Kia,2021,Automatic,34893.89313929899,Petrol,293,46.72610201696904,1.0,34715
1603,Kia,2021,Automatic,90801.01833723919,Diesel,336,36.429018212888344,2.0,28928
1604,BMW,2013,Automatic,70931.226968301,Petrol,58,42.71024127431282,3.0,35660
1605,Kia,2013,Manual,101384.01708811123,Hybrid,405,34.14543277369411,2.0,20566
1606,Hyundai,2019,Automatic,94656.96859041706,Diesel,458,19.793395664136703,1.0,24614
1607,Kia,2011,Manual,55121.02660811951,Hybrid,308,45.55829824467366,2.0,27335
1608,Kia,2014,Automatic,51898.660451409014,Diesel,495,,3.0,36622
1609,Hyundai,2021,Automatic,40958.028840129344,Hybrid,418,40.176874736010376,3.0,39895
1610,Audi,2012,Automatic,80702.07672590752,Hybrid,84,39.35082671913704,2.0,21904
1611,Hyundai,2020,Automatic,49930.368729759444,Hybrid,115,48.23065020287652,1.6,31707
1612,BMW,2021,Automatic,54102.91571578295,Hybrid,371,51.64699409780285,1.6,38019
1613,BMW,2015,Manual,68992.1827722441,Diesel,152,35.70847781422622,3.0,38540
1614,Hyundai,2020,Manual,57766.663931657444,Diesel,359,42.32033386228073,3.0,38838
1615,Audi,2013,Automatic,43709.66832496866,Diesel,423,45.20538751203293,1.0,24083
1616,Hyundai,2020,Automatic,14256.491306482545,Petrol,87,46.2691906515351,2.0,42251
1617,Audi,2018,Manual,68860.47313981796,Diesel,454,39.44476253700502,1.6,30688
1618,Kia,2021,Automatic,36749.20957480078,Hybrid,235,32.83133992484008,2.0,41246
1619,Audi,2022,Automatic,34813.59056300634,Diesel,88,42.51932168693022,3.0,43316
1620,Kia,2022,Manual,74872.90972297214,Hybrid,394,26.12704944972053,3.0,39599
1621,BMW,2021,Automatic,87111.96997842897,Petrol,365,16.807274433637957,2.0,35497
1622,Audi,2011,Manual,59518.86129587813,Hybrid,66,49.09942386832417,2.0,26532
1623,Audi,2015,Automatic,54406.94443027348,Diesel,213,46.355551389772344,1.6,27132
1624,Kia,2013,Automatic,56294.03848280055,Petrol,322,33.02883173901034,2.0,24211
1625,BMW,2021,Automatic,-4464.640608008391,Petrol,363,41.197521548909506,1.6,44635
1626,Audi,2020,Automatic,97827.72479925005,Hybrid,234,35.91603991283234,1.6,24527
1627,Audi,2014,Automatic,58216.03461126673,Hybrid,368,53.775872164606184,2.0,30887
1628,BMW,2013,Automatic,49026.084211566646,Hybrid,134,34.540442401678696,2.0,29970
1629,Kia,2017,Automatic,76775.15690668122,Petrol,290,27.031123508708177,2.0,29574
1630,Hyundai,2014,Automatic,78352.59952243831,Hybrid,171,45.84603630605997,1.6,23616
1631,BMW,2016,Automatic,30286.80721217443,Diesel,225,37.81036180062628,1.0,31943
1632,BMW,2022,Automatic,49488.35472026108,Diesel,183,44.1556871674186,1.0,39397
1633,BMW,2017,Automatic,84590.517307186,Hybrid,258,43.13445850991757,3.0,39994
1634,Kia,2011,Manual,30845.087595971905,Diesel,1,54.54502256203092,2.0,27307
1635,Audi,2012,Automatic,45789.498476672685,Petrol,411,44.14799294876877,1.0,23848
1636,Kia,2019,Automatic,58065.66280280844,Diesel,472,43.82995628993348,2.0,31639
1637,BMW,2013,Automatic,63913.490997476,Petrol,143,41.135613422444834,2.0,34224
1638,BMW,2017,Automatic,23267.988367823033,Petrol,438,,1.6,36354
1639,Kia,2022,Automatic,64808.33015087973,Hybrid,414,43.99831196194858,2.0,33634
1640,Hyundai,2012,Automatic,42262.74691512622,Hybrid,16,51.6148046214513,1.6,27848
1641,Audi,2013,Automatic,57802.96090963537,Diesel,94,42.09114926932958,3.0,33757
1642,Audi,2018,Automatic,21383.9078919419,Diesel,258,45.77588727491632,3.0,39088
1643,Kia,2022,Automatic,50818.640917788776,Diesel,268,35.83418735770236,1.0,33390
1644,Kia,2020,Manual,26923.121566022204,Petrol,203,22.34102421155874,2.0,35192
1645,Hyundai,2019,Manual,71185.53516223171,Diesel,321,34.01549659165716,3.0,37404
1646,Kia,2016,Manual,80810.27804870624,Diesel,209,21.521730923587196,1.6,24924
1647,Audi,2014,Automatic,64868.81746128166,Petrol,181,33.025152362114014,3.0,31350
1648,Kia,2016,Manual,86983.85934510472,Hybrid,340,58.24897134474743,3.0,31776
1649,BMW,2019,Automatic,68681.19036797914,Diesel,164,39.44016151138556,1.6,35997
1650,Hyundai,2020,Automatic,70788.72636823602,Hybrid,300,46.57469681035552,1.6,31007
1651,Audi,2018,Automatic,25015.12642225032,Hybrid,408,26.663055905800682,1.6,33964
1652,Kia,2015,Manual,42541.42740841593,Hybrid,49,41.898977349998894,1.0,23979
1653,BMW,2016,Automatic,65975.30513758693,Diesel,58,30.462418323074502,1.0,30508
1654,BMW,2016,Automatic,92118.60443066127,Diesel,406,51.21486704865024,1.0,28039
1655,Audi,2022,Manual,67429.25080336808,Petrol,371,26.73939417185249,1.0,33863
1656,Hyundai,2016,Manual,23850.002802360726,Petrol,350,31.194858547890355,1.0,32004
1657,Hyundai,2020,Manual,86110.58763949953,Petrol,57,34.373067195061616,3.0,35629
1658,Audi,2018,Automatic,52861.24477762989,Petrol,285,40.0488557456303,3.0,38988
1659,Kia,2010,Automatic,45309.77166542047,Diesel,422,29.625854553886,1.0,21251
1660,BMW,2011,Automatic,33967.85422668549,Petrol,96,36.53254587548419,1.6,33652
1661,Audi,2022,Automatic,29363.3335126312,Petrol,397,14.678867925111618,2.0,39547
1662,Audi,2022,Automatic,73895.04649375132,Petrol,263,61.59834890329938,1.6,30184
1663,Audi,2018,Automatic,55926.03629595063,Hybrid,115,25.77179572720427,3.0,36416
1664,Audi,2017,Manual,69810.16452039992,Diesel,404,42.19617843565804,1.6,27279
1665,BMW,2010,Automatic,40855.635845000295,Petrol,177,54.3732242434452,3.0,34108
1666,Hyundai,2010,Automatic,44230.13636758342,Hybrid,388,47.711598811296184,3.0,28632
1667,Audi,2017,Automatic,67056.63801892499,Diesel,118,50.10660563566449,2.0,31449
1668,Hyundai,2010,Automatic,57390.5517290573,Petrol,163,53.06570931688168,1.6,21403
1669,Kia,2010,Automatic,70509.91316783402,Hybrid,179,32.49051735352076,1.6,20160
1670,BMW,2012,Manual,73668.29926652502,Hybrid,256,34.61400637222748,1.6,28772
1671,Kia,2012,Automatic,50752.330572052306,Petrol,380,28.252051361906062,2.0,24109
1672,Kia,2021,Automatic,25283.396202434928,Petrol,125,40.18768271176328,1.6,37837
1673,Hyundai,2012,Automatic,60781.432549916535,Petrol,413,47.67533350874146,1.0,22381
1674,BMW,2014,Manual,28404.307903314566,Hybrid,35,42.21430357544807,1.0,35564
1675,Audi,2022,Manual,32789.66793543976,Petrol,135,42.08931378349208,3.0,42133
1676,Hyundai,2022,Automatic,52664.629018630236,Diesel,237,31.7771320067722,3.0,39371
1677,Kia,2016,Manual,70157.36937063164,Petrol,270,46.34716715258965,2.0,30896
1678,Kia,2018,Automatic,40475.84091731114,Diesel,412,23.020452012096126,1.0,28574
1679,Kia,2019,Automatic,57654.92419192701,Hybrid,388,32.61241128583095,1.6,31523
1680,BMW,2016,Manual,42470.9984586652,Petrol,381,54.03936529422266,1.0,33857
1681,Kia,2017,Automatic,79483.58647954777,Diesel,133,61.67591494537878,1.6,27646
1682,Hyundai,2022,Automatic,38225.557245618445,Hybrid,45,47.293255553678506,1.0,33764
1683,BMW,2012,Manual,37640.430274885664,Petrol,288,41.44737175756281,1.0,29184
1684,Kia,2015,Automatic,37172.38372393878,Petrol,174,20.187615554417786,2.0,33104
1685,Kia,2010,Automatic,33615.58222707691,Petrol,199,7.917073144770242,3.0,28819
1686,Kia,2016,Automatic,46510.404156465294,Petrol,113,26.59531564588933,1.6,31120
1687,BMW,2010,Automatic,69880.79327358727,Diesel,373,56.626497864546394,1.0,22468
1688,Kia,2017,Automatic,17467.79253424696,Hybrid,152,35.33026273917365,2.0,35301
1689,Audi,2022,Automatic,73732.91583267672,Diesel,393,31.555094787074,2.0,33594
1690,Audi,2020,Automatic,69204.68761496869,Diesel,443,25.270923934570998,3.0,37759
1691,BMW,2022,Automatic,47738.98237109439,Diesel,401,32.50233463292962,1.0,35471
1692,Audi,2021,Automatic,44187.29204965626,Diesel,154,32.91313642207331,1.0,33721
1693,Kia,2011,Automatic,90857.87743268581,Hybrid,419,51.47955513990703,1.6,20051
1694,Audi,2022,Automatic,51269.39819489204,Hybrid,170,30.07614980336588,2.0,39843
1695,Hyundai,2015,Manual,55550.06103804786,Diesel,161,15.395422273877024,1.6,30364
1696,Audi,2015,Automatic,62234.893006473896,Hybrid,258,42.212548991933915,1.0,28567
1697,BMW,2011,Automatic,49453.43492442497,Hybrid,91,47.60057918760206,3.0,38610
1698,Kia,2015,Manual,-539.2734777272926,Hybrid,436,39.60016153603196,1.6,29888
1699,Hyundai,2016,Manual,63829.58459827221,Diesel,66,44.74668052710504,1.0,26205
1700,BMW,2018,Automatic,44604.73651714695,Petrol,285,43.121536201786014,2.0,39146
1701,Audi,2014,Manual,66586.28428071178,Diesel,184,35.148765112413955,1.0,24217
1702,Kia,2019,Manual,37286.589658455094,Petrol,363,48.10977025939538,1.6,34611
1703,Hyundai,2016,Manual,64409.0809755314,Diesel,11,56.13710391311322,3.0,34738
1704,Audi,2016,Manual,49390.09833665177,Hybrid,342,57.18975212526141,1.0,20108
1705,BMW,2010,Automatic,31393.19702804123,Diesel,433,39.611675432822224,3.0,37830
1706,Audi,2018,Automatic,68695.8457985215,Diesel,376,49.996618094650884,1.0,24050
1707,BMW,2022,Automatic,54139.62715993791,Petrol,239,52.34753313373592,1.6,38042
1708,BMW,2019,Manual,25532.615140910417,Petrol,104,52.30385894741624,2.0,41182
1709,Kia,2014,Automatic,58348.10708705217,Diesel,59,38.67821372615021,2.0,27474
1710,Audi,2016,Automatic,30526.9294395058,Diesel,155,36.616875171110664,2.0,33509
1711,Hyundai,2011,Automatic,59034.27028987106,Diesel,211,33.202638353930475,1.0,19417
1712,Kia,2015,Manual,32771.055834592655,Diesel,260,36.77756059312431,2.0,33421
1713,BMW,2017,Manual,82728.23850764445,Hybrid,321,41.93044021268784,1.6,29481
1714,BMW,2011,Automatic,62741.838672502745,Hybrid,45,41.44103299668683,2.0,29435
1715,Kia,2019,Automatic,31150.239088435337,Hybrid,389,34.00396170655593,3.0,40537
1716,Hyundai,2011,Automatic,46549.61519422666,Petrol,181,43.75985079995577,3.0,28541
1717,Hyundai,2015,Automatic,47343.74538386976,Hybrid,50,35.14200092755022,2.0,30344
1718,Audi,2022,Automatic,57694.42159055833,Diesel,219,44.8972198671843,2.0,35232
1719,BMW,2022,Automatic,42779.21326928712,Petrol,356,48.45573858230929,2.0,39667
1720,BMW,2012,Automatic,69973.76802452121,Petrol,90,34.604419115839505,1.0,25841
1721,Hyundai,2018,Automatic,23603.75318958023,Petrol,319,60.457384565260014,3.0,41034
1722,BMW,2014,Automatic,44894.62497380296,Petrol,246,49.83080588195936,1.6,35869
1723,Kia,2020,Manual,84979.97653571927,Petrol,481,55.7682060914116,2.0,31735
1724,BMW,2016,Automatic,47324.455214346526,Petrol,184,21.388460901623763,1.6,35271
1725,Hyundai,2015,Automatic,57010.765819138134,Hybrid,101,50.035644436081,1.0,24789
1726,Kia,2010,Automatic,44987.052769841386,Petrol,117,38.55957211712486,1.0,20385
1727,Audi,2022,Automatic,51010.80775191242,Petrol,109,43.90249588801326,3.0,45084
1728,BMW,2020,Automatic,52745.68536411246,Hybrid,370,31.722766212360547,1.0,35300
1729,Kia,2018,Manual,42046.83376651135,Diesel,300,53.454094868103326,1.0,28382
1730,Audi,2011,Automatic,28136.718215832334,Petrol,307,40.12621489335456,1.0,24620
1731,Kia,2012,Automatic,53193.476231652225,Petrol,215,32.69727726050517,2.0,26353
1732,BMW,2014,Manual,75899.06850649198,Hybrid,225,51.046508914423434,3.0,33680
1733,Audi,2010,Automatic,69085.1743797618,Diesel,135,41.228811692667314,1.6,21553
1734,Hyundai,2012,Automatic,87404.14169019242,Diesel,182,42.681360361872706,1.0,16719
1735,Kia,2011,Automatic,12575.34410409403,Diesel,307,34.50960527659081,3.0,38216
1736,BMW,2019,Manual,95582.12057038004,Diesel,465,47.23242946892499,1.0,27464
1737,Audi,2018,Automatic,53876.87172731467,Hybrid,215,31.677336217718988,1.0,28571
1738,Hyundai,2015,Automatic,16641.183405141543,Hybrid,185,28.034696352234093,2.0,28754
1739,Kia,2014,Automatic,70217.89210461016,Diesel,439,42.16306349456739,1.0,21274
1740,Kia,2012,Manual,52716.234709343844,Petrol,78,38.80502978441389,3.0,30558
1741,Hyundai,2020,Manual,35677.37942904755,Petrol,395,45.86476118584129,1.0,32410
1742,BMW,2010,Automatic,8557.031116166225,Hybrid,345,42.67944746871279,1.6,33193
1743,Kia,2011,Automatic,54595.85777193549,Hybrid,447,44.422619956517266,3.0,34377
1744,Audi,2012,Automatic,42981.05756172058,Petrol,199,47.761086369002534,3.0,31261
1745,Kia,2016,Automatic,27532.073554822182,Hybrid,166,39.43141536963266,2.0,33842
1746,Kia,2018,Automatic,55452.28812329059,Petrol,328,43.73913641502366,1.0,26010
1747,BMW,2021,Manual,72730.80399615609,Hybrid,197,31.195089897707625,1.0,34174
1748,BMW,2013,Automatic,66848.33485867684,Petrol,23,26.625544814998182,1.6,29164
1749,BMW,2017,Automatic,48204.60189875214,Diesel,127,37.03319812960308,3.0,44263
1750,Audi,2012,Automatic,72385.8257140027,Petrol,120,25.406369962490682,1.0,22094
1751,Hyundai,2021,Automatic,35303.213535772025,Petrol,258,41.50523918841512,2.0,40582
1752,BMW,2018,Automatic,66710.67169424401,Petrol,24,38.64486499571886,3.0,41285
1753,Audi,2020,Automatic,57776.28470466328,Petrol,37,48.52702301603374,1.0,31381
1754,Audi,2020,Automatic,57264.57401633603,Diesel,11,48.57658884634104,1.6,30832
1755,BMW,2021,Manual,56067.010523238714,Hybrid,162,28.791585169263488,1.6,36867
1756,BMW,2021,Automatic,90454.70019576472,Diesel,83,42.88519305315263,1.6,40358
1757,BMW,2022,Automatic,39264.14334917704,Petrol,271,48.07720319895486,1.6,39640
1758,Audi,2013,Automatic,69217.43528365476,Hybrid,408,37.91271278618693,3.0,33008
1759,BMW,2010,Automatic,51592.65409361168,Petrol,51,30.049906361362012,1.6,30145
1760,Audi,2015,Automatic,30772.104914951025,Diesel,260,55.56917763335758,2.0,33635
1761,Hyundai,2017,Automatic,22327.49663808002,Diesel,133,62.345974280818986,1.0,28979
1762,Audi,2020,Automatic,45426.65274584643,Diesel,383,28.10538156791333,3.0,41692
1763,Kia,2016,Manual,50145.67752849412,Diesel,119,28.75154634943872,3.0,38385
1764,BMW,2010,Automatic,28541.098801978456,Hybrid,469,37.88435644545619,2.0,30707
1765,Kia,2014,Automatic,35946.69265961341,Hybrid,442,24.722830167061716,2.0,31134
1766,Hyundai,2018,Automatic,62794.0331054015,Diesel,473,26.305778676002895,1.6,29947
1767,Audi,2012,Automatic,58013.37534043493,Hybrid,195,,1.6,23220
1768,Audi,2019,Automatic,61126.96881981485,Petrol,439,28.10612694569209,1.0,22096
1769,Hyundai,2013,Automatic,2993.7132955402267,Diesel,173,63.84129177518282,1.0,26316
1770,Hyundai,2015,Manual,10619.80501888023,Hybrid,298,35.20863724821551,2.0,38362
1771,Hyundai,2016,Automatic,84119.94023325808,Petrol,243,46.652887546952954,3.0,31272
1772,Hyundai,2015,Automatic,25918.98536204869,Hybrid,421,37.55184623819794,3.0,34558
1773,Audi,2019,Automatic,49166.549688372506,Hybrid,128,50.06849488512852,1.6,29469
1774,BMW,2021,Automatic,43749.08869933412,Hybrid,83,23.354453747447835,3.0,51042
1775,BMW,2013,Manual,47527.65018484821,Petrol,53,42.71273567033816,1.6,32056
1776,Kia,2012,Manual,63013.9941708057,Hybrid,220,46.10973133399269,1.6,24531
1777,Kia,2011,Automatic,50826.03208214275,Diesel,336,28.870643195936623,3.0,33940
1778,Kia,2019,Automatic,26729.769672067465,Petrol,439,53.00947103008467,2.0,38924
1779,Audi,2018,Automatic,69892.42045172444,Diesel,39,27.104840354226592,1.6,30283
1780,BMW,2018,Manual,53976.75809641988,Petrol,304,,1.6,37728
1781,Audi,2012,Manual,51755.89997133812,Diesel,110,41.32478229670461,1.0,19583
1782,Audi,2013,Automatic,56849.24872809153,Diesel,257,48.257425552276445,1.0,20265
1783,Kia,2020,Automatic,77642.43568872663,Petrol,214,,1.0,29330
1784,BMW,2014,Automatic,22202.64649777811,Diesel,430,43.808057271029725,1.0,35407
1785,Kia,2021,Automatic,69730.69176526624,Hybrid,438,31.793008414912315,1.0,30522
1786,Kia,2011,Automatic,35829.4255181115,Hybrid,290,40.6931244482497,1.6,26555
1787,Kia,2017,Automatic,56897.644482655036,Hybrid,392,40.69006026350571,1.6,30861
1788,BMW,2011,Manual,34254.49851834944,Hybrid,495,25.115478100392448,2.0,31433
1789,Hyundai,2019,Manual,53537.744030660215,Diesel,332,25.707816254266554,3.0,37277
1790,BMW,2013,Automatic,52902.99806169979,Hybrid,340,52.28027172828828,3.0,33973
1791,Kia,2014,Manual,93534.47023912148,Hybrid,147,43.091555457980256,1.6,21718
1792,BMW,2018,Manual,71613.04814527574,Hybrid,492,59.5341527087829,2.0,35199
1793,Hyundai,2012,Automatic,61014.797146646146,Petrol,389,,2.0,24719
1794,Kia,2014,Automatic,24307.103906150176,Diesel,467,41.75793732481826,1.6,31530
1795,Kia,2010,Automatic,63719.64305638982,Petrol,256,38.14570440548133,1.6,17744
1796,Hyundai,2011,Manual,38464.594730312776,Petrol,124,40.13537013090805,1.0,21774
1797,Kia,2022,Automatic,17122.217676808294,Hybrid,474,20.16048553496314,1.6,38560
1798,Kia,2020,Automatic,21967.914100261296,Diesel,98,41.31941039632631,1.0,34962
1799,Kia,2017,Manual,42392.87546599228,Petrol,404,50.853375805091744,1.6,31164
1800,Audi,2018,Manual,82064.20816507886,Petrol,32,43.423245066958785,1.6,26893
1801,BMW,2018,Manual,23697.612573972245,Petrol,267,49.931629263909514,3.0,46883
1802,Kia,2016,Automatic,34934.20853712059,Hybrid,124,32.62254576465557,2.0,30579
1803,Hyundai,2017,Automatic,5316.819262574798,Diesel,429,32.6247796587771,3.0,44061
1804,Kia,2014,Automatic,16355.013671895656,Diesel,184,43.718807779589724,1.6,28674
1805,Kia,2019,Manual,12764.96058547109,Hybrid,372,43.677720572316275,2.0,37227
1806,Kia,2013,Automatic,42109.837496475244,Diesel,376,31.18888713770378,3.0,30302
1807,Hyundai,2016,Automatic,41530.7224566495,Petrol,83,73.1086220280759,1.0,28085
1808,Hyundai,2022,Manual,60503.28554284104,Petrol,387,57.82031866247137,1.6,35961
1809,Kia,2015,Automatic,24858.205771921286,Diesel,141,50.84739431362448,1.0,25201
1810,BMW,2015,Automatic,21407.32402290848,Hybrid,435,46.87773984622398,1.6,33627
1811,Audi,2019,Manual,38914.48856732561,Diesel,267,37.51232568413548,2.0,35770
1812,Kia,2022,Automatic,33018.71802501706,Petrol,451,44.90165040389367,3.0,37710
1813,Hyundai,2010,Automatic,8034.103313135529,Diesel,261,44.65762464992548,1.6,30065
1814,BMW,2011,Automatic,76492.70096104353,Diesel,485,34.8937666010243,3.0,30482
1815,Kia,2018,Automatic,67249.8766911936,Diesel,253,33.088150655793356,3.0,36316
1816,Audi,2011,Manual,51781.71587366694,Hybrid,260,27.292116038726355,2.0,24549
1817,Hyundai,2011,Manual,48777.96279835123,Hybrid,478,50.22936472432559,3.0,27146
1818,BMW,2018,Automatic,48323.547564390334,Petrol,403,36.48384313450695,1.0,32254
1819,Audi,2011,Automatic,60957.343714901166,Hybrid,219,43.25754572864092,3.0,26938
1820,Hyundai,2021,Automatic,32549.82131754898,Petrol,227,10.567535478140794,1.6,35211
1821,Kia,2017,Automatic,45840.46788296138,Diesel,85,56.2628784206707,2.0,32455
1822,Audi,2010,Manual,55639.157133315304,Petrol,94,31.121946215156186,2.0,26547
1823,Kia,2010,Manual,71177.46674121445,Diesel,111,40.078369285880974,3.0,24302
1824,Hyundai,2021,Automatic,96043.45740691882,Hybrid,312,43.479701794126875,2.0,35928
1825,Kia,2017,Manual,59504.25237595372,Petrol,322,24.292046007887016,1.0,27155
1826,BMW,2020,Manual,49072.68824567045,Hybrid,175,34.6414428642615,1.6,38999
1827,Hyundai,2018,Automatic,82869.36256221391,Diesel,9,40.92166480884364,1.0,22143
1828,Audi,2013,Automatic,29858.377365309367,Diesel,16,42.01031257972606,2.0,32015
1829,BMW,2017,Automatic,85761.61215954923,Hybrid,473,21.22848235234666,1.6,33420
1830,Kia,2020,Automatic,32468.69222206268,Diesel,475,46.58703341902475,3.0,44711
1831,BMW,2020,Manual,56567.5209837207,Hybrid,323,37.551812432487466,2.0,38223
1832,Hyundai,2010,Automatic,42621.98393037684,Petrol,202,,1.0,20374
1833,Kia,2021,Manual,63836.09369838691,Hybrid,266,28.200270232280747,1.6,32312
1834,Kia,2021,Automatic,37257.08701285103,Hybrid,136,37.23067235297733,1.6,34489
1835,Kia,2020,Automatic,15058.961277881353,Hybrid,235,45.77564820608708,1.6,33129
1836,Hyundai,2020,Manual,56282.76121978251,Petrol,129,60.37368111433898,3.0,39909
1837,Kia,2015,Manual,25942.485784941942,Petrol,461,39.95188701898852,1.0,29456
1838,Audi,2022,Automatic,30107.767174074004,Petrol,339,64.64947813361582,2.0,41235
1839,Audi,2013,Manual,63764.37667251032,Petrol,432,36.521153367835744,1.0,23700
1840,BMW,2020,Automatic,74817.67574776811,Petrol,312,25.894667141576466,2.0,40906
1841,Audi,2014,Manual,25511.632917992807,Petrol,381,29.430430767300034,2.0,31729
1842,Kia,2016,Automatic,15187.51144223009,Hybrid,191,35.820273956241365,2.0,38172
1843,Hyundai,2014,Automatic,53088.11182328281,Petrol,140,36.5258908271093,1.0,26019
1844,Kia,2011,Manual,50459.08549173762,Diesel,135,48.7219315628862,3.0,30657
1845,Audi,2014,Automatic,52802.54584719302,Hybrid,313,26.765445262043503,3.0,30667
1846,Audi,2016,Automatic,29731.50835900455,Hybrid,0,39.361281028154615,3.0,37213
1847,Audi,2010,Automatic,64995.37239604801,Petrol,365,25.81214909371635,3.0,30255
1848,Kia,2017,Automatic,40529.165311654346,Hybrid,311,38.1506349898043,1.6,28706
1849,Audi,2022,Automatic,88587.14405369069,Hybrid,160,51.71175383889491,1.6,30631
1850,BMW,2011,Manual,51822.24553511151,Diesel,357,35.439092776457194,1.0,25670
1851,Kia,2016,Manual,43689.366902999864,Diesel,415,50.647407593664646,2.0,30575
1852,Kia,2016,Manual,13988.692235334383,Diesel,271,,2.0,33800
1853,BMW,2010,Automatic,35523.80254227039,Petrol,313,57.37902816174232,3.0,35399
1854,Audi,2017,Automatic,86760.95955247678,Hybrid,97,40.5647513544431,3.0,35415
1855,Hyundai,2012,Manual,43868.375218152716,Petrol,184,60.625269023036296,3.0,32314
1856,Audi,2014,Manual,38116.16359349896,Diesel,164,37.093622436725944,3.0,35603
1857,Audi,2015,Manual,80387.31640934912,Diesel,335,29.239633289152728,1.0,20991
1858,Hyundai,2016,Automatic,38194.25341221553,Diesel,169,36.81469333252429,3.0,35350
1859,Kia,2013,Manual,65696.36018928632,Diesel,143,41.08608260954628,1.0,21400
1860,Kia,2012,Automatic,45916.534327355585,Hybrid,158,37.04468593853265,3.0,34707
1861,Kia,2019,Automatic,54579.35500154007,Petrol,458,25.28174021351827,1.6,30202
1862,Hyundai,2021,Automatic,61182.52687650909,Hybrid,354,24.37108025096337,2.0,34216
1863,Kia,2012,Automatic,50853.43538893298,Hybrid,215,39.05766319884829,2.0,22299
1864,Audi,2012,Automatic,37310.834907298,Hybrid,475,46.26231300592543,1.6,27473
1865,Audi,2020,Manual,76169.31961278754,Petrol,273,41.27754756351759,1.0,29560
1866,Hyundai,2011,Automatic,60079.507542261585,Hybrid,31,63.079635630949554,1.6,24085
1867,Audi,2015,Automatic,40614.65467074121,Diesel,382,38.59660744069369,2.0,33798
1868,Audi,2013,Manual,106159.78277401553,Diesel,402,47.18543647607103,1.6,18197
1869,Kia,2013,Automatic,66785.0374562314,Hybrid,209,34.865943931660894,1.6,24118
1870,BMW,2017,Manual,46615.45053882318,Hybrid,310,42.677517299821766,2.0,38210
1871,Kia,2010,Automatic,82155.05001157227,Hybrid,250,35.86226876557825,1.0,15079
1872,Kia,2013,Manual,32811.76928120282,Diesel,285,51.03726710350439,1.0,28443
1873,BMW,2021,Automatic,99676.25278693263,Hybrid,424,45.50246517020705,3.0,40620
1874,BMW,2020,Automatic,11809.221257848949,Petrol,95,29.79279155384373,3.0,46971
1875,Audi,2016,Automatic,26964.62604483957,Petrol,246,44.72271833416612,2.0,34047
1876,Audi,2016,Automatic,56028.14278560163,Petrol,95,44.9655759350263,2.0,32970
1877,Audi,2011,Manual,36373.343025389026,Petrol,196,41.48040697686266,1.0,21929
1878,Hyundai,2021,Manual,19244.272723545546,Petrol,70,26.801329197322854,3.0,42689
1879,Kia,2016,Manual,87533.69503226882,Petrol,427,37.827139606283914,2.0,29338
1880,Hyundai,2012,Automatic,56300.148917487386,Petrol,88,52.276263015717774,2.0,26247
1881,Hyundai,2017,Automatic,27913.02560183583,Diesel,174,46.66004533646708,3.0,42159
1882,Hyundai,2015,Automatic,32489.62292121219,Hybrid,291,35.344013051137594,3.0,37280
1883,Kia,2013,Manual,39299.12165856893,Petrol,80,39.907864456741066,3.0,34057
1884,Hyundai,2013,Automatic,75473.40493725998,Hybrid,301,32.50853808434158,1.6,21056
1885,Audi,2021,Automatic,35907.13224858802,Petrol,273,49.13640524337213,1.6,34019
1886,Hyundai,2017,Automatic,47099.554109615274,Diesel,290,17.996114835873446,3.0,36905
1887,Audi,2013,Automatic,50801.26058974536,Diesel,157,62.93702855619512,1.6,24454
1888,BMW,2010,Automatic,36389.402921219065,Hybrid,402,48.67409294056677,2.0,30623
1889,Hyundai,2011,Automatic,49345.54160914366,Petrol,327,27.561750677808067,1.0,22634
1890,BMW,2010,Automatic,41868.13551905726,Diesel,202,37.78105539127537,2.0,32660
1891,Audi,2017,Automatic,50854.03670764859,Diesel,240,36.019915883153026,2.0,31557
1892,Audi,2014,Manual,36107.6562938336,Diesel,389,42.103124798559854,1.6,26504
1893,Hyundai,2022,Automatic,46071.06514214062,Petrol,100,41.185526456148274,3.0,45325
1894,Kia,2019,Automatic,29280.896277224518,Petrol,264,47.53595807045193,1.6,38059
1895,Kia,2013,Automatic,54670.57646047512,Diesel,355,59.2948963504231,2.0,29031
1896,Kia,2017,Automatic,54937.92804930632,Diesel,386,51.1694236432017,2.0,30022
1897,BMW,2011,Manual,75067.19104657539,Diesel,20,27.808790527097223,3.0,30757
1898,Audi,2014,Manual,48619.41975858907,Hybrid,218,52.07339493586426,3.0,34938
1899,Hyundai,2022,Automatic,54997.02548887488,Petrol,108,37.87257364339227,2.0,34654
