UserID,Course,JoinDate,StudyHours,Score,Tags,Device
1000,Python,2023-01-01,28.420077083853247,70,"Fun,Quick",Mobile
1001,AI,2023-01-02,36.898785758154986,92,"Easy,Fun",PC
1002,Python,2023-01-03,33.896500528981505,78,"Fun,Quick",PC
1003,Python,2023-01-04,53.2973082268688,87,"Hard,Theory",PC
1004,WebDev,2023-01-05,55.19194895534905,97,"Easy,Fun",PC
1005,Python,2023-01-06,66.240054703812,75,"Fun,Quick",Mobile
1006,AI,2023-01-07,65.44498660637973,52,"Easy,Fun",PC
1007,WebDev,2023-01-08,58.78492089965264,91,"Hard,Theory",PC
1008,DataScience,2023-01-09,54.49599359002206,46,"Easy,Fun",PC
1009,WebDev,2023-01-10,,53,"Hard,Theory",PC
1010,DataScience,2023-01-11,69.45764334110513,50,"Hard,Theory",Mobile
1011,Python,2023-01-12,30.428597480665122,54,"Fun,Quick",Mobile
1012,WebDev,2023-01-13,41.47008302368802,95,"Hard,Deep",Mobile
1013,AI,2023-01-14,28.68117904041338,54,"Hard,Theory",PC
1014,AI,2023-01-15,96.04893450058549,59,"Fun,Quick",PC
1015,Python,2023-01-16,56.34689255125871,71,"Hard,Theory",Mobile
1016,DataScience,2023-01-17,41.752617380594096,67,"Hard,Theory",Mobile
1017,Python,2023-01-18,,64,"Hard,Theory",PC
1018,DataScience,2023-01-19,32.11596836530419,88,"Easy,Fun",Mobile
1019,AI,2023-01-20,43.0393240198248,62,"Easy,Fun",Mobile
1020,WebDev,2023-01-21,71.21944851393714,59,"Hard,Theory",PC
1021,WebDev,2023-01-22,72.71225453650807,97,"Hard,Theory",PC
1022,AI,2023-01-23,69.06790856241999,88,"Fun,Quick",PC
1023,AI,2023-01-24,47.78752109047653,57,"Hard,Theory",Mobile
1024,WebDev,2023-01-25,35.01492110350893,75,"Hard,Theory",PC
1025,WebDev,2023-01-26,76.83006771125775,68,"Hard,Deep",PC
1026,WebDev,2023-01-27,59.85296875824409,44,"Hard,Deep",PC
1027,Python,2023-01-28,49.917518802962604,40,"Fun,Quick",Mobile
1028,WebDev,2023-01-29,45.06761585041767,75,"Easy,Fun",Mobile
1029,WebDev,2023-01-30,63.641052546595894,93,"Hard,Theory",Mobile
1030,AI,2023-01-31,38.025294847743126,51,"Easy,Fun",PC
1031,AI,2023-02-01,39.44009362432955,85,"Hard,Deep",PC
1032,WebDev,2023-02-02,44.19010439673611,57,"Hard,Theory",PC
1033,DataScience,2023-02-03,72.71673160787589,43,"Hard,Deep",Mobile
1034,AI,2023-02-04,50.6142789949588,93,"Hard,Theory",Mobile
1035,AI,2023-02-05,61.399745381801566,74,"Fun,Quick",PC
1036,Python,2023-02-06,75.03862090710739,94,"Easy,Fun",PC
1037,AI,2023-02-07,41.79963048262995,48,"Fun,Quick",Mobile
1038,WebDev,2023-02-08,36.47527633174917,58,"Easy,Fun",PC
1039,DataScience,2023-02-09,26.27615116030047,60,"Hard,Theory",PC
1040,AI,2023-02-10,27.63280502909265,50,"Hard,Theory",PC
1041,WebDev,2023-02-11,65.35073102561128,87,"Hard,Theory",PC
1042,AI,2023-02-12,57.24283210656387,54,"Hard,Deep",Mobile
1043,WebDev,2023-02-13,74.19224943325011,95,"Easy,Fun",Mobile
1044,DataScience,2023-02-14,40.96297193132487,41,"Hard,Deep",Mobile
1045,DataScience,2023-02-15,26.996086008245218,59,"Easy,Fun",PC
1046,DataScience,2023-02-16,34.91526720312892,69,"Hard,Deep",Mobile
1047,WebDev,2023-02-17,62.66824547346465,78,"Easy,Fun",Mobile
1048,AI,2023-02-18,39.68693573507281,59,"Hard,Theory",PC
1049,Python,2023-02-19,38.109869428129066,68,"Hard,Deep",Mobile
1050,DataScience,2023-02-20,33.6114625195878,74,"Hard,Deep",Mobile
1051,AI,2023-02-21,55.28324587007177,76,"Fun,Quick",PC
1052,AI,2023-02-22,61.8456153781404,43,"Easy,Fun",PC
1053,AI,2023-02-23,,64,"Hard,Deep",PC
1054,Python,2023-02-24,29.938876657051708,48,"Easy,Fun",PC
1055,AI,2023-02-25,33.19003943827356,82,"Fun,Quick",PC
1056,Python,2023-02-26,68.6803847048169,89,"Fun,Quick",Mobile
1057,AI,2023-02-27,54.58551421317089,91,"Fun,Quick",Mobile
1058,DataScience,2023-02-28,43.62688624607068,40,"Hard,Deep",PC
1059,AI,2023-03-01,30.645345647805826,63,"Easy,Fun",Mobile
1060,AI,2023-03-02,52.54577622252122,43,"Fun,Quick",PC
1061,WebDev,2023-03-03,74.64970294797702,95,"Hard,Theory",PC
1062,Python,2023-03-04,38.50545144343941,91,"Fun,Quick",PC
1063,Python,2023-03-05,44.717593723972925,80,"Hard,Theory",PC
1064,DataScience,2023-03-06,50.072570502964744,61,"Hard,Theory",Mobile
1065,AI,2023-03-07,30.77614370420398,73,"Hard,Theory",PC
1066,DataScience,2023-03-08,,76,"Hard,Deep",PC
1067,Python,2023-03-09,66.97962898502479,50,"Easy,Fun",PC
1068,WebDev,2023-03-10,15.07050486731034,52,"Easy,Fun",Mobile
1069,Python,2023-03-11,57.39567811451286,75,"Fun,Quick",Mobile
1070,WebDev,2023-03-12,15.208281528652535,61,"Easy,Fun",PC
1071,DataScience,2023-03-13,53.81713609162922,48,"Hard,Deep",PC
1072,WebDev,2023-03-14,67.79948945493025,73,"Easy,Fun",Mobile
1073,AI,2023-03-15,56.701647090927025,64,"Easy,Fun",PC
1074,AI,2023-03-16,45.60834273951183,87,"Fun,Quick",Mobile
1075,WebDev,2023-03-17,70.25720647477422,95,"Hard,Deep",PC
1076,WebDev,2023-03-18,46.662038731257155,69,"Hard,Deep",PC
1077,Python,2023-03-19,30.17605355389333,88,"Easy,Fun",PC
1078,WebDev,2023-03-20,50.19231026990539,77,"Fun,Quick",Mobile
1079,AI,2023-03-21,39.278336462737336,88,"Hard,Theory",PC
1080,WebDev,2023-03-22,43.53790826875776,84,"Easy,Fun",Mobile
1081,WebDev,2023-03-23,103.64201116152597,79,"Easy,Fun",Mobile
1082,Python,2023-03-24,48.802975186937914,98,"Hard,Theory",Mobile
1083,DataScience,2023-03-25,23.599107967024327,55,"Hard,Deep",PC
1084,DataScience,2023-03-26,53.1974411109608,67,"Easy,Fun",Mobile
1085,AI,2023-03-27,32.42543206504786,49,"Easy,Fun",Mobile
1086,AI,2023-03-28,81.15456978980475,72,"Fun,Quick",PC
1087,Python,2023-03-29,23.9701568676169,46,"Fun,Quick",Mobile
1088,Python,2023-03-30,56.26780984027965,92,"Easy,Fun",PC
1089,Python,2023-03-31,59.77030559978325,80,"Easy,Fun",Mobile
1090,DataScience,2023-04-01,58.143709495992375,72,"Hard,Theory",PC
1091,WebDev,2023-04-02,50.87910578455518,98,"Fun,Quick",Mobile
1092,DataScience,2023-04-03,,46,"Hard,Deep",PC
1093,Python,2023-04-04,52.684112187457195,57,"Hard,Deep",PC
1094,DataScience,2023-04-05,51.80150785755636,59,"Hard,Theory",Mobile
1095,DataScience,2023-04-06,75.96740926277674,64,"Hard,Theory",Mobile
1096,DataScience,2023-04-07,70.12043751036038,50,"Hard,Theory",Mobile
1097,DataScience,2023-04-08,56.59822583118443,50,"Hard,Deep",Mobile
1098,Python,2023-04-09,67.1489180282284,44,"Fun,Quick",Mobile
1099,Python,2023-04-10,25.669540781385436,81,"Hard,Theory",PC
1100,DataScience,2023-04-11,42.75214669298222,91,"Hard,Theory",Mobile
1101,WebDev,2023-04-12,71.59231179148031,70,"Hard,Theory",Mobile
1102,AI,2023-04-13,72.22106733979965,49,"Easy,Fun",PC
1103,WebDev,2023-04-14,64.44716046916267,79,"Easy,Fun",Mobile
1104,AI,2023-04-15,42.27200541227924,93,"Fun,Quick",Mobile
1105,WebDev,2023-04-16,,91,"Hard,Theory",Mobile
1106,Python,2023-04-17,42.00909568894707,82,"Hard,Deep",Mobile
1107,AI,2023-04-18,17.85897565217232,85,"Hard,Deep",Mobile
1108,AI,2023-04-19,,43,"Easy,Fun",PC
1109,WebDev,2023-04-20,53.11198097087512,90,"Hard,Theory",Mobile
1110,DataScience,2023-04-21,53.89080072239179,57,"Hard,Deep",PC
1111,AI,2023-04-22,45.04397621103174,91,"Hard,Theory",Mobile
1112,AI,2023-04-23,43.24362475542639,82,"Hard,Theory",PC
1113,WebDev,2023-04-24,,67,"Hard,Deep",PC
1114,Python,2023-04-25,,70,"Hard,Deep",Mobile
1115,DataScience,2023-04-26,40.142732560504356,62,"Easy,Fun",Mobile
1116,Python,2023-04-27,31.331718704644814,59,"Hard,Theory",PC
1117,DataScience,2023-04-28,63.00740270625772,66,"Hard,Theory",Mobile
1118,DataScience,2023-04-29,71.5550242826093,80,"Fun,Quick",PC
1119,Python,2023-04-30,,70,"Fun,Quick",PC
1120,AI,2023-05-01,50.37492998038945,54,"Easy,Fun",Mobile
1121,WebDev,2023-05-02,29.180320566596297,41,"Fun,Quick",PC
1122,WebDev,2023-05-03,42.216468071769356,84,"Hard,Deep",PC
1123,WebDev,2023-05-04,48.95500490874002,50,"Hard,Theory",Mobile
1124,AI,2023-05-05,44.38902229271808,43,"Hard,Theory",Mobile
1125,WebDev,2023-05-06,,54,"Hard,Theory",Mobile
1126,WebDev,2023-05-07,42.21850202649519,44,"Hard,Deep",Mobile
1127,Python,2023-05-08,55.33160279322553,51,"Easy,Fun",Mobile
1128,AI,2023-05-09,60.21473161110707,51,"Easy,Fun",PC
1129,WebDev,2023-05-10,40.75812654988147,67,"Hard,Theory",PC
1130,WebDev,2023-05-11,,73,"Easy,Fun",Mobile
1131,Python,2023-05-12,64.44907027626613,43,"Hard,Deep",PC
1132,AI,2023-05-13,59.672222320554816,91,"Hard,Theory",PC
1133,DataScience,2023-05-14,60.904367105368244,91,"Fun,Quick",PC
1134,Python,2023-05-15,34.87991187583625,44,"Easy,Fun",Mobile
1135,AI,2023-05-16,57.55265790469011,84,"Hard,Theory",PC
1136,WebDev,2023-05-17,47.654798063072306,47,"Fun,Quick",PC
1137,DataScience,2023-05-18,45.81199851761348,78,"Fun,Quick",PC
1138,WebDev,2023-05-19,57.199772049062325,56,"Fun,Quick",Mobile
1139,DataScience,2023-05-20,49.59689454920369,92,"Hard,Deep",Mobile
1140,Python,2023-05-21,73.30462931178864,52,"Fun,Quick",PC
1141,Python,2023-05-22,74.74714516304704,55,"Fun,Quick",Mobile
1142,AI,2023-05-23,72.39390232804836,58,"Easy,Fun",PC
1143,WebDev,2023-05-24,44.21023751415427,95,"Hard,Theory",PC
1144,WebDev,2023-05-25,69.85314112266867,77,"Hard,Theory",Mobile
1145,DataScience,2023-05-26,51.25813252757773,50,"Easy,Fun",PC
1146,Python,2023-05-27,62.08504942890639,87,"Hard,Theory",Mobile
1147,Python,2023-05-28,44.59910188517382,63,"Easy,Fun",Mobile
1148,AI,2023-05-29,76.95901661284037,90,"Fun,Quick",PC
1149,AI,2023-05-30,65.13436057599979,73,"Easy,Fun",PC
1150,AI,2023-05-31,42.45147359199743,98,"Fun,Quick",Mobile
1151,Python,2023-06-01,68.86079708050957,47,"Hard,Deep",Mobile
1152,WebDev,2023-06-02,43.11356713744899,83,"Hard,Deep",Mobile
1153,AI,2023-06-03,43.17750981846097,84,"Easy,Fun",PC
1154,DataScience,2023-06-04,62.07108909611185,55,"Hard,Theory",Mobile
1155,AI,2023-06-05,34.40504019515965,79,"Hard,Deep",PC
1156,WebDev,2023-06-06,40.40043323340154,42,"Fun,Quick",PC
1157,Python,2023-06-07,50.527724853171506,74,"Easy,Fun",PC
1158,WebDev,2023-06-08,49.6416617910621,81,"Hard,Theory",PC
1159,WebDev,2023-06-09,77.10986785177701,86,"Hard,Theory",PC
1160,Python,2023-06-10,49.744444685646386,84,"Easy,Fun",Mobile
1161,DataScience,2023-06-11,67.51833427810338,52,"Easy,Fun",PC
1162,Python,2023-06-12,,89,"Hard,Deep",Mobile
1163,Python,2023-06-13,45.881458188334676,56,"Fun,Quick",PC
1164,WebDev,2023-06-14,68.48904218881586,69,"Hard,Deep",Mobile
1165,AI,2023-06-15,28.28449578476462,82,"Easy,Fun",Mobile
1166,WebDev,2023-06-16,57.812196961048386,52,"Hard,Theory",PC
1167,WebDev,2023-06-17,38.898321680729765,53,"Fun,Quick",PC
1168,AI,2023-06-18,30.027477433126204,83,"Hard,Theory",PC
1169,DataScience,2023-06-19,28.162039034851663,97,"Fun,Quick",PC
1170,WebDev,2023-06-20,53.00818433792212,56,"Easy,Fun",Mobile
1171,WebDev,2023-06-21,24.837589037202726,81,"Fun,Quick",PC
1172,AI,2023-06-22,,50,"Fun,Quick",Mobile
1173,DataScience,2023-06-23,71.55948676165025,61,"Hard,Deep",Mobile
1174,WebDev,2023-06-24,64.76219832002863,47,"Hard,Theory",Mobile
1175,Python,2023-06-25,54.03280770938212,56,"Hard,Theory",Mobile
1176,Python,2023-06-26,47.016462505089464,67,"Fun,Quick",PC
1177,WebDev,2023-06-27,49.19165959602863,58,"Easy,Fun",PC
1178,DataScience,2023-06-28,64.42485260244467,57,"Hard,Deep",PC
1179,WebDev,2023-06-29,36.79225147768764,48,"Easy,Fun",PC
1180,Python,2023-06-30,81.7612735520209,46,"Hard,Theory",Mobile
1181,WebDev,2023-07-01,56.44889217979474,73,"Fun,Quick",Mobile
1182,WebDev,2023-07-02,43.04213744957849,95,"Fun,Quick",PC
1183,Python,2023-07-03,35.783130351810655,70,"Hard,Theory",PC
1184,Python,2023-07-04,63.93056910062428,50,"Easy,Fun",PC
1185,AI,2023-07-05,51.85971398432366,74,"Fun,Quick",Mobile
1186,DataScience,2023-07-06,43.01273098900402,45,"Hard,Theory",Mobile
1187,Python,2023-07-07,,66,"Easy,Fun",Mobile
1188,AI,2023-07-08,74.92365793981851,65,"Hard,Deep",PC
1189,Python,2023-07-09,69.27060776525035,92,"Easy,Fun",PC
1190,Python,2023-07-10,55.931849996612875,66,"Easy,Fun",PC
1191,AI,2023-07-11,31.559917994417226,43,"Fun,Quick",Mobile
1192,WebDev,2023-07-12,58.37377896727712,86,"Fun,Quick",Mobile
1193,WebDev,2023-07-13,60.64351750406614,48,"Easy,Fun",Mobile
1194,AI,2023-07-14,43.81857725802454,98,"Hard,Theory",PC
1195,AI,2023-07-15,58.80911844048662,82,"Easy,Fun",Mobile
1196,Python,2023-07-16,56.20446175458406,89,"Easy,Fun",Mobile
1197,DataScience,2023-07-17,62.63531302172719,93,"Hard,Deep",PC
1198,WebDev,2023-07-18,61.55468952628968,52,"Easy,Fun",Mobile
1199,DataScience,2023-07-19,26.38998141235855,51,"Hard,Deep",PC
1200,AI,2023-07-20,39.99352314171041,57,"Easy,Fun",PC
1201,Python,2023-07-21,31.983637331702987,92,"Hard,Deep",Mobile
1202,DataScience,2023-07-22,62.4443812089625,82,"Hard,Deep",PC
1203,AI,2023-07-23,33.42283720065677,75,"Hard,Deep",PC
1204,AI,2023-07-24,37.550005489731234,73,"Hard,Deep",Mobile
1205,WebDev,2023-07-25,46.516538837913195,91,"Hard,Deep",PC
1206,DataScience,2023-07-26,36.17997929557702,83,"Hard,Theory",PC
1207,DataScience,2023-07-27,40.92973766300974,43,"Easy,Fun",Mobile
1208,Python,2023-07-28,74.83994453416737,57,"Easy,Fun",Mobile
1209,WebDev,2023-07-29,36.65813894080407,52,"Hard,Theory",Mobile
1210,DataScience,2023-07-30,54.68105197661602,62,"Hard,Theory",Mobile
1211,Python,2023-07-31,45.23693455706753,52,"Hard,Deep",Mobile
1212,Python,2023-08-01,76.16839110469364,59,"Hard,Theory",Mobile
1213,AI,2023-08-02,72.7180544812261,46,"Hard,Theory",PC
1214,DataScience,2023-08-03,66.5392255676129,91,"Hard,Deep",PC
1215,AI,2023-08-04,35.57177229201163,72,"Fun,Quick",PC
1216,WebDev,2023-08-05,43.68434333506319,63,"Hard,Deep",PC
1217,WebDev,2023-08-06,42.76536373060655,66,"Fun,Quick",PC
1218,AI,2023-08-07,24.27206934772342,63,"Easy,Fun",Mobile
1219,AI,2023-08-08,61.901626803722735,63,"Hard,Deep",Mobile
1220,WebDev,2023-08-09,52.47612904741801,88,"Hard,Deep",PC
1221,Python,2023-08-10,61.43182502387367,77,"Easy,Fun",PC
1222,Python,2023-08-11,57.65114868722987,83,"Easy,Fun",Mobile
1223,DataScience,2023-08-12,,83,"Easy,Fun",PC
1224,Python,2023-08-13,29.351743597487225,89,"Hard,Deep",Mobile
1225,AI,2023-08-14,42.91064893989355,76,"Hard,Theory",Mobile
1226,AI,2023-08-15,49.03607029633689,66,"Fun,Quick",PC
1227,DataScience,2023-08-16,33.214383331606925,90,"Hard,Deep",Mobile
1228,Python,2023-08-17,33.57135912555262,70,"Easy,Fun",Mobile
1229,DataScience,2023-08-18,79.24854242785018,93,"Hard,Theory",Mobile
1230,WebDev,2023-08-19,72.31520049128247,52,"Easy,Fun",PC
1231,AI,2023-08-20,51.06696916868418,43,"Hard,Theory",Mobile
1232,AI,2023-08-21,85.85855869897328,82,"Easy,Fun",PC
1233,AI,2023-08-22,65.24412291208841,95,"Hard,Theory",Mobile
1234,DataScience,2023-08-23,44.82121320058799,62,"Hard,Deep",Mobile
1235,Python,2023-08-24,46.305685802637285,58,"Fun,Quick",Mobile
1236,WebDev,2023-08-25,51.02149438276281,52,"Easy,Fun",Mobile
1237,DataScience,2023-08-26,49.14584017000609,53,"Easy,Fun",PC
1238,WebDev,2023-08-27,78.62748852369896,85,"Hard,Deep",PC
1239,WebDev,2023-08-28,46.181608210380844,94,"Hard,Deep",PC
1240,Python,2023-08-29,50.93762065677426,41,"Hard,Deep",Mobile
1241,DataScience,2023-08-30,34.572772553975284,96,"Hard,Deep",PC
1242,WebDev,2023-08-31,59.4349127688303,41,"Easy,Fun",PC
1243,WebDev,2023-09-01,52.99391856185386,80,"Easy,Fun",PC
1244,AI,2023-09-02,64.86356571074921,98,"Hard,Deep",PC
1245,WebDev,2023-09-03,24.413685175468462,65,"Hard,Theory",Mobile
1246,WebDev,2023-09-04,33.244191690561685,55,"Hard,Deep",Mobile
1247,WebDev,2023-09-05,44.13927958246172,41,"Fun,Quick",PC
1248,DataScience,2023-09-06,29.26323036585573,55,"Easy,Fun",PC
1249,WebDev,2023-09-07,17.18703098318086,59,"Hard,Deep",Mobile
1250,DataScience,2023-09-08,31.37078398712823,97,"Hard,Deep",Mobile
1251,Python,2023-09-09,66.22908661506602,93,"Fun,Quick",Mobile
1252,WebDev,2023-09-10,50.60897218187773,99,"Hard,Theory",Mobile
1253,AI,2023-09-11,75.24204665277661,50,"Easy,Fun",Mobile
1254,DataScience,2023-09-12,30.405275139552046,83,"Hard,Deep",Mobile
1255,Python,2023-09-13,,74,"Hard,Theory",PC
1256,WebDev,2023-09-14,51.90770229801661,99,"Fun,Quick",PC
1257,DataScience,2023-09-15,44.21020182228273,91,"Hard,Theory",Mobile
1258,WebDev,2023-09-16,27.592656821325118,42,"Hard,Theory",Mobile
1259,WebDev,2023-09-17,42.38001119291643,71,"Easy,Fun",PC
1260,DataScience,2023-09-18,54.497756421118574,40,"Hard,Deep",Mobile
1261,DataScience,2023-09-19,58.20951953193212,81,"Hard,Theory",Mobile
1262,Python,2023-09-20,70.6035794555359,99,"Fun,Quick",Mobile
1263,Python,2023-09-21,36.87948749132576,73,"Hard,Theory",Mobile
1264,Python,2023-09-22,59.53337563166205,79,"Easy,Fun",PC
1265,WebDev,2023-09-23,60.28832809242848,52,"Hard,Deep",PC
1266,DataScience,2023-09-24,53.541750131626074,95,"Easy,Fun",Mobile
1267,WebDev,2023-09-25,37.55064916745791,83,"Easy,Fun",PC
1268,AI,2023-09-26,56.475483332211105,72,"Fun,Quick",PC
1269,AI,2023-09-27,53.517073368526084,96,"Hard,Deep",PC
1270,AI,2023-09-28,38.61873602073143,86,"Fun,Quick",Mobile
1271,AI,2023-09-29,,75,"Hard,Theory",Mobile
1272,AI,2023-09-30,55.968062209731656,66,"Hard,Deep",Mobile
1273,Python,2023-10-01,44.9071103053145,57,"Hard,Theory",PC
1274,DataScience,2023-10-02,64.55109441332785,91,"Fun,Quick",Mobile
1275,Python,2023-10-03,46.20402463612077,72,"Hard,Theory",Mobile
1276,Python,2023-10-04,35.978110252762896,94,"Fun,Quick",PC
1277,DataScience,2023-10-05,39.58572984874689,91,"Hard,Theory",PC
1278,DataScience,2023-10-06,68.81985132288253,77,"Hard,Deep",PC
1279,WebDev,2023-10-07,37.47621849375161,75,"Hard,Deep",Mobile
1280,WebDev,2023-10-08,21.629685987589387,55,"Easy,Fun",Mobile
1281,WebDev,2023-10-09,40.996085663132426,87,"Hard,Deep",PC
1282,AI,2023-10-10,49.26502183856174,54,"Hard,Theory",PC
1283,AI,2023-10-11,56.0402212710452,46,"Fun,Quick",PC
1284,WebDev,2023-10-12,58.7353197184651,53,"Hard,Theory",Mobile
1285,WebDev,2023-10-13,37.84088449185033,48,"Fun,Quick",Mobile
1286,Python,2023-10-14,51.58722233632024,53,"Fun,Quick",Mobile
1287,DataScience,2023-10-15,68.54690074471449,49,"Fun,Quick",Mobile
1288,Python,2023-10-16,57.87233117445192,53,"Hard,Theory",Mobile
1289,DataScience,2023-10-17,30.78786464173856,56,"Hard,Theory",Mobile
1290,Python,2023-10-18,17.668309196210586,70,"Hard,Theory",PC
1291,DataScience,2023-10-19,39.24074643498752,88,"Hard,Deep",PC
1292,Python,2023-10-20,34.54638430339239,91,"Hard,Theory",Mobile
1293,WebDev,2023-10-21,,97,"Hard,Deep",Mobile
1294,WebDev,2023-10-22,62.33667157624093,47,"Easy,Fun",PC
1295,DataScience,2023-10-23,46.88606733656704,50,"Hard,Deep",PC
1296,Python,2023-10-24,,60,"Hard,Deep",Mobile
1297,AI,2023-10-25,39.320569804613115,61,"Hard,Theory",Mobile
1298,WebDev,2023-10-26,46.25941626007058,79,"Hard,Theory",PC
1299,WebDev,2023-10-27,53.41604687772748,60,"Fun,Quick",PC
1300,WebDev,2023-10-28,69.52074040754675,86,"Hard,Theory",PC
1301,DataScience,2023-10-29,41.33326143102424,78,"Hard,Theory",Mobile
1302,Python,2023-10-30,44.86270168916939,55,"Hard,Theory",Mobile
1303,WebDev,2023-10-31,42.80437097957463,66,"Fun,Quick",PC
1304,DataScience,2023-11-01,69.56305402264218,81,"Hard,Theory",Mobile
1305,WebDev,2023-11-02,53.48503637481352,93,"Hard,Deep",PC
1306,DataScience,2023-11-03,47.28545607531902,70,"Fun,Quick",PC
1307,DataScience,2023-11-04,37.312740249812954,62,"Hard,Deep",Mobile
1308,Python,2023-11-05,42.702888981850606,64,"Fun,Quick",PC
1309,WebDev,2023-11-06,65.17530921910492,59,"Fun,Quick",Mobile
1310,WebDev,2023-11-07,65.9252235144527,64,"Fun,Quick",PC
1311,AI,2023-11-08,55.41878879103781,52,"Hard,Deep",Mobile
1312,Python,2023-11-09,62.28003281873114,77,"Fun,Quick",PC
1313,DataScience,2023-11-10,17.642093267616737,58,"Hard,Theory",Mobile
1314,AI,2023-11-11,60.3635435259676,86,"Fun,Quick",PC
1315,AI,2023-11-12,49.30652912126361,92,"Fun,Quick",Mobile
1316,AI,2023-11-13,36.0160275513448,64,"Hard,Theory",Mobile
1317,DataScience,2023-11-14,43.79867816388278,57,"Hard,Deep",PC
1318,DataScience,2023-11-15,65.05736938410324,91,"Hard,Theory",PC
1319,AI,2023-11-16,52.735566973415196,69,"Easy,Fun",Mobile
1320,AI,2023-11-17,54.381087805171774,90,"Fun,Quick",PC
1321,DataScience,2023-11-18,68.66451813245858,45,"Fun,Quick",PC
1322,DataScience,2023-11-19,42.91366060197188,52,"Hard,Deep",PC
1323,DataScience,2023-11-20,43.072162770060004,62,"Fun,Quick",Mobile
1324,AI,2023-11-21,31.516040918833237,99,"Fun,Quick",PC
1325,WebDev,2023-11-22,-5.0934948724041575,57,"Hard,Deep",PC
1326,Python,2023-11-23,73.87274814946053,74,"Hard,Deep",PC
1327,DataScience,2023-11-24,51.98846880381392,82,"Hard,Theory",Mobile
1328,DataScience,2023-11-25,52.986447867399825,87,"Fun,Quick",PC
1329,Python,2023-11-26,54.464741500826094,70,"Easy,Fun",Mobile
1330,AI,2023-11-27,50.743172475562645,49,"Easy,Fun",Mobile
1331,Python,2023-11-28,61.216473671870105,54,"Hard,Theory",Mobile
1332,DataScience,2023-11-29,59.41441706600239,56,"Fun,Quick",Mobile
1333,WebDev,2023-11-30,50.686383685294295,51,"Hard,Theory",PC
1334,WebDev,2023-12-01,50.96192478231357,79,"Hard,Deep",Mobile
1335,Python,2023-12-02,47.948248920330556,59,"Hard,Theory",PC
1336,WebDev,2023-12-03,43.80113390590601,55,"Hard,Theory",Mobile
1337,AI,2023-12-04,43.75431381135409,61,"Fun,Quick",Mobile
1338,WebDev,2023-12-05,38.841892780302594,43,"Easy,Fun",PC
1339,WebDev,2023-12-06,45.765425212628834,67,"Easy,Fun",Mobile
1340,Python,2023-12-07,75.22883594678217,94,"Hard,Theory",PC
1341,DataScience,2023-12-08,54.908480649408375,93,"Fun,Quick",Mobile
1342,DataScience,2023-12-09,44.853957027357914,65,"Easy,Fun",Mobile
1343,Python,2023-12-10,62.892334429870736,67,"Hard,Theory",PC
1344,DataScience,2023-12-11,58.85165003839458,85,"Easy,Fun",PC
1345,DataScience,2023-12-12,,59,"Easy,Fun",PC
1346,WebDev,2023-12-13,53.66448000493592,77,"Hard,Theory",Mobile
1347,Python,2023-12-14,81.15447132685468,58,"Hard,Deep",PC
1348,DataScience,2023-12-15,88.333244632083,81,"Easy,Fun",Mobile
1349,AI,2023-12-16,53.050410788188415,98,"Easy,Fun",Mobile
1350,WebDev,2023-12-17,48.42520104996112,77,"Easy,Fun",PC
1351,DataScience,2023-12-18,60.19334083287887,98,"Hard,Deep",Mobile
1352,AI,2023-12-19,36.82610250911233,92,"Hard,Deep",PC
1353,AI,2023-12-20,,42,"Easy,Fun",PC
1354,WebDev,2023-12-21,72.96815734523986,99,"Hard,Theory",Mobile
1355,Python,2023-12-22,75.64266205864168,93,"Fun,Quick",PC
1356,Python,2023-12-23,44.80372095592459,75,"Hard,Theory",PC
1357,WebDev,2023-12-24,67.95403280896099,45,"Hard,Theory",Mobile
1358,DataScience,2023-12-25,51.531654983122515,88,"Fun,Quick",Mobile
1359,DataScience,2023-12-26,48.07267290414651,44,"Fun,Quick",Mobile
1360,DataScience,2023-12-27,21.093304106978636,94,"Hard,Theory",Mobile
1361,WebDev,2023-12-28,45.91295085141575,81,"Easy,Fun",Mobile
1362,DataScience,2023-12-29,,86,"Hard,Theory",PC
1363,AI,2023-12-30,43.065371014062364,93,"Hard,Theory",Mobile
1364,WebDev,2023-12-31,49.51505985960004,70,"Hard,Deep",PC
1365,DataScience,2024-01-01,73.10755284271275,60,"Fun,Quick",PC
1366,Python,2024-01-02,76.62462671678647,99,"Easy,Fun",Mobile
1367,AI,2024-01-03,36.806008388046536,81,"Easy,Fun",Mobile
1368,WebDev,2024-01-04,38.03410253407303,92,"Hard,Theory",Mobile
1369,Python,2024-01-05,36.385943990582824,51,"Fun,Quick",PC
1370,Python,2024-01-06,45.5796539715911,99,"Hard,Theory",Mobile
1371,Python,2024-01-07,35.958208002648675,55,"Fun,Quick",PC
1372,DataScience,2024-01-08,25.044135641097284,44,"Hard,Deep",Mobile
1373,DataScience,2024-01-09,11.628693484266151,88,"Easy,Fun",PC
1374,AI,2024-01-10,34.24890114063514,84,"Hard,Deep",Mobile
1375,WebDev,2024-01-11,59.94866125546848,71,"Fun,Quick",Mobile
1376,DataScience,2024-01-12,66.61095124763312,46,"Hard,Theory",PC
1377,WebDev,2024-01-13,85.15006298607008,53,"Fun,Quick",PC
1378,Python,2024-01-14,52.04883001268981,41,"Hard,Deep",Mobile
1379,WebDev,2024-01-15,48.2004524908232,76,"Easy,Fun",PC
1380,Python,2024-01-16,57.273422969763544,49,"Hard,Theory",PC
1381,DataScience,2024-01-17,30.140109655732363,54,"Hard,Theory",PC
1382,WebDev,2024-01-18,57.799920093471236,77,"Hard,Deep",Mobile
1383,DataScience,2024-01-19,64.75097353076785,87,"Easy,Fun",PC
1384,AI,2024-01-20,50.364653015642865,67,"Hard,Theory",PC
1385,WebDev,2024-01-21,,73,"Fun,Quick",PC
1386,WebDev,2024-01-22,61.45280812747942,99,"Easy,Fun",PC
1387,Python,2024-01-23,52.16442974491084,59,"Easy,Fun",Mobile
1388,AI,2024-01-24,44.16194015808359,57,"Hard,Theory",Mobile
1389,DataScience,2024-01-25,59.73394153132164,96,"Fun,Quick",Mobile
1390,DataScience,2024-01-26,65.73430243742347,94,"Fun,Quick",Mobile
1391,Python,2024-01-27,49.08716033122689,70,"Easy,Fun",PC
1392,AI,2024-01-28,47.32065210045749,95,"Fun,Quick",PC
1393,WebDev,2024-01-29,40.31632820681909,59,"Fun,Quick",PC
1394,WebDev,2024-01-30,44.21784629909476,97,"Hard,Deep",PC
1395,AI,2024-01-31,56.78795362612266,60,"Fun,Quick",PC
1396,WebDev,2024-02-01,28.91040517716285,50,"Hard,Theory",Mobile
1397,Python,2024-02-02,48.026712415215876,51,"Fun,Quick",Mobile
1398,AI,2024-02-03,38.129907962941935,48,"Easy,Fun",PC
1399,AI,2024-02-04,51.953036686529614,43,"Easy,Fun",PC
1400,Python,2024-02-05,75.56011946929175,83,"Easy,Fun",Mobile
1401,WebDev,2024-02-06,54.84629603783499,93,"Fun,Quick",PC
1402,WebDev,2024-02-07,63.516780910090105,84,"Easy,Fun",Mobile
1403,WebDev,2024-02-08,47.06235141282083,79,"Hard,Theory",PC
1404,DataScience,2024-02-09,26.696923539212875,94,"Fun,Quick",PC
1405,AI,2024-02-10,57.546958000333404,71,"Easy,Fun",Mobile
1406,Python,2024-02-11,31.11165829309862,74,"Fun,Quick",PC
1407,DataScience,2024-02-12,64.09258663700976,90,"Fun,Quick",PC
1408,DataScience,2024-02-13,36.2523977462245,52,"Hard,Theory",Mobile
1409,Python,2024-02-14,32.81411402488706,83,"Hard,Deep",Mobile
1410,Python,2024-02-15,49.079805533801206,88,"Fun,Quick",Mobile
1411,AI,2024-02-16,38.55158136709752,57,"Easy,Fun",PC
1412,Python,2024-02-17,51.534208338112705,85,"Hard,Deep",Mobile
1413,Python,2024-02-18,59.955439348143685,78,"Hard,Theory",PC
1414,DataScience,2024-02-19,69.14278064704544,64,"Fun,Quick",Mobile
1415,Python,2024-02-20,45.24580028609724,49,"Hard,Theory",PC
1416,WebDev,2024-02-21,42.112864452576396,92,"Easy,Fun",PC
1417,WebDev,2024-02-22,55.58927667951766,50,"Hard,Deep",PC
1418,Python,2024-02-23,37.03836969578761,66,"Easy,Fun",Mobile
1419,AI,2024-02-24,51.56902248892198,43,"Hard,Deep",PC
1420,Python,2024-02-25,48.46556193296661,83,"Hard,Theory",Mobile
1421,Python,2024-02-26,60.111346325979426,76,"Fun,Quick",Mobile
1422,AI,2024-02-27,64.10949129402827,89,"Hard,Deep",PC
1423,DataScience,2024-02-28,39.372509437947215,44,"Hard,Deep",Mobile
1424,AI,2024-02-29,42.53805193710739,61,"Easy,Fun",PC
1425,Python,2024-03-01,46.38811582165628,82,"Fun,Quick",Mobile
1426,DataScience,2024-03-02,79.72338881194051,69,"Hard,Theory",Mobile
1427,WebDev,2024-03-03,39.908909911451886,90,"Easy,Fun",Mobile
1428,Python,2024-03-04,63.04908498066917,70,"Easy,Fun",PC
1429,WebDev,2024-03-05,57.59656721063946,56,"Hard,Theory",PC
1430,Python,2024-03-06,71.7944286597797,86,"Hard,Deep",Mobile
1431,DataScience,2024-03-07,73.84726534081348,61,"Easy,Fun",Mobile
1432,DataScience,2024-03-08,54.123149470901545,52,"Easy,Fun",PC
1433,AI,2024-03-09,48.71801096045498,69,"Hard,Theory",PC
1434,Python,2024-03-10,76.19148685048216,55,"Easy,Fun",Mobile
1435,Python,2024-03-11,33.87530567507049,71,"Hard,Deep",Mobile
1436,AI,2024-03-12,65.75502241772472,89,"Hard,Theory",PC
1437,WebDev,2024-03-13,47.62964915774266,58,"Easy,Fun",Mobile
1438,DataScience,2024-03-14,,62,"Hard,Theory",Mobile
1439,AI,2024-03-15,46.66960957494907,41,"Hard,Deep",Mobile
1440,DataScience,2024-03-16,38.57646155405219,76,"Hard,Theory",PC
1441,Python,2024-03-17,81.8860995038796,98,"Hard,Deep",PC
1442,WebDev,2024-03-18,39.30380387454024,85,"Easy,Fun",Mobile
1443,DataScience,2024-03-19,78.11481021008618,75,"Hard,Deep",PC
1444,Python,2024-03-20,48.00658847162274,59,"Hard,Deep",Mobile
1445,WebDev,2024-03-21,62.624061085243156,40,"Easy,Fun",PC
1446,AI,2024-03-22,65.60961342597264,95,"Hard,Deep",PC
1447,WebDev,2024-03-23,48.02760619361915,42,"Hard,Theory",PC
1448,WebDev,2024-03-24,56.695120748719745,57,"Hard,Deep",PC
1449,Python,2024-03-25,38.83799841362618,54,"Hard,Deep",Mobile
1450,Python,2024-03-26,63.949874810969476,52,"Hard,Deep",PC
1451,Python,2024-03-27,53.498159935647806,63,"Hard,Theory",PC
1452,WebDev,2024-03-28,37.18497568432724,50,"Hard,Deep",PC
1453,DataScience,2024-03-29,47.034434870425436,58,"Hard,Theory",Mobile
1454,WebDev,2024-03-30,67.10774791413812,78,"Hard,Theory",PC
1455,AI,2024-03-31,13.271499761275464,59,"Hard,Theory",Mobile
1456,AI,2024-04-01,63.93145583440071,74,"Hard,Theory",PC
1457,DataScience,2024-04-02,30.849915873400594,73,"Fun,Quick",PC
1458,Python,2024-04-03,56.014727731836565,53,"Easy,Fun",PC
1459,WebDev,2024-04-04,45.315929062969204,44,"Hard,Theory",Mobile
1460,DataScience,2024-04-05,60.915037088934305,50,"Easy,Fun",PC
1461,WebDev,2024-04-06,47.883022795198855,93,"Hard,Deep",PC
1462,WebDev,2024-04-07,56.70643235180511,43,"Easy,Fun",Mobile
1463,AI,2024-04-08,51.86060773225569,82,"Fun,Quick",PC
1464,DataScience,2024-04-09,29.35260505250994,67,"Easy,Fun",Mobile
1465,DataScience,2024-04-10,40.48635633834914,76,"Fun,Quick",PC
1466,AI,2024-04-11,,94,"Easy,Fun",Mobile
1467,DataScience,2024-04-12,33.58425636911019,67,"Hard,Theory",PC
1468,DataScience,2024-04-13,26.28721430282199,72,"Fun,Quick",PC
1469,Python,2024-04-14,70.94286832069567,61,"Hard,Deep",PC
1470,AI,2024-04-15,60.74176410163406,97,"Fun,Quick",Mobile
1471,WebDev,2024-04-16,53.11579953602555,71,"Hard,Deep",PC
1472,AI,2024-04-17,63.99036520426,55,"Easy,Fun",PC
1473,DataScience,2024-04-18,52.44903758078353,89,"Hard,Deep",Mobile
1474,DataScience,2024-04-19,42.375260804108876,40,"Fun,Quick",Mobile
1475,Python,2024-04-20,30.700207329426046,93,"Easy,Fun",Mobile
1476,WebDev,2024-04-21,43.066645714402995,54,"Hard,Deep",Mobile
1477,AI,2024-04-22,44.42216873927341,52,"Easy,Fun",PC
1478,DataScience,2024-04-23,44.83968509556895,58,"Hard,Theory",PC
1479,AI,2024-04-24,64.43204128096252,97,"Hard,Deep",PC
1480,AI,2024-04-25,52.20943614520569,86,"Fun,Quick",Mobile
1481,DataScience,2024-04-26,52.061431180384865,82,"Fun,Quick",PC
1482,DataScience,2024-04-27,57.285456705751976,64,"Easy,Fun",Mobile
1483,WebDev,2024-04-28,59.62238482132038,74,"Fun,Quick",PC
1484,WebDev,2024-04-29,62.69417306106522,58,"Easy,Fun",PC
1485,WebDev,2024-04-30,52.45225987727629,67,"Hard,Theory",PC
1486,AI,2024-05-01,54.61845011659212,61,"Hard,Theory",Mobile
1487,DataScience,2024-05-02,69.0447277391842,70,"Hard,Deep",PC
1488,WebDev,2024-05-03,48.83450234282982,94,"Hard,Theory",Mobile
1489,Python,2024-05-04,,79,"Easy,Fun",PC
1490,Python,2024-05-05,42.36217836306213,43,"Hard,Theory",PC
1491,Python,2024-05-06,68.56742823087586,89,"Hard,Theory",Mobile
1492,DataScience,2024-05-07,40.880940716195646,74,"Hard,Theory",PC
1493,AI,2024-05-08,76.76646766959946,44,"Fun,Quick",Mobile
1494,Python,2024-05-09,40.66063481293405,94,"Hard,Theory",Mobile
1495,Python,2024-05-10,34.8257522451225,92,"Hard,Deep",PC
1496,DataScience,2024-05-11,70.36295202662168,49,"Easy,Fun",Mobile
1497,Python,2024-05-12,54.90621124066904,45,"Hard,Theory",PC
1498,WebDev,2024-05-13,68.90717841802044,57,"Easy,Fun",PC
1499,WebDev,2024-05-14,51.54322152507725,97,"Hard,Deep",Mobile
1500,WebDev,2024-05-15,27.54386542094272,96,"Fun,Quick",Mobile
1501,Python,2024-05-16,68.00782376237913,54,"Easy,Fun",Mobile
1502,DataScience,2024-05-17,71.3735780712348,78,"Easy,Fun",Mobile
1503,AI,2024-05-18,58.405551601388325,73,"Easy,Fun",PC
1504,AI,2024-05-19,55.80779329443857,75,"Hard,Deep",Mobile
1505,Python,2024-05-20,,68,"Hard,Theory",PC
1506,WebDev,2024-05-21,33.65442434238031,91,"Hard,Theory",Mobile
1507,WebDev,2024-05-22,36.62189206104421,96,"Hard,Theory",Mobile
1508,Python,2024-05-23,30.619869577581746,47,"Fun,Quick",PC
1509,AI,2024-05-24,62.48976582896499,49,"Hard,Theory",PC
1510,DataScience,2024-05-25,53.4944842781974,56,"Easy,Fun",PC
1511,DataScience,2024-05-26,57.50163988255432,77,"Hard,Theory",PC
1512,WebDev,2024-05-27,44.988818997112595,87,"Hard,Deep",Mobile
1513,DataScience,2024-05-28,50.562091269841986,88,"Easy,Fun",Mobile
1514,DataScience,2024-05-29,42.41489429707574,58,"Easy,Fun",Mobile
1515,AI,2024-05-30,78.27003313611209,61,"Hard,Deep",Mobile
1516,DataScience,2024-05-31,45.78051497944834,85,"Easy,Fun",PC
1517,AI,2024-06-01,37.8585281530583,94,"Fun,Quick",Mobile
1518,Python,2024-06-02,63.670627015293434,68,"Hard,Deep",PC
1519,Python,2024-06-03,42.74576824541157,72,"Hard,Deep",PC
1520,AI,2024-06-04,34.78918315497332,76,"Fun,Quick",Mobile
1521,WebDev,2024-06-05,60.933773207603764,88,"Fun,Quick",PC
1522,AI,2024-06-06,37.54070812752266,77,"Easy,Fun",PC
1523,Python,2024-06-07,60.09133726076066,63,"Fun,Quick",Mobile
1524,Python,2024-06-08,56.45239055444088,60,"Hard,Theory",PC
1525,WebDev,2024-06-09,56.86908297272314,78,"Hard,Deep",PC
1526,Python,2024-06-10,75.82221510435005,67,"Hard,Deep",Mobile
1527,DataScience,2024-06-11,54.691637238434566,88,"Hard,Deep",PC
1528,DataScience,2024-06-12,64.21369545814996,55,"Easy,Fun",PC
1529,AI,2024-06-13,50.20955065847431,60,"Easy,Fun",PC
1530,Python,2024-06-14,69.42625048303668,89,"Hard,Theory",PC
1531,AI,2024-06-15,52.752375534431295,46,"Fun,Quick",Mobile
1532,WebDev,2024-06-16,,91,"Hard,Theory",Mobile
1533,DataScience,2024-06-17,27.08419057555258,45,"Easy,Fun",PC
1534,DataScience,2024-06-18,48.7670693879337,52,"Easy,Fun",PC
1535,Python,2024-06-19,51.21172250861881,71,"Hard,Theory",PC
1536,Python,2024-06-20,71.12668665337304,43,"Hard,Deep",PC
1537,Python,2024-06-21,42.86470459889202,73,"Hard,Theory",Mobile
1538,WebDev,2024-06-22,53.194335263114674,53,"Hard,Deep",Mobile
1539,DataScience,2024-06-23,39.85218246834323,62,"Hard,Theory",Mobile
1540,Python,2024-06-24,81.8779461679157,88,"Hard,Deep",PC
1541,Python,2024-06-25,44.83958126688109,79,"Hard,Theory",PC
1542,WebDev,2024-06-26,48.30458598448593,65,"Hard,Deep",PC
1543,DataScience,2024-06-27,32.34319758949434,73,"Hard,Theory",PC
1544,Python,2024-06-28,70.28495787233228,54,"Hard,Theory",Mobile
1545,Python,2024-06-29,32.67918964252034,97,"Fun,Quick",PC
1546,Python,2024-06-30,50.154425508463895,93,"Easy,Fun",Mobile
1547,AI,2024-07-01,52.655734403129074,72,"Hard,Theory",Mobile
1548,WebDev,2024-07-02,47.03805785192549,88,"Easy,Fun",Mobile
1549,WebDev,2024-07-03,51.317336798008434,67,"Hard,Deep",PC
1550,AI,2024-07-04,65.88060366153702,41,"Hard,Deep",PC
1551,Python,2024-07-05,70.99186925486292,80,"Hard,Theory",Mobile
1552,AI,2024-07-06,65.91331805085777,81,"Hard,Theory",PC
1553,WebDev,2024-07-07,60.67456379473533,64,"Fun,Quick",Mobile
1554,WebDev,2024-07-08,71.35743887869212,58,"Hard,Theory",Mobile
1555,DataScience,2024-07-09,51.37470511558,97,"Hard,Deep",Mobile
1556,WebDev,2024-07-10,43.7623781483242,85,"Fun,Quick",Mobile
1557,Python,2024-07-11,67.98533430292966,83,"Easy,Fun",Mobile
1558,WebDev,2024-07-12,32.56426461141917,87,"Hard,Theory",PC
1559,DataScience,2024-07-13,26.673416968635095,61,"Fun,Quick",PC
1560,WebDev,2024-07-14,58.8206000570671,50,"Fun,Quick",Mobile
1561,WebDev,2024-07-15,77.06125338088734,45,"Hard,Theory",PC
1562,AI,2024-07-16,39.73194417136056,66,"Easy,Fun",PC
1563,AI,2024-07-17,50.63186199507767,76,"Fun,Quick",Mobile
1564,AI,2024-07-18,31.130503689729533,99,"Fun,Quick",Mobile
1565,AI,2024-07-19,50.415249796987524,47,"Hard,Theory",PC
1566,Python,2024-07-20,36.92897584052423,86,"Easy,Fun",PC
1567,WebDev,2024-07-21,61.04440273510602,71,"Hard,Deep",PC
1568,DataScience,2024-07-22,44.50924949738794,70,"Easy,Fun",Mobile
1569,DataScience,2024-07-23,41.442972239314535,97,"Hard,Deep",Mobile
1570,DataScience,2024-07-24,79.2927627431039,77,"Hard,Deep",PC
1571,Python,2024-07-25,42.294913269013165,52,"Hard,Theory",PC
1572,DataScience,2024-07-26,34.004858958791104,69,"Fun,Quick",Mobile
1573,WebDev,2024-07-27,,74,"Hard,Theory",PC
1574,AI,2024-07-28,63.055730277945955,91,"Hard,Theory",PC
1575,DataScience,2024-07-29,83.69273309256002,93,"Hard,Theory",Mobile
1576,WebDev,2024-07-30,55.16819064632839,52,"Hard,Theory",PC
1577,DataScience,2024-07-31,31.543538058735436,76,"Hard,Deep",Mobile
1578,DataScience,2024-08-01,43.63393824443126,42,"Hard,Deep",Mobile
1579,DataScience,2024-08-02,45.66659652395643,75,"Fun,Quick",PC
1580,AI,2024-08-03,77.92104418222162,78,"Easy,Fun",Mobile
1581,WebDev,2024-08-04,58.124275221176106,49,"Hard,Deep",Mobile
1582,DataScience,2024-08-05,57.322850064932645,94,"Easy,Fun",Mobile
1583,AI,2024-08-06,31.67822958024947,98,"Hard,Deep",PC
1584,DataScience,2024-08-07,70.84140337221856,66,"Easy,Fun",Mobile
1585,WebDev,2024-08-08,45.84075992645425,61,"Fun,Quick",PC
1586,WebDev,2024-08-09,61.3035333682061,76,"Easy,Fun",PC
1587,WebDev,2024-08-10,53.66412362814984,94,"Hard,Deep",Mobile
1588,Python,2024-08-11,,45,"Easy,Fun",Mobile
1589,Python,2024-08-12,35.44439748970106,63,"Hard,Theory",Mobile
1590,AI,2024-08-13,48.7727676821292,81,"Fun,Quick",PC
1591,AI,2024-08-14,58.466655224278085,41,"Fun,Quick",Mobile
1592,WebDev,2024-08-15,70.87266513781482,57,"Hard,Deep",Mobile
1593,Python,2024-08-16,,79,"Hard,Theory",PC
1594,AI,2024-08-17,43.50502921203901,91,"Hard,Theory",PC
1595,WebDev,2024-08-18,39.88573926375346,67,"Easy,Fun",Mobile
1596,WebDev,2024-08-19,53.826833665099834,61,"Easy,Fun",PC
1597,Python,2024-08-20,49.93563379957594,40,"Fun,Quick",PC
1598,WebDev,2024-08-21,51.6025301571189,58,"Hard,Theory",PC
1599,AI,2024-08-22,58.87097055538912,45,"Fun,Quick",Mobile
1600,Python,2024-08-23,62.98775014313698,98,"Hard,Deep",Mobile
1601,WebDev,2024-08-24,57.54481378127489,94,"Hard,Theory",PC
1602,AI,2024-08-25,66.83150758771379,62,"Fun,Quick",PC
1603,AI,2024-08-26,68.71345259268406,74,"Hard,Deep",Mobile
1604,Python,2024-08-27,37.326939294821784,69,"Easy,Fun",Mobile
1605,DataScience,2024-08-28,41.15208880601254,79,"Hard,Theory",PC
1606,Python,2024-08-29,43.490766360999245,46,"Hard,Theory",Mobile
1607,WebDev,2024-08-30,37.939650602657004,71,"Easy,Fun",PC
1608,WebDev,2024-08-31,,73,"Easy,Fun",Mobile
1609,AI,2024-09-01,61.654792302635315,82,"Hard,Deep",PC
1610,Python,2024-09-02,44.04489624578735,58,"Easy,Fun",PC
1611,Python,2024-09-03,59.30120351747178,77,"Fun,Quick",PC
1612,WebDev,2024-09-04,71.35916854273346,86,"Fun,Quick",Mobile
1613,AI,2024-09-05,38.952777315486856,63,"Fun,Quick",Mobile
1614,Python,2024-09-06,39.42386981376084,45,"Hard,Theory",Mobile
1615,WebDev,2024-09-07,45.194515309801034,99,"Hard,Deep",Mobile
1616,Python,2024-09-08,40.89928180883109,96,"Easy,Fun",PC
1617,AI,2024-09-09,39.87299236292958,56,"Easy,Fun",Mobile
1618,DataScience,2024-09-10,40.77950391448594,59,"Hard,Deep",PC
1619,AI,2024-09-11,73.17769564639087,55,"Hard,Deep",PC
1620,AI,2024-09-12,58.05162892237227,75,"Hard,Deep",Mobile
1621,AI,2024-09-13,65.88006033532352,92,"Easy,Fun",PC
1622,WebDev,2024-09-14,59.04224495464535,55,"Fun,Quick",Mobile
1623,WebDev,2024-09-15,37.72046851686558,88,"Hard,Theory",PC
1624,DataScience,2024-09-16,31.867276114837843,79,"Fun,Quick",Mobile
1625,DataScience,2024-09-17,25.552409780496003,75,"Easy,Fun",Mobile
1626,AI,2024-09-18,18.129478895808194,99,"Hard,Theory",PC
1627,AI,2024-09-19,24.897363969325482,78,"Hard,Deep",Mobile
1628,Python,2024-09-20,54.00353724493864,88,"Hard,Deep",Mobile
1629,DataScience,2024-09-21,52.59554819494338,95,"Easy,Fun",Mobile
1630,WebDev,2024-09-22,47.8985583044061,67,"Hard,Theory",Mobile
1631,Python,2024-09-23,49.491898105853515,76,"Hard,Theory",PC
1632,AI,2024-09-24,46.08352793431348,67,"Hard,Theory",Mobile
1633,AI,2024-09-25,33.68955455635505,99,"Hard,Deep",Mobile
1634,AI,2024-09-26,64.42492109507678,40,"Easy,Fun",Mobile
1635,Python,2024-09-27,50.33770776699242,93,"Fun,Quick",PC
1636,DataScience,2024-09-28,53.876634236225655,87,"Easy,Fun",Mobile
1637,Python,2024-09-29,29.53001136622129,43,"Hard,Deep",Mobile
1638,DataScience,2024-09-30,30.405235839821273,94,"Hard,Deep",PC
1639,DataScience,2024-10-01,62.502742335947346,55,"Fun,Quick",Mobile
1640,AI,2024-10-02,58.753386208965466,40,"Fun,Quick",PC
1641,WebDev,2024-10-03,64.76691543735275,47,"Hard,Deep",Mobile
1642,Python,2024-10-04,47.6752841018702,56,"Easy,Fun",PC
1643,WebDev,2024-10-05,28.150594743528863,71,"Hard,Deep",Mobile
1644,Python,2024-10-06,49.69802410901985,92,"Easy,Fun",PC
1645,WebDev,2024-10-07,67.38879283735497,51,"Fun,Quick",PC
1646,WebDev,2024-10-08,57.6535252733122,95,"Fun,Quick",PC
1647,Python,2024-10-09,50.26757106852569,85,"Easy,Fun",PC
1648,WebDev,2024-10-10,22.631026694052004,56,"Hard,Theory",PC
1649,DataScience,2024-10-11,53.992658491124544,81,"Hard,Theory",Mobile
1650,WebDev,2024-10-12,58.21889302430186,60,"Hard,Theory",PC
1651,Python,2024-10-13,43.17989219861403,52,"Hard,Theory",PC
1652,DataScience,2024-10-14,,97,"Easy,Fun",Mobile
1653,Python,2024-10-15,35.55143820725516,66,"Fun,Quick",Mobile
1654,WebDev,2024-10-16,45.02203451445638,79,"Fun,Quick",PC
1655,DataScience,2024-10-17,45.55226271175148,85,"Hard,Theory",Mobile
1656,WebDev,2024-10-18,42.40399924601409,56,"Easy,Fun",PC
1657,WebDev,2024-10-19,40.347225174583365,45,"Hard,Deep",Mobile
1658,Python,2024-10-20,31.372277951237237,85,"Fun,Quick",PC
1659,Python,2024-10-21,53.21597848520779,89,"Easy,Fun",PC
1660,WebDev,2024-10-22,36.99318490475165,45,"Hard,Theory",PC
1661,WebDev,2024-10-23,78.04278868276043,56,"Fun,Quick",PC
1662,Python,2024-10-24,30.020268080303737,58,"Fun,Quick",PC
1663,Python,2024-10-25,36.13989088382533,57,"Hard,Theory",PC
1664,AI,2024-10-26,49.35356389748525,83,"Hard,Deep",Mobile
1665,AI,2024-10-27,44.0630681597401,60,"Fun,Quick",Mobile
1666,DataScience,2024-10-28,48.19589853654359,90,"Hard,Theory",Mobile
1667,Python,2024-10-29,8.605453829794563,63,"Easy,Fun",PC
1668,WebDev,2024-10-30,21.564893954359093,86,"Fun,Quick",Mobile
1669,DataScience,2024-10-31,59.15810997364709,40,"Hard,Deep",Mobile
1670,AI,2024-11-01,48.53750635817265,59,"Hard,Deep",Mobile
1671,AI,2024-11-02,40.709849487300694,67,"Fun,Quick",Mobile
1672,DataScience,2024-11-03,,95,"Easy,Fun",PC
1673,DataScience,2024-11-04,56.361827935236406,89,"Fun,Quick",PC
1674,WebDev,2024-11-05,54.53838427889927,98,"Easy,Fun",PC
1675,Python,2024-11-06,49.324300509028944,60,"Hard,Deep",Mobile
1676,Python,2024-11-07,34.67829392131243,81,"Easy,Fun",Mobile
1677,AI,2024-11-08,83.77619467369556,55,"Fun,Quick",PC
1678,DataScience,2024-11-09,29.91163922358292,70,"Easy,Fun",Mobile
1679,AI,2024-11-10,36.481137958007636,88,"Hard,Theory",PC
1680,AI,2024-11-11,23.183790302269365,59,"Easy,Fun",Mobile
1681,DataScience,2024-11-12,40.61249241250342,86,"Hard,Theory",Mobile
1682,WebDev,2024-11-13,21.05126557986967,49,"Hard,Theory",Mobile
1683,WebDev,2024-11-14,35.094549124113954,91,"Fun,Quick",Mobile
1684,WebDev,2024-11-15,55.246327081352696,57,"Fun,Quick",Mobile
1685,WebDev,2024-11-16,45.10506549609368,57,"Easy,Fun",Mobile
1686,DataScience,2024-11-17,42.581313595538475,46,"Hard,Theory",PC
1687,AI,2024-11-18,36.095353057413874,60,"Hard,Theory",PC
1688,Python,2024-11-19,55.181720476329225,88,"Hard,Theory",Mobile
1689,DataScience,2024-11-20,48.539563130162314,86,"Hard,Theory",Mobile
1690,DataScience,2024-11-21,45.70419866903107,47,"Hard,Deep",PC
1691,WebDev,2024-11-22,41.40291487924924,69,"Fun,Quick",Mobile
1692,AI,2024-11-23,58.54123965684413,62,"Fun,Quick",PC
1693,WebDev,2024-11-24,,80,"Hard,Theory",Mobile
1694,DataScience,2024-11-25,65.65770824835445,46,"Easy,Fun",PC
1695,Python,2024-11-26,,80,"Hard,Deep",PC
1696,DataScience,2024-11-27,30.746914640619217,71,"Hard,Theory",PC
1697,Python,2024-11-28,66.75310093247157,72,"Fun,Quick",PC
1698,AI,2024-11-29,52.0114219036917,97,"Fun,Quick",Mobile
1699,WebDev,2024-11-30,51.07819467189706,44,"Hard,Theory",PC
1700,DataScience,2024-12-01,48.73126857470847,74,"Easy,Fun",Mobile
1701,WebDev,2024-12-02,31.26601476018243,43,"Hard,Theory",Mobile
1702,AI,2024-12-03,61.38513981586877,60,"Hard,Theory",Mobile
1703,DataScience,2024-12-04,38.51022608349301,75,"Hard,Deep",PC
1704,DataScience,2024-12-05,13.553298665055493,42,"Hard,Theory",Mobile
1705,Python,2024-12-06,36.342172714557734,49,"Hard,Deep",PC
1706,AI,2024-12-07,39.52980710501916,92,"Hard,Theory",Mobile
1707,DataScience,2024-12-08,62.42107884629809,56,"Fun,Quick",Mobile
1708,WebDev,2024-12-09,35.651240969694,49,"Fun,Quick",Mobile
1709,AI,2024-12-10,33.733454674410126,42,"Hard,Deep",PC
1710,DataScience,2024-12-11,56.71612215472065,96,"Hard,Theory",PC
1711,Python,2024-12-12,73.30033608393344,87,"Hard,Theory",PC
1712,DataScience,2024-12-13,57.626086225280574,65,"Fun,Quick",Mobile
1713,DataScience,2024-12-14,54.552069441572804,71,"Easy,Fun",PC
1714,DataScience,2024-12-15,51.05672668168733,96,"Easy,Fun",PC
1715,WebDev,2024-12-16,40.79257995077512,94,"Easy,Fun",Mobile
1716,Python,2024-12-17,46.78492340291578,68,"Fun,Quick",PC
1717,AI,2024-12-18,74.9523114244392,55,"Hard,Deep",PC
1718,AI,2024-12-19,59.005317030175824,46,"Fun,Quick",PC
1719,AI,2024-12-20,50.01002550255146,57,"Hard,Theory",PC
1720,DataScience,2024-12-21,32.76473001744718,51,"Hard,Deep",Mobile
1721,Python,2024-12-22,45.51339282385049,76,"Hard,Theory",Mobile
1722,AI,2024-12-23,50.39718693929773,71,"Easy,Fun",Mobile
1723,Python,2024-12-24,63.3010647522145,90,"Hard,Theory",PC
1724,WebDev,2024-12-25,56.23563059245279,89,"Hard,Theory",Mobile
1725,Python,2024-12-26,47.93894824946785,86,"Hard,Deep",Mobile
1726,WebDev,2024-12-27,50.953621059654985,78,"Fun,Quick",Mobile
1727,WebDev,2024-12-28,63.228928614968964,88,"Hard,Deep",Mobile
1728,AI,2024-12-29,48.196678326642406,48,"Easy,Fun",Mobile
1729,DataScience,2024-12-30,36.51297182227971,79,"Hard,Theory",PC
1730,DataScience,2024-12-31,16.97742311135056,44,"Hard,Deep",Mobile
1731,WebDev,2025-01-01,58.7142201906824,45,"Hard,Theory",PC
1732,AI,2025-01-02,54.65591202155814,49,"Hard,Deep",PC
1733,Python,2025-01-03,52.94423934875698,75,"Fun,Quick",Mobile
1734,Python,2025-01-04,36.68370162664391,56,"Hard,Deep",PC
1735,DataScience,2025-01-05,63.5939456374766,50,"Easy,Fun",PC
1736,Python,2025-01-06,23.23497901790453,59,"Hard,Theory",Mobile
1737,WebDev,2025-01-07,50.87605337527973,93,"Hard,Deep",Mobile
1738,WebDev,2025-01-08,45.71013464833307,59,"Easy,Fun",Mobile
1739,Python,2025-01-09,53.81029163233433,82,"Hard,Theory",Mobile
1740,DataScience,2025-01-10,,97,"Easy,Fun",Mobile
1741,WebDev,2025-01-11,50.333844674081966,63,"Hard,Deep",PC
1742,Python,2025-01-12,37.21316026169651,45,"Hard,Deep",PC
1743,Python,2025-01-13,47.57718277506925,65,"Fun,Quick",Mobile
1744,Python,2025-01-14,32.32177078499305,73,"Hard,Deep",PC
1745,Python,2025-01-15,45.17513649627527,45,"Fun,Quick",Mobile
1746,AI,2025-01-16,40.1144769692452,79,"Easy,Fun",Mobile
1747,WebDev,2025-01-17,56.2549917162667,78,"Hard,Deep",PC
1748,AI,2025-01-18,63.357778393597314,46,"Easy,Fun",PC
1749,Python,2025-01-19,21.378241849931833,91,"Hard,Deep",PC
1750,AI,2025-01-20,36.260310923559324,42,"Fun,Quick",PC
1751,DataScience,2025-01-21,22.4214904687704,52,"Easy,Fun",PC
1752,Python,2025-01-22,33.39554265460361,88,"Hard,Deep",Mobile
1753,DataScience,2025-01-23,35.185653664035314,49,"Easy,Fun",Mobile
1754,Python,2025-01-24,71.74873459439186,74,"Hard,Theory",PC
1755,WebDev,2025-01-25,47.453236966636936,91,"Hard,Theory",Mobile
1756,DataScience,2025-01-26,35.64875194857625,82,"Easy,Fun",PC
1757,Python,2025-01-27,24.83236376358969,46,"Easy,Fun",PC
1758,AI,2025-01-28,73.71957140877079,76,"Easy,Fun",Mobile
1759,Python,2025-01-29,54.26984481325432,56,"Fun,Quick",Mobile
1760,DataScience,2025-01-30,44.6685299858276,70,"Hard,Deep",PC
1761,AI,2025-01-31,47.37723312970992,46,"Easy,Fun",Mobile
1762,Python,2025-02-01,54.8567423223342,90,"Fun,Quick",Mobile
1763,Python,2025-02-02,58.73462886533396,40,"Hard,Theory",PC
1764,AI,2025-02-03,77.79225663018633,98,"Hard,Deep",PC
1765,AI,2025-02-04,30.96600512901398,61,"Fun,Quick",PC
1766,WebDev,2025-02-05,63.438404983539854,62,"Fun,Quick",PC
1767,Python,2025-02-06,61.76279686330122,69,"Fun,Quick",PC
1768,WebDev,2025-02-07,15.992612405624534,40,"Easy,Fun",Mobile
1769,DataScience,2025-02-08,39.170619883246545,96,"Hard,Theory",Mobile
1770,WebDev,2025-02-09,63.11962168754533,88,"Hard,Deep",Mobile
1771,AI,2025-02-10,55.03536106348672,65,"Hard,Deep",PC
1772,AI,2025-02-11,38.931860980855824,74,"Fun,Quick",PC
1773,WebDev,2025-02-12,72.70606881939756,41,"Easy,Fun",PC
1774,WebDev,2025-02-13,61.814167540216324,87,"Fun,Quick",PC
1775,AI,2025-02-14,35.283027626713846,54,"Fun,Quick",Mobile
1776,Python,2025-02-15,30.058407616742684,49,"Easy,Fun",Mobile
1777,AI,2025-02-16,62.07002935691168,93,"Hard,Theory",PC
1778,Python,2025-02-17,47.8276494316942,78,"Fun,Quick",PC
1779,AI,2025-02-18,52.27738902403861,87,"Hard,Deep",Mobile
1780,Python,2025-02-19,57.033328578374636,91,"Hard,Deep",Mobile
1781,DataScience,2025-02-20,64.02683247230738,88,"Easy,Fun",Mobile
1782,Python,2025-02-21,61.815995704219496,62,"Hard,Theory",PC
1783,AI,2025-02-22,75.81717678676068,69,"Hard,Deep",PC
1784,WebDev,2025-02-23,31.829594251151867,81,"Hard,Theory",PC
1785,AI,2025-02-24,55.866074247241755,60,"Easy,Fun",PC
1786,Python,2025-02-25,50.04168802479144,90,"Hard,Theory",PC
1787,DataScience,2025-02-26,52.8369166084698,60,"Hard,Theory",PC
1788,AI,2025-02-27,53.0214179192872,76,"Hard,Deep",PC
1789,AI,2025-02-28,54.93796078847979,58,"Hard,Theory",Mobile
1790,DataScience,2025-03-01,64.12475451495499,55,"Easy,Fun",PC
1791,DataScience,2025-03-02,51.340966870248465,75,"Hard,Deep",PC
1792,WebDev,2025-03-03,21.383634981227285,42,"Hard,Theory",Mobile
1793,Python,2025-03-04,32.26087208066452,79,"Hard,Theory",Mobile
1794,Python,2025-03-05,46.85736680929741,73,"Fun,Quick",Mobile
1795,AI,2025-03-06,72.7964586128922,96,"Hard,Theory",PC
1796,AI,2025-03-07,24.969364335846183,48,"Hard,Deep",PC
1797,DataScience,2025-03-08,69.97839291321816,61,"Hard,Theory",Mobile
1798,WebDev,2025-03-09,48.58860355541439,76,"Hard,Deep",PC
1799,Python,2025-03-10,52.442217370647555,84,"Fun,Quick",Mobile
1800,WebDev,2025-03-11,36.479518889617,95,"Fun,Quick",PC
1801,DataScience,2025-03-12,77.14214269363154,68,"Easy,Fun",Mobile
1802,DataScience,2025-03-13,73.3088700649003,84,"Fun,Quick",PC
1803,DataScience,2025-03-14,69.51440632963849,70,"Hard,Theory",Mobile
1804,Python,2025-03-15,53.456033947431145,64,"Hard,Theory",Mobile
1805,AI,2025-03-16,17.356034323772022,79,"Hard,Theory",PC
1806,DataScience,2025-03-17,53.5691755614162,91,"Hard,Deep",Mobile
1807,Python,2025-03-18,67.7172164946684,61,"Fun,Quick",PC
1808,DataScience,2025-03-19,58.42454933408022,62,"Hard,Deep",Mobile
1809,AI,2025-03-20,64.138162521487,52,"Hard,Deep",PC
1810,AI,2025-03-21,59.398156403936326,48,"Hard,Theory",PC
1811,AI,2025-03-22,38.08073074981439,70,"Fun,Quick",Mobile
1812,WebDev,2025-03-23,,70,"Fun,Quick",PC
1813,WebDev,2025-03-24,55.021416681857296,72,"Easy,Fun",PC
1814,WebDev,2025-03-25,37.077002177548735,96,"Hard,Deep",Mobile
1815,DataScience,2025-03-26,46.533597309431656,68,"Easy,Fun",Mobile
1816,DataScience,2025-03-27,58.69595247885345,43,"Hard,Theory",PC
1817,DataScience,2025-03-28,53.616150464374115,73,"Fun,Quick",Mobile
1818,DataScience,2025-03-29,34.092585044356994,82,"Easy,Fun",PC
1819,AI,2025-03-30,52.43557502001473,79,"Hard,Theory",Mobile
1820,AI,2025-03-31,72.63882989176783,46,"Hard,Theory",Mobile
1821,WebDev,2025-04-01,33.491496929838476,99,"Fun,Quick",PC
1822,DataScience,2025-04-02,46.815647250693615,74,"Hard,Theory",PC
1823,DataScience,2025-04-03,70.77840982237626,49,"Hard,Theory",PC
1824,AI,2025-04-04,50.68069466903827,40,"Hard,Deep",PC
1825,WebDev,2025-04-05,55.19893564560222,80,"Fun,Quick",PC
1826,AI,2025-04-06,64.5713039514892,88,"Fun,Quick",Mobile
1827,Python,2025-04-07,67.93905732303415,81,"Fun,Quick",PC
1828,DataScience,2025-04-08,57.04859312858056,93,"Fun,Quick",Mobile
1829,AI,2025-04-09,54.05876859087323,94,"Fun,Quick",PC
1830,DataScience,2025-04-10,64.89219521206897,45,"Fun,Quick",Mobile
1831,AI,2025-04-11,,45,"Fun,Quick",Mobile
1832,DataScience,2025-04-12,51.32385095841606,99,"Fun,Quick",PC
1833,WebDev,2025-04-13,32.61941710647271,44,"Fun,Quick",Mobile
1834,WebDev,2025-04-14,52.58822117277591,51,"Fun,Quick",PC
1835,AI,2025-04-15,54.45878295418473,68,"Hard,Deep",Mobile
1836,Python,2025-04-16,61.29331918808426,57,"Hard,Theory",PC
1837,Python,2025-04-17,22.833385019193656,53,"Fun,Quick",Mobile
1838,AI,2025-04-18,40.89575626199631,52,"Fun,Quick",PC
1839,DataScience,2025-04-19,34.805714812941986,88,"Hard,Theory",Mobile
1840,DataScience,2025-04-20,18.694128601938914,52,"Hard,Theory",Mobile
1841,DataScience,2025-04-21,42.620028152763474,89,"Hard,Theory",PC
1842,DataScience,2025-04-22,56.78236560030111,98,"Hard,Deep",Mobile
1843,DataScience,2025-04-23,42.316297460952576,52,"Hard,Deep",Mobile
1844,WebDev,2025-04-24,66.41897773822835,41,"Fun,Quick",PC
1845,DataScience,2025-04-25,32.69010055031204,56,"Hard,Theory",Mobile
1846,DataScience,2025-04-26,80.79167833113911,65,"Easy,Fun",Mobile
1847,DataScience,2025-04-27,57.134925974546825,40,"Fun,Quick",Mobile
1848,Python,2025-04-28,49.54274885825642,75,"Easy,Fun",PC
1849,DataScience,2025-04-29,36.82219485768718,78,"Fun,Quick",PC
1850,WebDev,2025-04-30,46.73196268710545,41,"Hard,Theory",PC
1851,Python,2025-05-01,60.213387294760544,81,"Easy,Fun",Mobile
1852,Python,2025-05-02,44.11344011318418,80,"Hard,Deep",Mobile
1853,Python,2025-05-03,75.70435104449895,88,"Easy,Fun",Mobile
1854,WebDev,2025-05-04,49.79179846422524,97,"Hard,Theory",PC
1855,WebDev,2025-05-05,49.007153369392675,40,"Fun,Quick",Mobile
1856,DataScience,2025-05-06,78.89965356124826,68,"Hard,Deep",PC
1857,DataScience,2025-05-07,21.94330379075754,42,"Hard,Deep",PC
1858,DataScience,2025-05-08,47.849920422540436,99,"Easy,Fun",Mobile
1859,DataScience,2025-05-09,,41,"Fun,Quick",PC
1860,AI,2025-05-10,47.54056851887697,79,"Hard,Theory",Mobile
1861,Python,2025-05-11,75.93937758618976,46,"Hard,Deep",Mobile
1862,WebDev,2025-05-12,58.95917052853933,52,"Hard,Deep",Mobile
1863,WebDev,2025-05-13,42.999747018480875,56,"Easy,Fun",PC
1864,AI,2025-05-14,47.86430911019623,99,"Hard,Theory",Mobile
1865,WebDev,2025-05-15,60.564869449560796,46,"Fun,Quick",PC
1866,Python,2025-05-16,67.9663136211687,42,"Easy,Fun",Mobile
1867,DataScience,2025-05-17,30.02765111659628,44,"Hard,Theory",PC
1868,WebDev,2025-05-18,58.72492492634351,70,"Fun,Quick",Mobile
1869,DataScience,2025-05-19,33.335268850785596,51,"Hard,Deep",PC
1870,Python,2025-05-20,31.761638247862177,72,"Hard,Theory",Mobile
1871,DataScience,2025-05-21,43.113095401509085,96,"Easy,Fun",Mobile
1872,AI,2025-05-22,54.138196451577286,42,"Hard,Deep",PC
1873,WebDev,2025-05-23,66.02101868574849,53,"Easy,Fun",PC
1874,WebDev,2025-05-24,69.18580711935743,75,"Fun,Quick",Mobile
1875,Python,2025-05-25,53.7078294803476,55,"Hard,Theory",PC
1876,Python,2025-05-26,52.971513521996215,98,"Fun,Quick",PC
1877,AI,2025-05-27,116.03211941188435,57,"Fun,Quick",PC
1878,WebDev,2025-05-28,45.08074308312209,68,"Easy,Fun",Mobile
1879,WebDev,2025-05-29,54.09115688628897,44,"Easy,Fun",PC
1880,DataScience,2025-05-30,47.9518629720951,66,"Fun,Quick",Mobile
1881,WebDev,2025-05-31,48.950003404181324,63,"Hard,Theory",PC
1882,AI,2025-06-01,23.245502157015697,83,"Fun,Quick",PC
1883,Python,2025-06-02,47.29681373073019,60,"Hard,Deep",PC
1884,Python,2025-06-03,44.92593743627145,62,"Hard,Theory",PC
1885,WebDev,2025-06-04,13.980691393178347,73,"Easy,Fun",PC
1886,AI,2025-06-05,25.57945992483597,54,"Hard,Deep",Mobile
1887,Python,2025-06-06,38.48872660694911,40,"Easy,Fun",Mobile
1888,WebDev,2025-06-07,43.98862286801295,86,"Easy,Fun",Mobile
1889,AI,2025-06-08,50.991423474118164,57,"Hard,Deep",Mobile
1890,AI,2025-06-09,52.07259995830993,44,"Hard,Theory",Mobile
1891,Python,2025-06-10,36.70216943639626,76,"Easy,Fun",Mobile
1892,AI,2025-06-11,60.269287298050514,70,"Fun,Quick",Mobile
1893,WebDev,2025-06-12,73.35463476983115,87,"Fun,Quick",PC
1894,WebDev,2025-06-13,63.7739826499262,98,"Hard,Deep",Mobile
1895,Python,2025-06-14,69.54195639032031,60,"Fun,Quick",Mobile
1896,Python,2025-06-15,86.18166322469193,70,"Hard,Deep",Mobile
1897,AI,2025-06-16,58.06776116656938,92,"Hard,Theory",PC
1898,AI,2025-06-17,53.333809642519874,47,"Hard,Theory",Mobile
1899,DataScience,2025-06-18,57.357706805856225,88,"Easy,Fun",PC
1900,AI,2025-06-19,,95,"Hard,Deep",Mobile
1901,WebDev,2025-06-20,,60,"Fun,Quick",PC
1902,Python,2025-06-21,27.720536775665803,49,"Hard,Theory",Mobile
1903,WebDev,2025-06-22,58.79079742487326,49,"Hard,Theory",Mobile
1904,AI,2025-06-23,56.67439267429871,99,"Hard,Deep",Mobile
1905,WebDev,2025-06-24,92.21326186165747,97,"Fun,Quick",Mobile
1906,Python,2025-06-25,71.50092160759047,43,"Fun,Quick",Mobile
1907,Python,2025-06-26,43.66237715041288,59,"Easy,Fun",PC
1908,DataScience,2025-06-27,56.612160885723966,80,"Fun,Quick",PC
1909,AI,2025-06-28,65.66837390681239,53,"Hard,Theory",Mobile
1910,Python,2025-06-29,51.13702287064823,54,"Fun,Quick",Mobile
1911,Python,2025-06-30,62.556245876376096,89,"Hard,Deep",PC
1912,AI,2025-07-01,62.115777478167125,46,"Easy,Fun",PC
1913,Python,2025-07-02,50.53649844501055,61,"Fun,Quick",PC
1914,WebDev,2025-07-03,35.13735394450613,71,"Easy,Fun",PC
1915,AI,2025-07-04,56.51476638461645,59,"Hard,Theory",Mobile
1916,DataScience,2025-07-05,,82,"Easy,Fun",Mobile
1917,Python,2025-07-06,73.3193556148019,53,"Fun,Quick",PC
1918,AI,2025-07-07,45.91634416267344,65,"Hard,Deep",Mobile
1919,AI,2025-07-08,35.780072689971824,51,"Fun,Quick",PC
1920,DataScience,2025-07-09,37.34029309755111,85,"Hard,Deep",PC
1921,Python,2025-07-10,55.302529885118204,70,"Easy,Fun",PC
1922,WebDev,2025-07-11,69.89765132645046,56,"Hard,Deep",Mobile
1923,WebDev,2025-07-12,69.60848924819513,48,"Easy,Fun",PC
1924,WebDev,2025-07-13,,70,"Fun,Quick",Mobile
1925,Python,2025-07-14,40.75080107368093,93,"Fun,Quick",Mobile
1926,AI,2025-07-15,52.25390202033955,58,"Fun,Quick",PC
1927,AI,2025-07-16,27.00955718740371,70,"Easy,Fun",PC
1928,AI,2025-07-17,46.041702428699466,81,"Hard,Deep",PC
1929,WebDev,2025-07-18,88.26857288767565,62,"Hard,Theory",Mobile
1930,WebDev,2025-07-19,29.206006735756315,44,"Fun,Quick",PC
1931,AI,2025-07-20,45.75879701564625,47,"Hard,Deep",PC
1932,AI,2025-07-21,42.155164251198244,59,"Easy,Fun",Mobile
1933,DataScience,2025-07-22,33.61655856879469,40,"Fun,Quick",PC
1934,AI,2025-07-23,33.91686659422383,78,"Hard,Deep",PC
1935,AI,2025-07-24,32.814477314203074,71,"Hard,Deep",Mobile
1936,DataScience,2025-07-25,43.84952428695302,92,"Hard,Theory",Mobile
1937,Python,2025-07-26,55.196748235012564,70,"Hard,Deep",Mobile
1938,DataScience,2025-07-27,50.437418033368544,98,"Hard,Theory",PC
1939,AI,2025-07-28,51.8572981520122,88,"Easy,Fun",PC
1940,WebDev,2025-07-29,36.901491216837734,84,"Easy,Fun",Mobile
1941,AI,2025-07-30,53.20561827554473,58,"Hard,Deep",PC
1942,DataScience,2025-07-31,27.923036717607378,91,"Easy,Fun",Mobile
1943,WebDev,2025-08-01,47.552366566227114,49,"Fun,Quick",PC
1944,AI,2025-08-02,39.27071760414894,80,"Fun,Quick",PC
1945,AI,2025-08-03,39.74806294040581,64,"Fun,Quick",Mobile
1946,Python,2025-08-04,,58,"Hard,Deep",PC
1947,AI,2025-08-05,29.41951857423865,45,"Hard,Theory",Mobile
1948,Python,2025-08-06,36.89535764653158,55,"Hard,Deep",Mobile
1949,Python,2025-08-07,31.781141053337702,64,"Hard,Deep",Mobile
1950,DataScience,2025-08-08,60.20236784348052,99,"Hard,Theory",Mobile
1951,Python,2025-08-09,,95,"Hard,Theory",PC
1952,DataScience,2025-08-10,48.28279565480748,98,"Easy,Fun",PC
1953,WebDev,2025-08-11,22.713061165715384,76,"Hard,Deep",Mobile
1954,DataScience,2025-08-12,63.030806247954004,53,"Fun,Quick",Mobile
1955,Python,2025-08-13,43.23256961674936,48,"Hard,Deep",PC
1956,DataScience,2025-08-14,68.98467611327573,60,"Easy,Fun",PC
1957,DataScience,2025-08-15,52.911782178209315,86,"Hard,Deep",PC
1958,Python,2025-08-16,60.50162582919642,91,"Fun,Quick",PC
1959,WebDev,2025-08-17,61.55941478914797,57,"Easy,Fun",PC
1960,AI,2025-08-18,45.603343155573064,93,"Fun,Quick",PC
1961,AI,2025-08-19,46.44891285613692,50,"Easy,Fun",Mobile
1962,AI,2025-08-20,74.02842419419792,80,"Hard,Theory",Mobile
1963,AI,2025-08-21,51.50597686447047,92,"Hard,Deep",PC
1964,DataScience,2025-08-22,72.86386318237047,85,"Hard,Deep",PC
1965,Python,2025-08-23,49.96405011772894,45,"Easy,Fun",Mobile
1966,WebDev,2025-08-24,52.48774912440837,48,"Fun,Quick",PC
1967,AI,2025-08-25,45.15226099777551,58,"Hard,Deep",Mobile
1968,WebDev,2025-08-26,37.01672895033008,55,"Hard,Deep",PC
1969,WebDev,2025-08-27,25.09680995300165,68,"Hard,Deep",PC
1970,Python,2025-08-28,51.3192880454725,93,"Easy,Fun",PC
1971,Python,2025-08-29,60.35044401183809,84,"Hard,Deep",PC
1972,AI,2025-08-30,19.951428977522063,87,"Hard,Theory",Mobile
1973,Python,2025-08-31,,61,"Hard,Deep",PC
1974,WebDev,2025-09-01,55.03125909457741,55,"Hard,Theory",PC
1975,DataScience,2025-09-02,56.71811193468922,51,"Easy,Fun",PC
1976,WebDev,2025-09-03,63.86192798819264,58,"Fun,Quick",Mobile
1977,AI,2025-09-04,78.77576590430292,77,"Easy,Fun",Mobile
1978,DataScience,2025-09-05,53.54808680817406,93,"Hard,Deep",Mobile
1979,AI,2025-09-06,38.91731011910898,99,"Easy,Fun",Mobile
1980,Python,2025-09-07,79.37851071132542,91,"Hard,Deep",PC
1981,Python,2025-09-08,70.25008337800202,94,"Easy,Fun",PC
1982,Python,2025-09-09,60.64926288564352,53,"Hard,Theory",Mobile
1983,Python,2025-09-10,43.59052772526552,62,"Hard,Deep",PC
1984,Python,2025-09-11,39.68093192077465,80,"Fun,Quick",Mobile
1985,AI,2025-09-12,36.279198370240536,52,"Hard,Deep",Mobile
1986,DataScience,2025-09-13,70.91551115640016,65,"Fun,Quick",PC
1987,AI,2025-09-14,55.14541365325282,91,"Hard,Theory",PC
1988,DataScience,2025-09-15,32.744932784921254,90,"Hard,Theory",PC
1989,AI,2025-09-16,71.05083417788582,74,"Hard,Theory",Mobile
1990,DataScience,2025-09-17,33.05317777321644,58,"Easy,Fun",PC
1991,Python,2025-09-18,37.319196314779724,90,"Hard,Theory",PC
1992,DataScience,2025-09-19,63.713107894949644,70,"Easy,Fun",PC
1993,Python,2025-09-20,,91,"Hard,Deep",Mobile
1994,Python,2025-09-21,60.41887709446969,95,"Fun,Quick",Mobile
1995,WebDev,2025-09-22,55.620195759692784,97,"Easy,Fun",Mobile
1996,DataScience,2025-09-23,47.367147677018814,65,"Easy,Fun",Mobile
1997,DataScience,2025-09-24,45.94458982129101,83,"Hard,Theory",Mobile
1998,AI,2025-09-25,36.57606632243163,40,"Fun,Quick",Mobile
1999,Python,2025-09-26,33.411371205652785,88,"Fun,Quick",PC
