EmployeeID,Age,Department,DistanceFromHome,Education,Gender,JobLevel,MonthlyIncome,OverTime,YearsAtCompany,Attrition
1000,20,R&D,12,2,Male,1,1717.9935611408623,Yes,14,1
1001,23,Sales,13,3,Female,3,5584.565474084758,No,6,0
1002,23,R&D,21,2,Female,2,7866.209782136155,No,3,0
1003,59,R&D,18,2,Male,2,4232.577397075006,No,15,0
1004,29,Sales,5,3,Male,2,5474.98518464266,No,4,0
1005,39,Sales,10,1,Female,4,3934.4896668180213,No,17,0
1006,41,R&D,16,3,Male,1,4057.6403143136704,Yes,17,0
1007,56,R&D,6,4,Male,1,4319.830941633131,No,17,0
1008,43,R&D,10,4,Female,1,2073.5886718760567,No,6,0
1009,26,HR,17,2,Female,1,7277.196511415081,No,19,0
1010,44,Sales,7,4,Male,1,4989.950340544708,No,16,0
1011,44,Sales,5,3,Male,1,6943.175394397592,Yes,15,0
1012,32,R&D,5,4,Female,2,5604.682447355307,No,10,1
1013,21,R&D,28,3,Female,1,3387.528587482185,No,5,0
1014,58,HR,18,4,Male,1,4366.176104163234,No,2,1
1015,59,R&D,12,1,Male,1,1826.2695945271353,Yes,14,1
1016,43,Sales,8,4,Male,1,6577.3741681771135,No,5,0
1017,44,Sales,12,2,Male,4,5274.449548512721,Yes,0,0
1018,37,HR,14,1,Female,1,3429.638949546192,No,5,0
1019,57,Sales,12,1,Male,1,1986.8595787613535,No,3,1
1020,45,R&D,11,3,Male,1,3847.18032689748,Yes,10,1
1021,33,HR,1,3,Female,1,2785.4231559438144,No,14,1
1022,28,R&D,2,2,Female,1,5270.565062956326,Yes,5,1
1023,29,R&D,13,2,Female,3,2894.4447678019787,No,3,0
1024,40,Sales,16,2,Female,1,9104.586849974337,No,12,0
1025,36,Sales,3,2,Female,1,6970.617838852009,Yes,12,0
1026,25,R&D,11,1,Male,1,4254.319764130874,No,0,0
1027,35,R&D,11,2,Female,1,2027.5283946546933,Yes,0,1
1028,20,HR,13,4,Female,3,4776.677246117247,No,6,0
1029,38,R&D,11,4,Male,3,1080.7692895336927,No,4,1
1030,55,R&D,11,4,Male,2,7121.402496811564,No,8,0
1031,44,HR,29,2,Female,1,6582.595895277282,No,4,0
1032,49,Sales,9,4,Male,1,7897.289489193659,No,10,0
1033,39,Sales,15,3,Male,2,3886.6909822697035,No,16,0
1034,39,Sales,8,1,Female,3,6611.128698814966,No,16,0
1035,34,R&D,16,2,Female,1,7768.0818988703195,No,11,0
1036,59,R&D,14,1,Female,2,4128.6706075160155,No,9,1
1037,52,Sales,27,3,Female,3,3532.3163354397448,No,18,0
1038,21,Sales,10,1,Male,2,7696.226378279021,Yes,14,0
1039,29,Sales,9,1,Female,2,5290.9528528097535,No,9,0
1040,52,Sales,13,2,Male,1,5850.595769818039,No,19,0
1041,51,HR,17,1,Male,1,4823.920356016068,No,9,1
1042,30,R&D,17,2,Female,1,2503.053052223988,No,3,0
1043,43,R&D,12,3,Male,2,7209.194443579398,No,19,1
1044,55,R&D,29,4,Female,1,941.2281541300995,No,10,0
1045,31,Sales,1,2,Male,1,6995.9518369776215,No,0,1
1046,48,R&D,13,3,Female,1,4441.523063036809,Yes,6,1
1047,54,R&D,3,3,Male,3,4624.735096935202,No,11,0
1048,20,Sales,23,2,Female,2,3934.9184108782483,Yes,8,1
1049,20,R&D,29,2,Female,3,6053.700885432843,No,11,0
1050,56,Sales,25,1,Male,2,5817.490037806889,No,0,0
1051,25,R&D,13,2,Female,2,8222.996982350083,No,1,0
1052,58,R&D,20,4,Female,2,4631.855521171541,No,17,0
1053,37,Sales,14,4,Male,1,4635.877778077835,No,12,0
1054,35,R&D,8,4,Male,2,4292.409638416422,Yes,12,1
1055,24,R&D,20,3,Male,2,5207.862211571078,No,19,0
1056,51,Sales,4,4,Male,1,4102.038941203351,Yes,3,0
1057,21,Sales,22,4,Male,2,7310.532769430618,No,9,0
1058,21,R&D,22,1,Female,1,7740.800284460224,Yes,10,0
1059,59,R&D,21,2,Male,2,1155.227774347009,No,9,1
1060,55,HR,9,1,Female,1,2422.278562612216,No,12,0
1061,58,HR,11,1,Female,1,2962.432933041283,No,19,1
1062,31,HR,10,3,Male,1,6323.23266165385,No,18,0
1063,38,Sales,3,3,Female,4,3215.922938169467,No,12,0
1064,47,HR,15,3,Female,2,6103.778783852598,No,19,0
1065,20,Sales,12,2,Female,1,7742.659936501817,No,6,0
1066,34,R&D,9,3,Female,1,6541.770878608233,No,9,0
1067,55,R&D,22,4,Female,2,2910.36349232146,Yes,13,1
1068,32,Sales,24,1,Male,1,2600.191073452324,No,14,0
1069,40,R&D,22,3,Female,3,-336.12269713213846,No,5,1
1070,31,Sales,21,1,Female,2,5980.024150080852,No,19,0
1071,24,Sales,5,3,Male,3,2489.9220494062142,Yes,13,1
1072,26,Sales,16,4,Female,1,5084.788729616226,No,19,0
1073,24,Sales,8,1,Female,3,5461.576373328655,No,17,0
1074,23,Sales,25,2,Female,2,2380.451185879416,No,19,0
1075,32,R&D,25,1,Male,2,6886.785472310315,No,11,0
1076,56,R&D,22,1,Male,3,2928.066668246154,No,1,1
1077,34,R&D,23,4,Male,2,3811.6880780419806,No,4,0
1078,35,Sales,7,2,Female,2,2635.448583150177,No,12,0
1079,40,Sales,20,2,Female,1,5098.079291580012,No,3,0
1080,55,Sales,12,3,Male,4,3670.712655380257,Yes,0,0
1081,43,Sales,7,3,Male,2,9540.117584909603,No,19,0
1082,35,HR,1,2,Female,1,3712.8118800162265,No,9,0
1083,33,Sales,28,2,Female,2,5372.747643900984,Yes,1,0
1084,41,R&D,6,2,Female,1,4439.370482758649,No,11,0
1085,25,R&D,23,3,Female,1,6773.31720385993,Yes,17,0
1086,55,R&D,10,3,Female,1,5007.818041436806,No,10,0
1087,20,R&D,22,4,Female,2,2076.4573532793784,No,5,1
1088,51,HR,21,2,Male,2,5397.751865058454,No,9,0
1089,25,Sales,12,4,Male,1,5879.949837699086,No,14,0
1090,50,R&D,12,2,Female,1,2441.729388269496,Yes,11,0
1091,20,R&D,4,4,Male,2,2914.4125083035324,Yes,15,1
1092,56,Sales,1,1,Female,3,3688.785785440791,No,3,0
1093,54,HR,22,2,Male,2,5514.308417001368,No,10,0
1094,49,R&D,18,4,Male,2,4286.381454903911,No,7,0
1095,23,Sales,6,3,Female,1,495.50628308393607,No,14,0
1096,54,R&D,16,3,Female,3,3479.448990384644,Yes,16,1
1097,33,R&D,28,4,Female,1,7270.311864025778,No,3,0
1098,59,R&D,2,2,Female,1,6265.362220533047,Yes,10,1
1099,41,HR,2,3,Female,5,6307.72637195892,No,12,0
1100,29,Sales,9,4,Female,2,4887.863003966088,No,6,0
1101,20,R&D,12,4,Female,2,9345.991839557912,Yes,17,1
1102,30,R&D,8,2,Female,3,4862.53844612182,No,15,0
1103,43,R&D,26,1,Male,5,4537.361399709959,No,18,0
1104,22,HR,12,3,Male,1,4055.3076378124265,No,12,0
1105,54,HR,20,4,Female,3,4202.624298856752,No,2,0
1106,55,R&D,6,3,Female,1,6564.561219195569,No,17,0
1107,50,Sales,19,4,Male,3,831.999881508511,No,10,0
1108,23,R&D,23,2,Male,3,2629.563705307839,No,14,0
1109,38,R&D,16,2,Female,5,7801.555290960362,No,16,0
1110,55,R&D,29,3,Male,1,3448.4729289390166,Yes,16,1
1111,40,Sales,20,2,Female,1,2744.8367717027104,No,14,0
1112,37,R&D,14,3,Female,3,4665.50317554624,No,17,0
1113,47,R&D,9,1,Female,2,3503.402877844006,Yes,16,0
1114,34,R&D,5,4,Female,2,5585.74145851791,No,18,0
1115,21,R&D,25,1,Male,3,2607.33633025742,No,6,0
1116,56,R&D,17,3,Female,2,7998.202361382657,Yes,14,0
1117,30,Sales,25,2,Female,1,2378.13958643066,No,0,1
1118,42,R&D,11,3,Male,3,4832.106829910142,No,17,0
1119,31,R&D,21,2,Female,1,5111.641632244975,Yes,8,1
1120,22,R&D,17,3,Male,2,5492.783952727926,Yes,5,0
1121,36,R&D,22,1,Female,3,4878.78687582785,No,0,0
1122,52,Sales,22,4,Female,1,4988.441301220641,Yes,12,0
1123,20,Sales,3,4,Male,1,4859.9952685000735,No,10,0
1124,58,Sales,21,1,Male,1,7611.3670359392245,No,10,0
1125,39,HR,14,1,Female,3,4749.2024887763855,No,4,0
1126,33,Sales,25,1,Male,2,6927.1064099361165,Yes,5,0
1127,50,Sales,25,3,Female,4,3535.4703437381386,No,4,0
1128,44,Sales,12,1,Male,2,4995.1624174477665,Yes,18,0
1129,22,Sales,21,4,Female,1,4739.659227812467,No,8,0
1130,23,Sales,14,2,Female,3,7000.942039324822,Yes,1,1
1131,50,HR,16,4,Female,2,3826.7962253627566,No,2,0
1132,54,R&D,2,1,Male,3,3616.5549269523217,Yes,15,0
1133,33,Sales,25,2,Male,2,4687.839171288261,Yes,10,0
1134,28,Sales,25,4,Female,2,4957.593226130854,Yes,0,1
1135,39,R&D,9,4,Female,1,795.2988490389107,No,7,0
1136,51,R&D,28,4,Female,1,3283.0384221514632,No,17,0
1137,28,Sales,4,1,Female,1,7220.344065702534,No,5,0
1138,46,HR,20,2,Male,1,4490.852451505929,No,2,1
1139,22,Sales,13,1,Female,2,4516.7485360511455,Yes,0,0
1140,23,R&D,19,3,Female,1,6140.490829690508,No,4,0
1141,34,Sales,13,1,Female,3,6081.070584028253,No,11,0
1142,52,R&D,11,1,Female,1,8478.550863757306,No,10,0
1143,24,R&D,10,3,Male,1,6262.4876054729575,Yes,8,0
1144,23,R&D,29,1,Female,3,4119.430802796911,No,5,0
1145,31,HR,22,3,Female,1,5110.073183351278,No,4,1
1146,42,R&D,15,2,Female,3,6548.208657727846,No,3,0
1147,33,Sales,24,4,Female,4,6923.337788537628,No,2,0
1148,31,R&D,14,2,Female,1,3194.7522842277144,No,6,0
1149,36,R&D,6,3,Female,2,6339.566505975633,Yes,19,1
1150,44,R&D,14,3,Male,2,8534.263164730324,No,11,0
1151,49,Sales,9,3,Male,3,4653.158275150874,Yes,0,1
1152,41,Sales,8,3,Male,2,5022.620524724338,Yes,7,1
1153,45,Sales,10,3,Female,1,3149.0749747105538,Yes,16,0
1154,36,R&D,15,1,Male,1,2876.2519679989173,Yes,8,1
1155,39,R&D,17,1,Female,2,5023.068952166339,No,14,0
1156,53,R&D,19,3,Female,3,6576.184734713521,No,17,0
1157,52,HR,8,1,Male,4,4402.514253362446,No,16,0
1158,56,R&D,4,3,Male,1,7211.302352816521,No,14,0
1159,26,HR,11,2,Female,3,6815.6052212525965,No,4,0
1160,41,R&D,29,4,Male,1,4267.705969495854,No,4,1
1161,51,Sales,22,3,Male,1,6460.187641790732,No,12,1
1162,33,Sales,18,3,Female,4,4741.3182610961685,No,4,0
1163,27,Sales,6,2,Female,1,5185.899872086316,Yes,6,1
1164,44,R&D,2,3,Female,1,7147.717062526267,Yes,10,0
1165,35,R&D,18,2,Male,2,9877.367993071948,No,15,0
1166,38,HR,3,2,Male,1,2207.5692671978195,No,16,0
1167,35,Sales,21,2,Male,1,4339.337561254411,Yes,15,1
1168,31,Sales,4,3,Female,2,7320.520142132942,No,13,1
1169,58,HR,2,2,Female,1,4511.517806266089,No,6,0
1170,49,Sales,12,4,Male,2,4141.275273831616,No,4,0
1171,21,R&D,26,2,Male,1,8335.378358496077,Yes,6,0
1172,51,HR,2,3,Male,1,4878.327055125331,No,8,0
1173,44,R&D,3,2,Male,5,6574.596139928968,Yes,4,0
1174,44,R&D,25,3,Female,1,4381.3281987629825,No,3,0
1175,23,R&D,18,4,Male,1,1882.7247418405273,No,2,0
1176,38,R&D,8,3,Male,1,3977.797301992324,No,1,0
1177,23,R&D,9,3,Female,1,6367.532072734453,No,18,0
1178,32,Sales,19,4,Female,1,5385.964541867401,No,14,0
1179,58,Sales,10,4,Male,1,3404.2778018003282,No,6,0
1180,55,Sales,23,3,Male,3,9127.743204411465,No,5,0
1181,42,R&D,22,1,Female,1,5235.790768996653,No,5,0
1182,25,R&D,16,2,Male,1,3009.2799689897347,Yes,8,1
1183,43,HR,29,4,Male,1,7599.0248234726205,No,4,0
1184,52,R&D,2,3,Female,5,6833.20574419254,No,14,0
1185,31,R&D,10,2,Female,1,3880.131413259283,No,0,0
1186,40,Sales,7,2,Male,2,6308.348856909547,No,2,0
1187,30,Sales,13,1,Male,2,6581.094267205619,No,10,0
1188,57,R&D,16,4,Female,3,5924.68262935588,No,15,0
1189,48,R&D,29,4,Male,1,5259.708779345584,No,19,0
1190,22,Sales,26,1,Female,3,1463.8440390353335,No,3,0
1191,47,Sales,28,1,Female,1,4353.238786751588,No,9,0
1192,39,Sales,19,2,Male,4,4894.170934707089,No,9,0
1193,45,R&D,22,2,Female,1,3833.27432864212,Yes,18,0
1194,43,R&D,23,3,Male,2,4287.508099029306,Yes,6,1
1195,40,Sales,28,2,Male,1,6403.014257879839,No,12,1
1196,49,Sales,14,1,Female,1,4002.5942408547744,Yes,11,1
1197,23,Sales,2,2,Male,2,1607.6560058594005,No,0,0
1198,55,R&D,15,1,Male,1,3748.3430371440772,No,17,0
1199,59,R&D,22,1,Female,1,3928.832580190654,No,13,0
1200,29,R&D,9,1,Male,2,4676.217314147116,Yes,17,0
1201,29,R&D,5,1,Female,3,2546.479406427426,No,0,0
1202,43,Sales,15,1,Female,2,4378.723773383507,Yes,5,1
1203,23,R&D,23,1,Male,2,3246.279184280509,No,18,0
1204,46,R&D,22,1,Female,1,6559.094357458684,No,0,0
1205,23,R&D,14,2,Male,1,4612.922335484119,No,19,0
1206,51,HR,29,4,Female,4,6095.137089746658,No,10,0
1207,29,Sales,23,2,Female,1,5553.623850889779,No,14,0
1208,30,R&D,15,3,Male,2,2430.858676563218,No,11,0
1209,47,R&D,1,4,Male,3,4915.280938243228,Yes,12,1
1210,27,R&D,19,4,Female,1,8339.76869192923,No,6,0
1211,59,R&D,6,3,Male,2,1778.2991612593523,No,14,1
1212,41,HR,23,3,Male,2,6895.6935087502125,No,18,0
1213,53,Sales,19,1,Male,1,5197.2927265758835,No,5,0
1214,54,Sales,10,2,Female,3,1978.6716503105927,Yes,7,1
1215,54,R&D,2,4,Female,4,6146.832380799497,No,12,0
1216,44,Sales,21,2,Female,3,7006.908796023154,No,19,0
1217,53,R&D,9,2,Male,1,4878.018337183185,No,17,0
1218,25,Sales,9,3,Female,2,5614.330269313858,No,0,1
1219,56,Sales,20,1,Female,1,8644.785022590404,No,17,1
1220,20,R&D,8,2,Female,1,3789.1645039676887,Yes,0,1
1221,31,Sales,27,3,Male,1,8656.030683040033,No,5,0
1222,54,R&D,19,4,Male,2,8283.57661727208,No,17,0
1223,25,R&D,26,4,Male,2,2349.4134401375713,No,11,0
1224,36,R&D,18,4,Male,1,5247.08197884282,No,4,0
1225,28,R&D,11,4,Female,4,5133.86465690586,Yes,9,0
1226,21,R&D,12,3,Female,1,7586.820850297057,Yes,0,1
1227,37,Sales,2,2,Male,3,7338.157933128541,No,15,0
1228,55,Sales,2,2,Female,1,8020.318839511932,Yes,4,1
1229,47,Sales,7,2,Female,1,1761.353324532939,No,9,0
1230,56,Sales,20,2,Male,3,7754.311427375627,No,3,0
1231,45,R&D,7,2,Female,2,6135.833003333816,No,18,0
1232,23,Sales,6,4,Female,2,1322.6541487142545,No,14,0
1233,59,HR,5,3,Male,2,7626.165180086885,No,5,0
1234,55,HR,3,2,Female,2,2785.815648256528,No,3,1
1235,50,R&D,24,3,Female,1,6545.917723198165,No,12,0
1236,49,R&D,9,3,Female,1,3827.8362300246677,No,19,0
1237,53,HR,9,2,Male,4,4588.320738671003,Yes,8,0
1238,38,R&D,17,4,Female,2,5887.207993038297,Yes,14,1
1239,37,R&D,8,2,Male,2,4580.60321603621,Yes,5,1
1240,49,Sales,9,3,Female,2,2095.6545155084327,No,8,0
1241,40,Sales,25,4,Male,1,5611.605699891168,No,18,1
1242,22,Sales,24,4,Female,2,2694.9600406759796,No,2,0
1243,25,R&D,21,2,Male,3,6088.711119800674,No,10,0
1244,57,HR,27,3,Female,2,2495.4603648218003,No,14,0
1245,32,HR,23,2,Male,2,5278.667084722584,No,10,1
1246,22,Sales,10,1,Female,2,5728.415799040392,Yes,15,1
1247,47,Sales,7,2,Female,3,9027.434692736468,No,9,0
1248,41,R&D,25,4,Male,2,1124.8051811614441,No,1,0
1249,59,R&D,15,2,Male,3,5632.320400792954,No,0,0
1250,59,Sales,20,1,Male,3,2479.3275605498998,No,12,0
1251,31,R&D,8,1,Female,1,5957.225821120675,Yes,3,1
1252,42,R&D,25,2,Male,4,4775.504470529542,No,1,0
1253,50,Sales,21,2,Female,3,6538.361808144081,Yes,8,0
1254,37,Sales,19,1,Female,2,7832.371372651733,No,8,0
1255,26,Sales,4,3,Female,1,4325.072003746244,Yes,6,0
1256,27,Sales,1,1,Male,4,4973.2597189788185,No,17,0
1257,38,Sales,21,2,Female,2,6808.284568657101,Yes,19,1
1258,48,Sales,25,1,Female,4,3941.7177148339533,No,12,0
1259,39,R&D,1,4,Female,2,5806.328600157516,No,9,0
1260,49,Sales,28,4,Male,2,6677.717881563236,No,1,0
1261,41,Sales,13,1,Female,3,2847.624301164075,No,12,1
1262,29,Sales,27,2,Male,2,1950.0549115711983,No,11,0
1263,45,Sales,5,1,Male,1,5351.425826902471,Yes,3,0
1264,52,Sales,19,3,Female,2,6753.452518468983,No,14,0
1265,47,Sales,23,1,Male,1,1990.0662674172077,No,2,1
1266,29,R&D,3,1,Male,3,5982.187618641406,No,19,0
1267,48,HR,19,1,Female,3,4269.214586868423,Yes,6,1
1268,37,R&D,19,1,Male,1,4656.792913824676,Yes,10,0
1269,20,HR,29,3,Male,2,7063.318111642616,No,3,0
1270,42,Sales,15,4,Female,1,5281.009067064186,No,2,1
1271,36,Sales,8,2,Female,1,3289.8304742282435,No,1,0
1272,56,R&D,12,2,Male,2,4975.490049343318,No,0,1
1273,50,Sales,11,4,Male,3,4532.75553594763,No,12,0
1274,44,R&D,26,2,Female,2,4437.700642615147,Yes,4,1
1275,23,R&D,27,4,Female,1,7358.67054783238,No,1,0
1276,28,R&D,7,2,Female,3,3690.62423896196,No,10,0
1277,47,HR,10,4,Female,2,3413.775234222395,No,3,0
1278,49,R&D,23,2,Male,3,5500.907093799814,No,4,1
1279,43,R&D,1,2,Female,4,6277.825172035677,No,19,1
1280,52,R&D,3,2,Male,2,4732.325116317091,No,8,0
1281,39,Sales,18,4,Male,1,2536.896740478665,No,8,1
1282,28,Sales,11,3,Male,1,5217.492858003245,No,15,0
1283,27,R&D,21,1,Male,2,9848.509732241859,Yes,17,1
1284,43,Sales,7,1,Female,4,6132.626588639866,No,9,0
1285,33,Sales,4,2,Male,1,1675.5601124168325,Yes,7,1
1286,37,HR,9,4,Male,2,3096.7089973321727,No,9,0
1287,20,R&D,28,4,Male,2,5187.00138458639,Yes,13,1
1288,31,R&D,28,2,Male,4,6083.654085452983,Yes,9,0
1289,48,R&D,13,1,Female,1,3608.652886577512,Yes,5,1
1290,56,R&D,8,1,Male,4,9328.345858749424,No,3,0
1291,45,R&D,22,1,Male,2,6075.705066073746,No,16,0
1292,52,R&D,26,3,Male,3,5665.287732287701,No,2,0
1293,34,HR,1,2,Male,3,7513.893692555201,Yes,7,1
1294,42,Sales,12,2,Male,1,5491.237862319953,No,15,0
1295,48,R&D,3,2,Female,4,1069.0779956468182,No,15,0
1296,40,R&D,2,3,Female,4,4211.554572010511,Yes,12,1
1297,38,R&D,17,1,Male,3,3721.426643494894,No,10,1
1298,24,HR,12,4,Female,3,4325.387125207997,No,1,0
1299,42,Sales,6,4,Male,1,5228.05725795111,No,0,0
1300,55,HR,15,4,Female,3,6385.01410738661,Yes,17,0
1301,39,HR,12,2,Male,3,3452.4733071423234,No,8,0
1302,27,R&D,26,1,Male,1,3469.5484815732843,No,9,0
1303,28,R&D,24,2,Male,1,4844.720516693602,No,11,1
1304,33,R&D,11,1,Male,3,6151.340624488507,No,4,0
1305,25,R&D,20,3,Male,2,,No,0,0
1306,20,Sales,5,2,Male,1,6200.586772156328,No,16,0
1307,28,Sales,21,2,Male,1,7219.1165265565005,No,0,0
1308,35,R&D,8,1,Male,1,4278.029489008673,Yes,9,1
1309,35,R&D,2,2,Male,2,7240.25726051468,Yes,10,0
1310,31,Sales,24,4,Female,2,5669.088493083789,Yes,0,1
1311,24,R&D,24,3,Female,2,5315.7925760018425,No,14,0
1312,59,R&D,25,1,Female,3,8602.888937489006,No,0,0
1313,48,R&D,26,4,Female,3,4362.510293118038,No,5,0
1314,46,Sales,6,2,Male,2,3467.4687316235863,No,10,0
1315,30,R&D,23,1,Female,4,7930.301773536354,No,5,0
1316,47,R&D,18,4,Male,1,4910.281531927354,No,8,1
1317,55,Sales,17,1,Female,2,,Yes,8,0
1318,38,R&D,17,4,Female,3,5796.9550640101825,No,9,0
1319,54,R&D,1,4,Male,1,1495.1621507268496,Yes,14,1
1320,50,Sales,19,4,Female,1,5562.045923715103,No,0,0
1321,38,Sales,4,2,Female,2,6249.218423521308,Yes,16,0
1322,43,Sales,2,1,Male,3,4854.907454819106,No,16,0
1323,21,HR,7,1,Female,3,6246.702094668142,Yes,19,0
1324,26,R&D,21,1,Female,2,7384.350773896929,No,15,0
1325,50,HR,1,4,Female,3,7943.064442853551,Yes,11,0
1326,36,R&D,9,3,Female,1,6583.942088920251,No,16,0
1327,46,R&D,25,3,Male,1,3310.4857977409656,No,11,0
1328,55,Sales,7,3,Female,2,5248.288877092976,No,3,0
1329,29,Sales,12,2,Female,1,3572.1925785775998,Yes,2,1
1330,33,Sales,5,4,Female,4,4079.154417575187,No,3,0
1331,26,R&D,22,1,Female,1,4048.6366891257912,No,12,0
1332,58,Sales,6,2,Female,3,4893.20208331081,No,2,0
1333,59,HR,8,2,Female,1,5443.759146017528,Yes,13,1
1334,28,HR,24,3,Female,3,9167.78662873568,No,15,0
1335,33,Sales,26,3,Female,2,5495.0300308192955,Yes,17,1
1336,27,Sales,20,1,Female,3,8565.492089956759,No,12,0
1337,36,Sales,11,2,Male,4,4973.021924139288,No,13,1
1338,42,Sales,6,2,Male,2,6535.942999908646,Yes,3,0
1339,35,Sales,6,4,Female,1,4289.016592810895,No,15,0
1340,45,R&D,5,4,Female,4,5072.424058177131,No,1,0
1341,28,R&D,29,1,Female,2,3566.7131722210524,No,9,0
1342,55,Sales,11,3,Male,1,6385.484996652924,No,7,0
1343,26,R&D,26,3,Female,2,3441.732021746974,No,1,0
1344,37,HR,13,3,Male,3,4405.15747729159,Yes,0,0
1345,27,R&D,17,3,Female,4,5440.6721692816645,No,15,0
1346,40,R&D,26,1,Female,4,5869.9683385291255,No,3,0
1347,45,R&D,6,1,Female,1,6049.807067882842,No,5,0
1348,22,HR,14,1,Male,3,4052.419075707271,Yes,14,0
1349,36,R&D,12,4,Male,2,2281.3597505492858,Yes,17,1
1350,43,Sales,23,1,Male,2,480.0486506555626,No,15,1
1351,44,Sales,11,1,Female,2,3213.0378119842617,No,14,0
1352,24,R&D,8,4,Female,3,3686.5693935050704,Yes,17,0
1353,56,R&D,1,4,Female,3,3614.019282531705,No,11,0
1354,43,R&D,25,3,Female,2,3316.692558295403,Yes,2,1
1355,50,R&D,17,3,Female,1,5921.240735214733,No,11,0
1356,45,R&D,28,4,Male,3,4450.195681440994,No,18,0
1357,40,R&D,24,2,Male,1,4725.693827499466,No,12,0
1358,53,Sales,25,3,Male,1,3427.4312553744285,No,12,0
1359,57,HR,29,4,Male,2,8263.558738182886,Yes,10,0
1360,43,R&D,25,2,Female,2,4447.948517602357,No,11,0
1361,47,R&D,26,3,Female,1,297.69436479336855,No,14,0
1362,49,R&D,21,3,Male,2,3445.5328800726224,Yes,15,0
1363,53,R&D,15,1,Female,3,2343.243238636313,Yes,0,0
1364,42,R&D,1,4,Female,1,2197.6056013322454,No,11,0
1365,27,HR,15,3,Female,3,5925.385752732345,No,11,0
1366,29,Sales,4,2,Male,1,9763.372811992009,Yes,15,0
1367,20,R&D,23,1,Male,1,2582.028354575492,Yes,7,1
1368,39,R&D,16,1,Male,4,4162.265109749846,No,18,0
1369,56,HR,9,3,Female,2,3429.357162492647,No,16,0
1370,37,Sales,4,4,Female,1,670.8971550124616,Yes,12,1
1371,40,HR,5,1,Male,2,7289.162380204787,Yes,15,0
1372,23,R&D,21,2,Male,2,3098.9964074747168,Yes,16,0
1373,21,Sales,15,2,Female,1,6528.24642984909,Yes,18,0
1374,40,R&D,29,2,Male,1,7638.979540878656,No,0,0
1375,56,R&D,5,2,Female,2,4759.350650708039,No,3,1
1376,24,R&D,28,4,Male,2,2891.380907738735,Yes,10,0
1377,36,HR,18,1,Male,3,-517.8550484750558,No,17,1
1378,30,R&D,28,2,Female,2,6319.510835562909,No,3,0
1379,50,Sales,20,2,Male,1,9286.811022694299,No,14,1
1380,47,R&D,25,4,Female,1,4098.246122324765,No,7,0
1381,51,R&D,25,2,Male,2,5930.214930364209,No,12,0
1382,40,Sales,4,3,Male,1,4224.511967770113,No,5,0
1383,26,Sales,19,4,Female,4,3786.528863915153,Yes,19,1
1384,29,R&D,2,3,Male,1,8073.117776452915,No,6,1
1385,47,Sales,13,4,Female,1,5342.3137936163275,Yes,3,0
1386,55,R&D,21,1,Female,2,5027.126437155538,No,2,0
1387,39,R&D,8,4,Female,1,5257.043655752029,Yes,9,0
1388,32,Sales,23,2,Male,2,5247.570204744369,Yes,4,0
1389,38,R&D,13,1,Female,2,1774.6268450460393,No,11,1
1390,30,R&D,25,3,Female,4,4660.187475127561,No,10,0
1391,54,HR,16,3,Male,3,8437.582269406588,Yes,19,1
1392,53,R&D,1,1,Male,2,6590.552132024817,Yes,3,1
1393,23,R&D,2,4,Male,2,3875.6276205058457,No,8,0
1394,32,Sales,14,3,Male,2,5387.900546155519,Yes,6,1
1395,56,R&D,2,2,Male,2,7520.615204863506,No,19,0
1396,21,Sales,4,3,Female,1,5665.246294477743,No,16,0
1397,20,Sales,8,2,Male,1,9991.989124897966,Yes,19,0
1398,59,HR,25,3,Male,2,5669.744998438563,No,3,1
1399,44,HR,5,3,Male,1,5488.170262347306,No,15,1
1400,56,R&D,7,1,Female,1,2837.0509159649046,No,0,0
1401,55,R&D,28,3,Female,1,1657.5788248900099,Yes,15,1
1402,25,Sales,27,4,Male,2,7058.9030091724735,No,6,0
1403,26,R&D,3,1,Female,1,4208.895399559637,Yes,14,1
1404,23,R&D,14,2,Male,3,3470.4360568975944,No,6,0
1405,54,Sales,7,1,Female,1,,No,18,0
1406,53,Sales,16,3,Female,1,3772.141384775892,Yes,9,1
1407,48,Sales,26,2,Male,2,6411.273225182434,No,12,0
1408,24,Sales,17,1,Female,5,5482.144652738559,No,6,0
1409,46,R&D,17,1,Female,2,3749.4709041098617,Yes,16,0
1410,52,R&D,19,1,Female,3,5515.191941545219,No,9,0
1411,29,R&D,10,1,Male,1,2047.0002012224973,No,8,0
1412,25,Sales,26,3,Male,2,5879.2610366668805,No,11,0
1413,53,Sales,1,2,Male,2,3973.1790751617755,No,1,0
1414,27,Sales,16,1,Female,1,4926.186957247428,No,9,0
1415,50,Sales,22,4,Female,1,7468.129100153745,No,18,0
1416,28,Sales,17,1,Female,1,5062.187863681156,No,12,0
1417,40,R&D,11,1,Female,1,3690.7579244437375,No,1,0
1418,27,R&D,5,3,Male,3,6972.858233948252,No,16,0
1419,23,R&D,8,3,Male,5,4908.88519954945,No,14,0
1420,41,R&D,24,4,Female,2,7406.5642189587,No,5,0
1421,47,R&D,18,4,Male,1,3508.275342608927,No,2,0
1422,23,R&D,9,1,Female,1,4404.3087760259305,No,2,0
1423,58,HR,7,1,Male,1,3035.5293948093963,Yes,17,0
1424,40,R&D,14,2,Male,2,2356.3495294538357,Yes,12,0
1425,27,R&D,6,4,Male,2,5326.713638573963,No,12,0
1426,39,R&D,18,2,Male,2,3750.065526641418,No,16,0
1427,51,Sales,6,3,Female,1,3516.575172333309,No,10,0
1428,20,HR,5,1,Male,2,5272.445559492868,No,16,0
1429,25,Sales,3,3,Male,2,2881.101146139839,No,19,0
1430,47,R&D,23,4,Female,2,4838.052121645344,Yes,2,1
1431,50,R&D,29,1,Female,4,3950.9036360966156,No,16,0
1432,29,Sales,27,4,Female,1,8676.531696707725,No,12,0
1433,39,Sales,18,4,Female,3,3327.856949949565,No,0,1
1434,27,Sales,28,2,Male,1,2281.68422781981,Yes,1,1
1435,41,R&D,2,4,Male,1,3893.0136544929064,No,13,0
1436,57,R&D,28,2,Male,1,5309.473139775622,No,3,0
1437,48,R&D,8,3,Female,3,3244.2774496588795,Yes,9,0
1438,28,HR,14,3,Male,3,3890.9537235752455,Yes,12,0
1439,20,Sales,26,4,Male,2,2448.2216705522455,Yes,9,0
1440,58,HR,6,3,Male,1,3305.448803932944,No,1,0
1441,45,R&D,5,2,Female,1,5678.980281052562,No,15,0
1442,30,Sales,27,1,Female,3,6773.567877046121,No,2,0
1443,54,HR,18,1,Male,4,,No,13,0
1444,43,HR,16,3,Male,3,6925.919285092634,Yes,0,1
1445,52,Sales,22,1,Male,1,4840.546199381802,No,0,0
1446,39,R&D,8,1,Male,1,6289.685592151931,No,10,1
1447,46,Sales,9,4,Male,2,5809.343701668054,Yes,16,1
1448,34,R&D,19,3,Female,2,4957.434014289579,No,11,0
1449,52,R&D,21,2,Female,1,123.7348809706391,No,5,0
1450,26,R&D,26,4,Female,3,4668.578910646976,No,3,0
1451,53,R&D,8,3,Female,3,6844.710174112209,No,14,0
1452,24,Sales,3,3,Female,3,3389.0217072560577,Yes,19,1
1453,49,Sales,9,3,Male,1,8635.317379784947,Yes,6,1
1454,47,R&D,19,1,Male,4,6653.158936847283,No,19,1
1455,37,R&D,18,4,Male,1,8037.035384781289,Yes,17,0
1456,55,HR,9,3,Female,1,8526.906539720683,No,16,0
1457,22,Sales,8,4,Female,2,798.6408132840152,No,2,0
1458,40,Sales,2,3,Male,3,6914.62480837817,No,9,0
1459,35,Sales,4,2,Male,2,5495.750535336765,No,17,0
1460,56,Sales,27,2,Female,1,7365.143667145219,Yes,12,0
1461,24,Sales,22,3,Male,3,6957.038679676017,No,10,0
1462,33,R&D,16,4,Female,1,3853.6711445984542,No,18,1
1463,50,R&D,25,2,Female,2,3031.107867147511,No,10,0
1464,43,R&D,18,3,Female,4,3011.627293099552,Yes,4,1
1465,54,R&D,20,2,Male,3,5338.616195782301,No,16,0
1466,55,HR,26,3,Female,1,3136.571446127223,No,18,0
1467,29,R&D,2,4,Female,3,3091.2736774977584,Yes,0,1
1468,46,R&D,11,2,Female,4,3774.786951501066,Yes,3,0
1469,46,R&D,19,1,Female,3,5652.9513665652175,No,2,0
1470,42,Sales,8,2,Female,2,3396.8610095145086,No,10,0
1471,32,R&D,12,2,Male,3,7097.092714276865,No,17,0
1472,35,Sales,6,3,Male,1,3436.8429556164447,Yes,8,0
1473,54,Sales,27,4,Male,1,7734.966918653814,No,15,0
1474,46,Sales,9,2,Male,3,2957.1480066408894,Yes,14,1
1475,58,R&D,6,4,Male,1,4598.171822294896,No,18,0
1476,36,R&D,20,2,Male,1,5205.104211715663,Yes,2,1
1477,20,Sales,3,1,Male,3,3072.78123162078,No,15,0
1478,30,R&D,22,3,Female,2,3530.7347360979843,Yes,19,0
1479,31,R&D,5,1,Female,1,5493.766999655121,Yes,15,1
1480,33,Sales,25,4,Male,2,4067.676801852995,No,11,0
1481,27,R&D,2,3,Male,3,3865.46972160498,No,18,0
1482,50,R&D,1,3,Female,1,4166.455815794084,No,0,1
1483,26,R&D,25,3,Female,4,5365.604441610845,Yes,6,0
1484,50,R&D,14,2,Female,4,3321.1652828931856,No,10,0
1485,35,HR,16,3,Female,1,8326.842295275841,No,15,0
1486,58,R&D,25,1,Female,1,1232.7087997599956,Yes,13,1
1487,38,Sales,5,2,Female,1,5078.141014368029,Yes,4,1
1488,27,R&D,1,3,Male,2,4702.430310096252,Yes,1,1
1489,48,Sales,5,3,Female,1,4287.648861102448,Yes,8,0
1490,21,Sales,29,4,Male,1,2197.256012700625,Yes,12,0
1491,22,Sales,19,2,Male,4,6239.781442758023,No,11,0
1492,48,Sales,24,4,Male,3,1656.8723349243855,No,17,0
1493,34,R&D,21,4,Female,2,6044.024238614466,No,0,1
1494,57,R&D,5,1,Male,3,4794.519418339209,No,0,0
1495,47,R&D,6,1,Female,1,3922.0115213482136,No,12,0
1496,56,HR,15,2,Male,1,2443.2283403892625,No,2,1
1497,51,Sales,23,2,Male,2,3557.35935166712,Yes,15,0
1498,49,R&D,16,2,Male,3,297.3776848164671,No,18,1
1499,49,R&D,20,2,Male,3,6234.345604208545,No,12,0
1500,53,R&D,13,4,Female,2,5276.188824397869,No,12,0
1501,32,R&D,8,2,Female,2,6025.082969284628,No,2,0
1502,52,R&D,1,4,Male,1,2597.7602502711516,Yes,18,0
1503,36,R&D,26,3,Male,3,3807.170020185589,No,13,1
1504,22,R&D,21,1,Female,3,6190.27056648188,No,8,0
1505,28,R&D,21,2,Male,2,5467.81393370755,Yes,4,0
1506,30,R&D,27,3,Female,1,7201.262830722549,Yes,19,1
1507,46,R&D,6,4,Female,1,5849.471632021714,Yes,9,1
1508,47,Sales,11,2,Female,3,5674.485893145471,No,0,0
1509,21,Sales,25,4,Male,2,5277.872940888058,Yes,6,1
1510,20,R&D,12,1,Male,2,7811.887426570392,No,17,0
1511,25,R&D,22,4,Female,2,4043.2931605203403,No,17,0
1512,44,Sales,29,1,Female,3,3710.1627233603294,No,11,0
1513,54,Sales,7,1,Female,3,5026.300067624865,No,11,0
1514,35,HR,2,1,Female,1,4925.0480062093,Yes,6,0
1515,23,R&D,21,3,Male,3,4512.771717357115,Yes,4,0
1516,57,R&D,14,1,Male,2,6758.808833175901,No,8,0
1517,39,Sales,16,2,Female,1,5774.526951854832,Yes,15,0
1518,44,Sales,16,4,Female,1,3991.4900535717434,No,19,0
1519,26,R&D,12,1,Male,2,9315.402859379948,Yes,16,1
1520,40,R&D,22,3,Male,3,3861.4286626318926,No,0,0
1521,26,R&D,4,1,Female,1,6177.972766472493,No,10,0
1522,48,R&D,10,2,Male,2,3296.1800711902524,No,13,0
1523,26,Sales,23,3,Female,2,3918.757985562477,No,7,0
1524,22,Sales,25,4,Female,1,4297.483106927535,No,3,0
1525,48,Sales,24,3,Male,3,8718.41158285713,Yes,17,1
1526,48,Sales,5,2,Male,1,5214.255694937195,Yes,19,0
1527,58,R&D,29,1,Female,1,5376.242992833532,No,11,0
1528,57,R&D,27,1,Male,1,2122.4453009272925,No,11,0
1529,25,R&D,24,1,Female,2,5455.695812121062,Yes,6,0
1530,29,HR,25,1,Male,1,2939.656319369782,No,10,0
1531,56,Sales,18,4,Female,1,3647.607560166277,No,6,1
1532,33,R&D,21,1,Female,3,5887.991154038797,No,19,1
1533,41,Sales,6,1,Male,1,4057.681762037355,No,9,0
1534,51,Sales,22,4,Male,2,8026.879740156807,No,13,0
1535,37,R&D,15,1,Female,1,7584.142173507185,No,4,1
1536,55,Sales,20,3,Female,2,5370.101308985564,Yes,6,1
1537,28,R&D,9,1,Male,2,5144.869928044515,No,17,0
1538,45,R&D,4,1,Male,3,4638.071146611969,Yes,17,0
1539,41,R&D,6,1,Female,1,5647.62820740869,Yes,3,0
1540,57,HR,4,2,Male,1,5940.088759985956,No,14,0
1541,42,R&D,21,4,Male,3,4491.347577476629,No,2,0
1542,36,R&D,7,4,Male,4,2671.557312593057,No,18,1
1543,45,Sales,2,1,Female,3,5513.4588793957255,No,18,0
1544,57,Sales,26,3,Female,1,5353.74296393245,No,8,0
1545,21,R&D,10,4,Male,3,3651.7556431453163,Yes,16,1
1546,25,R&D,13,4,Female,2,4891.1948383327135,Yes,14,1
1547,26,Sales,24,1,Male,2,3366.4813864433454,Yes,1,1
1548,32,Sales,23,3,Female,2,6205.326057449593,No,14,0
1549,46,HR,6,2,Male,2,5314.334719314119,Yes,16,0
1550,30,Sales,3,2,Male,2,5369.671826466396,No,10,0
1551,34,Sales,26,3,Male,2,6449.247648948284,Yes,14,0
1552,28,Sales,28,3,Male,2,9383.268273186957,No,18,0
1553,27,R&D,15,2,Female,1,5079.05848454312,No,7,1
1554,25,Sales,20,3,Female,3,6177.060031086568,No,18,0
1555,23,Sales,6,4,Female,3,7172.473034790896,Yes,1,1
1556,30,Sales,27,1,Female,4,4813.3096911422135,Yes,9,0
1557,47,R&D,25,4,Male,3,,Yes,1,1
1558,45,Sales,29,2,Male,2,7509.209818652982,No,8,0
1559,23,R&D,29,2,Male,4,5024.8341935689605,No,5,0
1560,34,R&D,4,4,Male,2,10683.534689254848,No,14,0
1561,38,HR,16,3,Female,1,1505.49996717889,Yes,12,1
1562,25,Sales,2,1,Female,1,3454.5785545225394,Yes,3,1
1563,24,Sales,26,1,Male,2,2670.2493028145213,No,19,1
1564,37,R&D,23,2,Female,3,7297.773367477017,No,15,0
1565,25,Sales,11,3,Female,3,5556.8130551660615,No,11,0
1566,50,Sales,8,1,Female,1,3502.344143487201,No,19,1
1567,44,Sales,9,1,Female,4,6597.52323391365,Yes,11,0
1568,23,Sales,18,3,Male,2,4416.799714203604,No,4,0
1569,25,R&D,26,3,Male,3,10260.113648071094,No,18,1
1570,56,Sales,8,4,Male,3,3991.8105937669325,No,8,0
1571,44,Sales,20,2,Male,4,7178.174611788507,No,4,0
1572,53,R&D,8,1,Female,1,2985.9359317439244,No,3,0
1573,38,Sales,10,4,Male,1,6077.997208544206,No,15,0
1574,53,Sales,21,2,Male,3,4100.195786972637,No,17,0
1575,34,Sales,2,2,Male,3,2398.740065240401,No,2,0
1576,27,R&D,18,3,Male,1,899.9522429817944,Yes,7,1
1577,53,R&D,25,4,Female,2,4429.525931430415,No,0,0
1578,37,R&D,29,1,Female,3,6963.741271643877,No,0,0
1579,49,Sales,11,3,Female,1,5078.411753682525,No,8,0
1580,32,R&D,13,4,Female,1,2167.682520477001,Yes,7,1
1581,52,R&D,16,3,Female,1,7821.243087889953,Yes,15,0
1582,54,Sales,3,2,Male,2,5849.509740480606,No,13,0
1583,43,R&D,1,1,Female,3,6564.45500918698,No,5,0
1584,45,R&D,25,4,Female,1,5894.22637942601,No,17,0
1585,20,R&D,22,4,Female,5,10073.828396048413,Yes,16,0
1586,32,Sales,6,3,Female,2,5361.047985429882,No,4,0
1587,29,Sales,20,4,Male,3,3398.7692200376496,Yes,12,0
1588,38,Sales,1,2,Male,1,7159.639240439305,Yes,11,1
1589,24,Sales,18,1,Female,2,634.2652848915659,No,10,1
1590,27,R&D,24,3,Male,4,5576.6203039236725,No,13,0
1591,23,Sales,15,1,Male,2,4242.527105553773,No,11,0
1592,32,R&D,21,2,Female,1,7565.962421658314,No,0,0
1593,57,Sales,27,4,Female,1,5092.704542277142,No,11,0
1594,38,Sales,5,4,Male,1,3489.5147168870735,Yes,7,1
1595,27,Sales,5,2,Male,4,5278.323945831268,No,5,0
1596,46,R&D,13,3,Male,3,2383.657764293626,No,17,0
1597,49,HR,13,2,Female,2,8694.828039646782,No,19,0
1598,23,Sales,5,2,Female,1,4540.200113936871,Yes,1,1
1599,30,R&D,16,2,Male,3,6377.892365034706,Yes,4,0
1600,40,Sales,6,1,Female,1,3741.5662979321487,No,1,0
1601,21,R&D,23,3,Male,1,5879.23622456884,No,1,0
1602,40,Sales,25,3,Female,3,4832.706224129883,No,6,0
1603,36,R&D,14,2,Female,1,8853.109270627916,No,6,0
1604,48,Sales,21,2,Male,1,2056.5169175605133,No,14,0
1605,46,HR,21,1,Male,4,4173.397386709214,Yes,1,0
1606,43,R&D,27,3,Male,1,3982.066330073294,Yes,3,1
1607,22,R&D,29,1,Male,3,2537.8999545173515,No,3,0
1608,58,R&D,8,3,Male,2,4742.868807586947,Yes,5,0
1609,29,R&D,15,3,Male,1,6707.273954170176,No,13,0
1610,22,R&D,24,1,Male,3,3544.4966322279042,Yes,19,1
1611,45,R&D,21,1,Female,1,4974.741776694749,No,15,0
1612,56,R&D,6,4,Female,2,5908.823198612471,No,5,0
1613,46,R&D,8,2,Female,1,6099.620810185083,No,17,1
1614,24,Sales,5,4,Male,2,3964.0472431612984,No,6,0
1615,30,Sales,16,4,Male,4,175.27659926803335,No,19,0
1616,32,R&D,10,4,Male,1,4106.017405443005,Yes,17,0
1617,53,Sales,6,3,Female,1,9138.950783341628,No,4,0
1618,57,Sales,26,2,Female,1,3121.151362768116,No,11,0
1619,59,R&D,2,3,Male,1,2895.751665923694,Yes,17,0
1620,52,R&D,21,2,Male,2,5407.392611760518,Yes,13,0
1621,53,R&D,1,2,Male,3,5014.262384190049,No,9,0
1622,46,HR,2,3,Male,3,,No,6,0
1623,55,Sales,20,2,Female,1,4968.8359915906185,No,12,0
1624,45,R&D,10,1,Female,2,4670.510294174493,No,6,0
1625,44,Sales,3,4,Male,2,5744.968773976451,No,12,0
1626,38,Sales,17,1,Female,2,5883.559430998905,Yes,16,1
1627,40,Sales,24,2,Female,3,2834.079426314104,Yes,10,0
1628,50,R&D,27,3,Male,4,6391.413173286747,No,17,0
1629,48,Sales,19,3,Female,3,4559.822943146781,Yes,8,1
1630,28,R&D,26,3,Male,1,3723.1465874684177,Yes,13,0
1631,38,R&D,27,2,Female,4,7090.091235730281,No,8,0
1632,45,Sales,11,1,Female,3,4944.931519260237,Yes,15,0
1633,44,R&D,17,2,Male,1,4280.068980694258,Yes,12,1
1634,59,R&D,18,4,Male,1,4474.128050504523,No,15,0
1635,48,HR,9,4,Female,3,6057.528835117209,No,18,0
1636,44,R&D,29,4,Female,4,5365.835459910225,Yes,5,0
1637,38,R&D,18,4,Female,1,6353.663248146017,No,9,0
1638,23,R&D,27,1,Female,2,1347.308814768951,No,1,0
1639,39,Sales,18,2,Female,1,7260.760442619186,No,1,1
1640,20,R&D,6,2,Male,1,4831.541042156219,Yes,10,1
1641,30,Sales,10,3,Female,3,6109.377725521565,No,2,0
1642,23,HR,7,1,Male,3,7794.721293394839,Yes,14,1
1643,26,Sales,13,2,Male,1,7739.694893549693,No,3,0
1644,47,Sales,7,1,Female,2,2253.8508940377983,No,19,0
1645,55,Sales,16,2,Female,3,7030.2395208842845,No,12,0
1646,26,R&D,25,1,Male,3,5529.438908118755,No,10,0
1647,39,Sales,2,2,Male,1,7063.045163988909,No,18,0
1648,54,R&D,15,1,Female,3,1843.0827527119664,No,4,0
1649,58,R&D,6,3,Male,1,3018.473498647624,Yes,19,0
1650,40,R&D,10,4,Female,2,5513.452204740497,No,10,1
1651,20,R&D,6,1,Male,3,3200.744394190099,No,5,0
1652,56,HR,7,2,Female,2,4226.449186170348,No,4,0
1653,22,HR,12,4,Female,2,7819.545455915729,No,3,0
1654,53,R&D,26,1,Male,2,9459.947825108517,No,4,0
1655,32,R&D,17,2,Female,1,4620.763138866009,No,9,0
1656,35,R&D,20,3,Female,1,6904.933252875758,No,9,0
1657,53,Sales,27,3,Male,1,5340.418801561701,No,15,0
1658,43,R&D,24,2,Female,1,6879.769626284849,Yes,3,0
1659,32,HR,19,1,Male,1,6064.323809557409,No,10,0
1660,25,R&D,26,4,Female,3,2522.4508304539777,Yes,3,1
1661,58,Sales,17,4,Female,3,7578.864083926972,No,6,0
1662,21,Sales,10,2,Female,2,3283.5879921880905,No,14,0
1663,30,R&D,11,1,Female,2,2398.4044508113643,Yes,5,1
1664,26,R&D,10,4,Female,2,7396.374187626731,Yes,8,0
1665,26,HR,10,1,Male,4,4326.6998373656525,No,8,0
1666,58,R&D,8,4,Female,4,6683.8949054482055,No,8,0
1667,58,R&D,27,4,Male,1,6086.7444979975135,No,14,0
1668,31,Sales,24,3,Male,1,3074.024799226727,No,8,0
1669,41,R&D,23,2,Male,1,1798.089445681137,No,8,0
1670,22,Sales,11,1,Male,1,8514.674604566304,Yes,16,0
1671,32,R&D,12,4,Male,2,6387.190617994029,No,3,0
1672,49,Sales,8,1,Female,1,7930.960741157698,No,3,1
1673,29,R&D,28,1,Female,4,4640.523186928608,No,6,0
1674,28,R&D,1,2,Male,3,7487.515917881374,No,5,0
1675,25,Sales,23,4,Male,3,8425.13917498088,Yes,0,1
1676,21,R&D,1,2,Female,2,4501.991006516116,No,16,0
1677,35,R&D,3,1,Female,3,4462.719278282611,Yes,15,1
1678,32,HR,23,1,Female,4,,Yes,0,1
1679,32,Sales,16,1,Male,3,4924.876329493435,No,16,0
1680,41,R&D,9,3,Female,1,-320.04383542993673,No,7,0
1681,38,HR,16,3,Male,3,3098.1743326164674,Yes,4,1
1682,45,Sales,25,1,Male,1,5561.278727284489,Yes,17,0
1683,33,Sales,23,1,Female,1,5587.361382412721,No,13,0
1684,50,R&D,20,4,Female,3,5513.462678622698,No,18,0
1685,48,R&D,15,3,Male,3,4397.1485893386725,No,17,0
1686,41,R&D,3,1,Female,5,933.4257903946323,No,3,1
1687,26,R&D,4,2,Male,2,5246.086408009189,No,4,0
1688,56,Sales,2,2,Female,1,5427.454176365324,No,10,0
1689,46,R&D,11,3,Female,1,3184.9285598541155,Yes,18,0
1690,50,Sales,5,1,Female,2,5705.384546359872,Yes,16,1
1691,25,Sales,1,2,Female,2,5512.716044313051,No,17,0
1692,35,Sales,25,1,Female,2,3918.4471474584525,Yes,17,1
1693,57,R&D,19,4,Female,1,4752.652922214374,No,14,0
1694,57,HR,7,4,Female,1,6674.048859286008,No,11,0
1695,51,Sales,24,3,Male,4,5586.174554064034,No,4,0
1696,52,R&D,13,1,Female,2,3137.2656813588146,Yes,10,1
1697,36,R&D,16,4,Male,2,8134.321474656987,No,7,0
1698,52,HR,27,1,Female,2,7323.101469289912,No,1,0
1699,30,Sales,24,1,Female,1,3366.477404012911,Yes,15,1
1700,32,HR,25,2,Male,1,3563.5805760689846,Yes,11,1
1701,49,Sales,17,2,Male,1,3733.2479418216576,No,17,0
1702,20,R&D,19,3,Female,2,6171.278756867289,Yes,18,1
1703,49,R&D,14,1,Male,2,6356.177135731148,Yes,11,0
1704,46,Sales,2,4,Male,2,6178.062844279238,Yes,9,0
1705,59,Sales,23,4,Male,1,6424.718667987675,No,5,0
1706,42,R&D,4,1,Male,3,2430.208837796681,No,1,1
1707,39,R&D,27,3,Female,2,3878.1393874506475,No,18,0
1708,25,HR,7,4,Female,4,1177.166737974239,Yes,12,1
1709,56,R&D,8,2,Female,1,6675.7830366562575,No,12,0
1710,39,R&D,26,2,Female,3,7031.434798506166,Yes,6,0
1711,56,R&D,21,2,Female,1,7190.6268801693495,Yes,6,1
1712,25,Sales,17,1,Male,1,4199.83169144955,Yes,2,1
1713,48,Sales,25,2,Male,4,5668.714955693757,Yes,5,1
1714,32,R&D,3,3,Female,3,5772.6419677929225,No,10,0
1715,46,R&D,29,2,Female,2,8033.337012750935,No,17,1
1716,39,Sales,11,1,Female,1,1175.0625330205135,Yes,6,0
1717,32,Sales,20,1,Male,1,6484.840738413638,Yes,16,0
1718,58,R&D,3,1,Female,1,4323.52506478017,No,18,0
1719,27,Sales,25,1,Male,2,4298.036404799888,Yes,6,1
1720,36,R&D,1,2,Male,2,6260.7540738941425,No,13,0
1721,49,Sales,7,4,Male,2,5862.165152194525,Yes,8,0
1722,20,Sales,14,2,Male,1,3300.5892350038985,Yes,6,1
1723,43,Sales,7,3,Male,2,6044.275786088523,No,2,0
1724,35,HR,26,1,Female,2,5809.212417755454,Yes,18,1
1725,30,Sales,28,2,Male,1,8300.511561778825,No,0,0
1726,23,Sales,16,2,Female,4,5498.441667629508,No,5,1
1727,23,R&D,6,1,Male,1,6568.3170132520245,No,1,0
1728,36,Sales,14,2,Female,1,2035.1599449173723,No,6,0
1729,29,R&D,10,2,Male,3,4090.9086518403096,No,13,0
1730,40,R&D,24,1,Male,1,3055.452329013657,No,13,0
1731,57,R&D,20,3,Male,2,4898.1304391058675,No,5,0
1732,37,HR,23,4,Male,1,8414.90698127269,No,1,0
1733,29,R&D,25,3,Male,2,1549.1632432102433,No,3,1
1734,35,Sales,14,3,Male,1,4381.9966015432765,Yes,9,1
1735,58,R&D,22,3,Male,1,4909.241582039957,Yes,5,1
1736,34,R&D,14,4,Female,1,3988.3622353345936,Yes,4,0
1737,53,R&D,3,3,Female,4,,No,12,0
1738,24,Sales,25,2,Female,1,7241.54294746753,No,16,0
1739,36,R&D,10,4,Male,3,7024.854208019335,Yes,4,0
1740,56,R&D,2,2,Female,2,4392.51941995451,No,19,0
1741,27,R&D,27,2,Male,3,4789.182359049536,Yes,6,1
1742,43,R&D,14,3,Female,2,6047.536719868142,No,1,0
1743,47,R&D,21,2,Male,1,5285.9486633518545,No,11,0
1744,27,R&D,1,3,Male,1,3362.504004565635,No,18,0
1745,42,R&D,26,2,Male,1,6491.66133449153,No,19,0
1746,54,HR,29,2,Female,1,779.265936069668,No,15,0
1747,50,R&D,15,1,Male,1,7145.647069168035,No,0,0
1748,36,R&D,5,2,Male,3,8462.569425554722,Yes,13,0
1749,47,R&D,8,3,Male,3,5718.609650962236,No,6,0
1750,31,Sales,17,1,Female,1,6753.165890278975,Yes,10,1
1751,43,R&D,10,1,Female,1,4943.521433289431,No,19,0
1752,34,Sales,13,4,Female,3,2925.195110532393,No,14,0
1753,59,Sales,18,4,Male,1,7699.061259536007,Yes,16,1
1754,50,Sales,5,2,Male,2,3240.3785396902085,No,2,0
1755,46,Sales,17,3,Male,1,9429.638948698626,No,17,0
1756,54,R&D,17,1,Male,5,4292.9272410128115,Yes,14,0
1757,37,R&D,26,2,Male,2,5126.967367666281,Yes,19,1
1758,55,Sales,17,4,Female,4,5012.893743643375,No,8,0
1759,27,Sales,4,2,Male,1,5820.495287526206,Yes,19,0
1760,57,Sales,9,1,Male,5,3844.648485460828,No,0,0
1761,24,R&D,23,4,Female,1,4343.529394662151,Yes,16,1
1762,33,Sales,3,3,Female,1,7424.726558009463,No,9,0
1763,57,Sales,1,2,Male,3,2137.1714752419734,Yes,4,1
1764,39,HR,26,2,Male,3,3635.2196908113165,Yes,14,0
1765,28,R&D,7,2,Male,1,3227.074550418005,No,13,0
1766,52,Sales,22,3,Female,1,4786.862135082759,Yes,16,0
1767,37,R&D,29,3,Female,2,5134.660263378474,No,13,0
1768,25,HR,23,2,Female,4,4585.010179546929,Yes,0,1
1769,56,R&D,28,2,Female,2,5582.431702663844,No,6,0
1770,21,Sales,26,3,Male,3,6906.959120218012,No,5,0
1771,49,Sales,18,2,Female,3,6595.727877324556,No,9,0
1772,25,Sales,5,2,Female,1,4659.718670198695,No,15,0
1773,36,R&D,5,3,Male,2,5457.356742386286,No,15,0
1774,58,Sales,3,1,Female,5,3259.794820418696,No,12,0
1775,42,R&D,26,1,Female,1,7644.438640340617,No,12,0
1776,50,Sales,12,2,Male,2,5363.011034760496,Yes,12,1
1777,39,R&D,11,3,Male,3,121.18151287155251,No,14,0
1778,24,R&D,3,2,Male,5,4305.175384250097,No,13,0
1779,40,Sales,12,4,Female,1,3186.029243233786,No,18,1
1780,30,R&D,13,2,Female,2,6976.301400921957,No,4,0
1781,23,HR,21,2,Female,3,3811.2024475648814,No,5,0
1782,42,Sales,10,1,Male,2,3644.613436980507,Yes,8,0
1783,57,R&D,27,4,Female,3,3989.063726965937,No,6,0
1784,49,R&D,4,4,Male,1,1487.9580707348928,No,2,1
1785,37,Sales,20,1,Male,2,2073.349110673598,No,1,1
1786,50,Sales,7,2,Female,2,6064.631401541725,No,2,1
1787,49,Sales,28,3,Female,3,3399.9444249822895,No,15,0
1788,53,R&D,11,1,Female,3,7336.661566275362,No,2,1
1789,50,HR,17,3,Male,2,2910.4646808359257,No,0,1
1790,57,R&D,9,3,Female,2,5127.1415324018835,Yes,3,1
1791,44,R&D,26,4,Female,1,4328.635203707401,No,10,0
1792,36,R&D,6,4,Male,2,2704.704589321063,Yes,3,1
1793,55,R&D,16,3,Male,1,5285.960543718991,Yes,4,1
1794,59,Sales,27,2,Male,2,3703.4548994707793,No,6,0
1795,49,R&D,6,4,Female,2,5014.451665094874,No,14,0
1796,21,R&D,19,1,Male,4,5871.844374370782,No,14,1
1797,43,HR,1,3,Female,1,3224.2952067034485,No,17,0
1798,28,Sales,5,2,Male,1,9930.792993974701,No,19,0
1799,20,Sales,1,2,Male,3,3826.8845583811244,No,12,0
1800,43,Sales,6,2,Male,2,6574.967261469032,Yes,13,1
1801,57,HR,19,3,Female,3,4845.562716708919,No,2,1
1802,46,R&D,14,3,Male,2,5181.333127586517,No,0,0
1803,45,Sales,20,4,Female,2,5348.265041015897,Yes,0,0
1804,45,R&D,3,2,Female,3,3570.1111254512803,No,6,0
1805,26,R&D,16,4,Female,1,4913.09557489789,No,10,0
1806,44,Sales,26,1,Male,3,5047.953484902366,No,16,0
1807,35,Sales,9,2,Female,1,5334.847391258252,No,11,0
1808,57,HR,10,4,Male,3,4235.941264251904,Yes,0,1
1809,37,Sales,1,3,Male,2,4934.771667763334,Yes,1,1
1810,36,HR,7,4,Female,1,2436.701769795796,Yes,13,0
1811,25,Sales,1,4,Male,4,4420.54876842769,No,6,0
1812,39,R&D,10,4,Female,3,3810.6100397058876,No,5,0
1813,42,Sales,18,1,Female,1,5086.113748302134,Yes,16,1
1814,31,Sales,4,1,Male,1,5749.901355613307,Yes,2,1
1815,31,R&D,6,1,Male,1,5024.236498662605,No,5,0
1816,53,Sales,18,2,Male,1,8526.965704592872,No,6,0
1817,27,R&D,29,1,Male,1,2297.9052494828047,No,13,0
1818,46,R&D,19,1,Male,4,7376.300431271982,Yes,2,1
1819,27,Sales,14,3,Female,3,5983.034012453616,No,19,0
1820,52,HR,12,2,Female,3,5001.867995071479,No,10,0
1821,56,R&D,1,1,Male,2,1217.2817059696254,Yes,10,0
1822,38,Sales,22,4,Female,3,5907.308918632758,Yes,1,0
1823,43,R&D,7,4,Female,1,4255.327568156932,No,6,1
1824,41,R&D,13,1,Male,3,5462.52141279476,No,12,0
1825,22,Sales,10,3,Female,4,2172.613206926542,No,16,0
1826,28,Sales,18,3,Female,2,3831.898904746369,No,18,0
1827,30,Sales,13,4,Female,2,4787.114935871094,Yes,11,0
1828,25,R&D,19,1,Female,2,7752.405419441426,No,10,0
1829,58,HR,7,1,Female,1,4149.762726530544,No,12,0
1830,58,Sales,16,1,Female,1,1184.8362909416337,No,15,0
1831,56,R&D,23,1,Female,1,5565.474108033682,No,16,0
1832,21,Sales,29,4,Female,3,7990.507620704757,No,5,0
1833,56,R&D,8,2,Female,2,4404.803605237433,Yes,14,0
1834,25,R&D,1,4,Female,3,3507.771978319329,No,15,0
1835,25,R&D,6,4,Female,2,5644.887798834579,Yes,16,1
1836,58,R&D,5,1,Female,1,2183.4628144552707,Yes,19,1
1837,55,R&D,8,2,Male,2,5292.086819706851,No,12,0
1838,44,R&D,14,4,Male,1,4690.242380009544,No,0,0
1839,35,R&D,12,4,Male,2,4484.49849212149,Yes,7,0
1840,40,R&D,5,2,Female,1,4584.471479540472,No,4,0
1841,29,R&D,7,1,Female,3,3650.531958355372,No,8,1
1842,24,R&D,7,1,Male,1,3967.6551045537276,Yes,5,1
1843,44,Sales,29,3,Female,2,3514.4712046380287,Yes,15,0
1844,50,R&D,9,2,Female,1,5532.210749118911,No,9,0
1845,22,Sales,7,4,Male,3,5139.117701671193,Yes,11,1
1846,39,R&D,17,2,Female,2,4027.9195761492565,Yes,9,0
1847,23,Sales,3,1,Female,2,6048.978063657672,No,6,0
1848,33,Sales,17,1,Female,2,5946.141477932583,Yes,8,1
1849,31,R&D,1,4,Female,1,8524.686239076666,No,1,0
1850,33,R&D,25,4,Female,2,6798.22461696268,Yes,12,0
1851,56,Sales,29,1,Male,1,4963.135401278727,No,18,0
1852,37,Sales,5,1,Female,1,2899.1895676565937,Yes,11,1
1853,46,Sales,1,3,Female,3,5510.333098304896,No,17,0
1854,26,Sales,18,1,Female,1,2625.8150561634775,Yes,8,0
1855,54,Sales,17,3,Female,1,6318.714318993687,No,10,0
1856,41,R&D,9,1,Female,1,4372.714266208914,Yes,13,0
1857,40,R&D,22,4,Female,1,7435.393946911498,No,9,0
1858,37,R&D,19,1,Female,1,2825.0689743507646,No,16,1
1859,57,HR,25,2,Male,1,4896.922115139584,No,0,0
1860,45,Sales,17,1,Female,2,5412.259598742918,No,15,0
1861,41,Sales,22,4,Male,1,3746.945910104272,No,18,0
1862,56,Sales,11,2,Male,3,7784.333600204114,Yes,16,1
1863,24,R&D,1,4,Male,2,10651.541001116373,Yes,0,0
1864,54,R&D,9,2,Male,1,7067.1145540373755,No,9,0
1865,31,Sales,28,1,Male,1,3382.704321362248,No,8,0
1866,54,Sales,6,4,Female,1,2819.7449989409342,No,7,1
1867,53,Sales,7,4,Female,1,4378.6648250688495,No,3,0
1868,39,R&D,27,3,Male,2,4673.474299141311,No,0,0
1869,31,Sales,11,2,Female,1,4079.3173737977604,No,16,0
1870,53,R&D,28,1,Male,3,2331.717680818798,No,0,0
1871,45,HR,27,4,Male,1,6030.904423078469,No,0,0
1872,53,Sales,14,3,Male,1,4020.10935085918,No,14,0
1873,51,Sales,26,4,Female,1,5606.567517739402,No,18,0
1874,26,R&D,21,4,Female,2,9905.992791586847,No,7,0
1875,45,R&D,21,2,Male,3,1252.731321522263,No,2,0
1876,44,R&D,14,2,Male,4,4863.782619372177,No,2,0
1877,58,R&D,3,2,Female,1,5114.454028814334,No,16,0
1878,36,HR,5,2,Male,1,5008.842559266969,No,10,1
1879,43,Sales,17,3,Male,2,4869.281931817562,No,18,0
1880,46,R&D,15,3,Male,1,5467.672119570716,No,9,1
1881,23,Sales,25,1,Male,5,2721.6002800510764,Yes,11,0
1882,46,R&D,2,2,Female,1,4979.200261770945,No,12,1
1883,49,R&D,8,2,Male,1,3958.121206652605,Yes,19,1
1884,22,Sales,12,2,Female,3,2821.5575802018025,No,13,0
1885,25,HR,14,2,Male,1,4307.593327455561,Yes,0,0
1886,27,R&D,5,2,Female,2,1309.1855629826896,No,18,1
1887,35,Sales,2,2,Male,3,-197.84451159184846,No,17,1
1888,34,R&D,13,3,Female,2,5396.443323011188,No,16,1
1889,55,Sales,17,2,Male,2,4031.6394922399113,No,6,0
1890,59,HR,26,4,Male,2,5414.05754583929,No,18,0
1891,27,Sales,6,4,Male,1,6509.974154200035,Yes,5,1
1892,58,HR,2,3,Female,1,7718.840518865059,No,14,0
1893,49,Sales,28,4,Male,2,6392.144089439751,No,11,0
1894,31,R&D,9,1,Female,1,6364.402777098046,Yes,12,1
1895,23,Sales,2,3,Male,5,4977.571683567302,No,6,0
1896,33,Sales,23,1,Female,3,7689.5207939271895,No,3,0
1897,44,R&D,1,4,Female,4,3337.015201483522,No,13,0
1898,24,R&D,1,1,Female,1,4184.056365283666,Yes,5,0
1899,42,Sales,3,4,Male,2,2338.3922272957666,Yes,1,1
1900,49,Sales,11,3,Female,1,5705.197242216469,Yes,11,0
1901,58,Sales,28,3,Male,3,3924.2305006192437,No,11,0
1902,31,R&D,17,2,Female,1,5786.8888610022395,No,4,0
1903,34,R&D,24,4,Male,2,5573.036540974981,No,8,0
1904,38,R&D,3,2,Female,1,9085.072468034099,Yes,13,1
1905,45,R&D,8,1,Female,2,3161.077631773155,No,0,0
1906,23,Sales,6,4,Female,1,5229.340058429976,No,2,0
1907,57,Sales,14,4,Female,1,4725.152592583995,Yes,2,1
1908,27,R&D,21,1,Male,2,7731.053849518832,No,12,0
1909,49,R&D,1,4,Female,2,4476.723305246053,No,16,0
1910,34,R&D,8,3,Male,3,2427.5181783544713,No,7,0
1911,31,R&D,26,1,Female,1,1690.6850205167034,No,2,0
1912,29,R&D,25,2,Male,2,5074.465479742015,No,3,0
1913,31,Sales,2,3,Male,1,7540.602601556418,Yes,6,1
1914,36,Sales,4,4,Male,1,4713.446776743761,No,8,0
1915,59,Sales,3,2,Female,3,6590.510429198368,No,18,0
1916,21,R&D,29,3,Female,1,4855.855048877549,No,16,0
1917,38,R&D,3,4,Male,1,3515.151988630012,No,12,0
1918,48,R&D,22,4,Female,1,7451.307887028355,No,1,0
1919,20,R&D,24,4,Male,1,589.2237862236561,No,13,0
1920,41,R&D,18,1,Male,3,3938.724753645988,No,8,0
1921,44,Sales,6,1,Female,2,5336.4287549248975,No,15,0
1922,29,R&D,4,4,Female,3,3062.307715352107,No,17,0
1923,28,R&D,26,4,Male,1,5619.308046477927,Yes,5,0
1924,38,R&D,22,2,Male,2,6880.215737512434,No,5,0
1925,31,R&D,28,4,Female,3,4673.219309753395,Yes,0,1
1926,48,HR,7,1,Female,2,4358.235376805812,Yes,4,0
1927,37,Sales,20,4,Male,3,4193.138427097854,No,11,0
1928,35,R&D,23,4,Male,1,3671.866559887822,No,18,0
1929,23,Sales,24,3,Female,4,4767.425092875941,No,12,0
1930,44,Sales,22,2,Female,1,4167.1910279314025,Yes,6,1
1931,41,Sales,13,4,Female,3,4578.75089089833,No,9,0
1932,48,Sales,23,2,Male,1,10223.600048600334,Yes,5,1
1933,41,HR,29,1,Male,1,3365.8077684493023,Yes,5,1
1934,34,Sales,11,1,Male,2,5459.386908846211,No,11,0
1935,21,Sales,15,3,Female,1,5270.572768279689,No,0,0
1936,32,R&D,13,4,Male,1,9030.618936560091,No,9,0
1937,31,Sales,26,1,Female,2,3032.8104173015254,No,5,0
1938,45,R&D,10,4,Female,5,4920.3202400958,No,4,0
1939,59,R&D,6,2,Female,2,3580.028794646634,No,13,0
1940,31,Sales,8,3,Female,1,5503.807191408346,No,14,1
1941,46,R&D,22,4,Male,5,7020.102108370298,No,19,0
1942,54,R&D,20,2,Male,1,3506.0105182232296,Yes,7,0
1943,21,R&D,11,2,Male,3,4545.720070693028,No,18,0
1944,36,HR,27,2,Male,1,6684.934539636286,No,8,0
1945,21,R&D,27,4,Female,3,4994.30933206158,No,5,0
1946,36,R&D,20,1,Female,2,5114.638534852393,No,8,1
1947,53,HR,15,4,Male,2,3417.69044253689,No,3,0
1948,53,R&D,21,4,Male,2,8023.014935165252,No,14,0
1949,58,Sales,17,4,Male,1,4141.592170493565,No,11,0
1950,28,Sales,2,3,Male,2,4437.01974277115,No,19,0
1951,33,Sales,20,3,Male,3,4402.698985193887,Yes,9,0
1952,39,Sales,15,1,Female,1,6942.725768209415,Yes,13,0
1953,52,Sales,10,1,Female,3,7331.8682905279575,No,9,0
1954,43,R&D,13,1,Female,3,4630.988557535422,Yes,16,0
1955,24,R&D,29,1,Female,2,5013.170369238354,Yes,10,0
1956,51,R&D,4,2,Male,1,6013.096571081505,No,18,0
1957,42,R&D,4,2,Male,1,5391.565581343314,No,14,1
1958,20,Sales,9,1,Male,3,6570.431954942349,No,4,0
1959,57,Sales,27,2,Female,1,7198.501644186258,No,18,0
1960,51,R&D,25,4,Male,1,3723.6824231572855,Yes,1,0
1961,35,Sales,20,2,Male,1,4548.377829359378,Yes,7,1
1962,39,Sales,9,4,Female,1,4896.218254011588,Yes,17,1
1963,35,R&D,14,1,Female,1,4017.928239553743,No,3,0
1964,32,HR,14,2,Male,1,508.01995991228796,No,4,1
1965,30,R&D,26,1,Female,3,3402.978258716672,No,1,0
1966,36,Sales,13,3,Female,1,3381.21256938103,Yes,19,1
1967,26,HR,21,4,Male,2,5480.86267477231,No,3,0
1968,41,R&D,15,3,Male,3,5875.391558136505,No,6,0
1969,50,Sales,17,4,Female,3,5604.32685525295,No,2,0
1970,23,Sales,14,1,Female,1,5553.624050412652,No,15,0
1971,36,R&D,27,2,Male,1,3175.3779033579895,No,7,0
1972,20,R&D,7,4,Female,1,2072.712549828036,No,0,0
1973,21,HR,12,1,Male,1,6602.219986163699,No,2,0
1974,52,Sales,29,4,Female,2,2044.8061791745872,No,6,0
1975,38,Sales,9,3,Male,1,8920.572445834925,No,8,0
1976,38,R&D,7,4,Male,2,5583.996721954392,No,9,0
1977,42,Sales,20,3,Female,2,5229.805765768784,No,11,0
1978,35,Sales,15,1,Male,2,5778.5903756970465,No,13,0
1979,35,Sales,15,1,Male,4,4076.2995186647545,No,9,1
1980,48,R&D,29,1,Male,1,6444.041925624844,No,13,0
1981,27,R&D,9,2,Female,3,,Yes,13,0
1982,47,Sales,12,1,Male,1,3324.109656555694,No,12,0
1983,44,R&D,3,1,Female,1,5888.167933171456,Yes,5,1
1984,44,R&D,25,4,Male,1,10447.146982469685,No,12,0
1985,32,R&D,16,2,Female,2,2768.3497543216417,Yes,14,0
1986,33,R&D,25,4,Male,2,4544.491099972275,No,9,0
1987,38,Sales,25,2,Female,1,7663.425970512579,No,7,0
1988,34,R&D,29,4,Female,1,4015.708358135512,No,5,0
1989,34,R&D,3,3,Male,2,7718.092148003399,Yes,19,1
1990,40,R&D,6,3,Male,4,7169.5453190596545,No,4,0
1991,27,HR,11,1,Female,1,5031.232042039873,No,6,0
1992,47,R&D,7,3,Female,1,4653.143499168965,Yes,3,1
1993,35,R&D,6,3,Female,1,6880.568081073671,No,2,0
1994,43,Sales,25,2,Female,2,3445.071491125713,Yes,6,1
1995,31,Sales,6,4,Female,4,6521.792984730173,Yes,19,1
1996,33,R&D,15,2,Male,1,7803.505224570536,Yes,4,1
1997,49,Sales,25,2,Female,2,7463.306665900864,No,16,0
1998,51,Sales,3,3,Male,4,7002.316242465708,No,17,0
1999,38,Sales,12,2,Male,3,3043.8968558669353,No,6,0
2000,24,Sales,17,4,Male,2,6355.912038377441,Yes,13,1
2001,48,R&D,19,3,Female,2,4861.071857120468,No,11,1
2002,21,R&D,13,2,Female,3,2885.2779336992467,Yes,14,1
2003,43,R&D,27,3,Female,3,4719.758091403877,No,5,0
2004,36,R&D,28,2,Female,2,2133.009552189935,No,13,0
2005,46,R&D,1,3,Female,1,4641.837567597339,No,5,0
2006,22,R&D,3,3,Male,1,4753.914728770682,No,10,0
2007,37,R&D,26,4,Female,4,6076.3907589902665,No,9,0
2008,40,HR,1,4,Female,1,7130.956186166417,No,8,0
2009,58,R&D,25,2,Male,1,2197.359663615138,No,4,0
2010,20,Sales,26,2,Female,2,2344.792539055766,Yes,14,1
2011,26,R&D,17,2,Female,2,907.36822430331,Yes,17,1
2012,42,Sales,5,1,Female,2,6677.06722678366,Yes,14,1
2013,35,HR,5,1,Male,1,3626.137893284842,No,10,0
2014,30,Sales,4,4,Male,1,3875.9736088198806,No,19,0
2015,54,R&D,6,4,Female,2,4911.423378987372,No,16,1
2016,58,R&D,28,2,Female,2,4990.5264748106265,Yes,4,0
2017,41,Sales,19,2,Female,1,6368.371841508015,No,11,0
2018,54,HR,11,1,Female,1,679.4582416988887,Yes,1,0
2019,52,R&D,21,4,Male,2,4605.281370783856,No,11,0
2020,55,HR,17,2,Female,2,2534.934667141715,Yes,16,1
2021,59,Sales,14,2,Male,2,8383.679275056533,No,16,1
2022,47,R&D,16,4,Male,1,6062.575574332808,No,0,0
2023,30,Sales,6,4,Male,1,5703.937679001447,Yes,16,0
2024,24,R&D,10,1,Male,1,9344.18420332966,Yes,5,1
2025,37,R&D,22,3,Male,1,4707.586177113173,No,10,0
2026,23,R&D,29,1,Female,3,6792.390000015177,No,11,0
2027,57,Sales,28,4,Male,3,2077.5975082821597,No,4,1
2028,50,R&D,24,4,Male,2,5402.823974199248,No,3,0
2029,43,R&D,28,2,Male,4,9549.312013616407,No,16,0
2030,49,HR,28,2,Female,3,5996.0216769781655,No,0,0
2031,58,R&D,14,4,Female,3,3496.290000915152,No,0,1
2032,50,HR,24,3,Male,1,3048.807921772544,Yes,17,1
2033,31,HR,2,2,Male,4,1852.2672903935104,Yes,13,1
2034,22,R&D,12,2,Male,3,5887.274960498522,No,19,0
2035,49,R&D,28,1,Male,1,6722.103323492927,No,10,0
2036,27,R&D,3,1,Female,3,5254.212343883221,No,4,0
2037,29,R&D,25,2,Female,1,3377.3066916231246,Yes,1,1
2038,43,Sales,14,2,Male,2,5483.641070073956,No,7,0
2039,20,Sales,8,2,Female,2,3626.5143786640915,Yes,10,0
2040,37,Sales,25,2,Male,1,,No,10,0
2041,41,R&D,2,4,Male,3,4178.261935639702,No,1,0
2042,50,Sales,4,3,Male,1,3234.461916466058,No,18,1
2043,46,R&D,19,1,Female,1,3908.743020959375,Yes,7,1
2044,35,R&D,15,1,Female,2,5773.600283578683,No,9,0
2045,37,Sales,9,2,Male,3,2539.017450898812,No,12,0
2046,30,R&D,24,2,Female,2,6334.058622185545,No,9,0
2047,37,R&D,2,4,Female,2,4457.477739911077,No,14,0
2048,23,HR,11,2,Female,1,5163.640342783103,Yes,19,1
2049,59,R&D,28,1,Female,1,4740.0682878602365,No,7,0
2050,29,R&D,16,2,Male,2,9528.1176765488,No,5,1
2051,49,Sales,16,4,Female,1,4660.989265273298,Yes,8,1
2052,23,HR,10,2,Male,1,6690.450850926073,No,12,0
2053,27,R&D,14,3,Male,2,9906.457988055801,Yes,17,0
2054,36,R&D,7,4,Male,3,5851.504596471113,No,5,1
2055,54,Sales,27,1,Male,4,8695.191716074278,No,14,0
2056,24,R&D,1,3,Male,3,5194.909509154173,No,0,0
2057,46,Sales,29,4,Female,2,6593.413271825901,Yes,5,0
2058,56,Sales,25,2,Male,3,3822.5838467087187,Yes,6,1
2059,26,R&D,21,3,Male,1,,No,12,0
2060,52,R&D,7,3,Male,2,3062.457918857697,No,11,1
2061,37,R&D,15,1,Female,4,4951.689776107038,Yes,17,1
2062,57,Sales,7,3,Male,1,5571.4768100196325,No,18,0
2063,47,HR,2,2,Male,1,2766.1937457757062,No,15,0
2064,34,HR,27,4,Female,2,2243.287340008421,No,4,1
2065,42,Sales,27,2,Male,2,1246.5437593547695,Yes,16,1
2066,51,Sales,15,4,Male,1,9253.418324507933,Yes,7,0
2067,28,R&D,27,2,Male,1,5215.186431924263,Yes,8,0
2068,49,HR,20,2,Female,1,709.4636512618199,No,11,1
2069,48,HR,1,1,Female,4,4981.8178739279465,No,9,0
2070,51,R&D,29,2,Male,2,4681.458318529308,No,10,0
2071,54,Sales,28,1,Male,1,2245.653064739797,No,12,1
2072,37,Sales,15,4,Female,2,7318.623094644247,Yes,4,0
2073,48,R&D,8,4,Female,2,4085.2750841891766,No,11,0
2074,36,R&D,18,1,Male,2,5082.586517088042,Yes,9,1
2075,28,Sales,8,1,Male,3,4431.375346947242,No,12,0
2076,27,Sales,2,2,Female,1,5092.770826180098,No,17,0
2077,32,Sales,6,4,Male,1,7035.0658750166385,Yes,15,0
2078,52,Sales,6,1,Female,4,6211.341310019175,No,3,0
2079,40,R&D,28,4,Female,2,4096.226344516074,Yes,15,1
2080,31,HR,7,3,Female,1,8150.976315753831,No,11,0
2081,49,R&D,14,3,Male,1,8080.386175532075,Yes,0,0
2082,20,Sales,24,4,Female,1,2073.594801945514,No,10,0
2083,40,Sales,13,2,Male,2,2770.9010229715504,Yes,15,0
2084,48,Sales,10,3,Male,5,3777.6715426083447,No,15,0
2085,33,Sales,14,3,Female,2,8050.16844633815,No,1,0
2086,57,R&D,24,3,Female,2,4634.5735984393705,Yes,16,1
2087,59,HR,25,3,Female,1,3856.157335861896,No,4,0
2088,24,Sales,10,1,Female,1,4932.012600986175,No,0,0
2089,32,R&D,5,3,Male,2,4551.7144646568895,No,7,0
2090,57,HR,6,4,Female,3,4688.042688652821,Yes,2,0
2091,24,R&D,25,2,Female,1,2860.7250990892976,No,5,0
2092,56,R&D,12,2,Male,2,3413.6825082649493,No,16,0
2093,36,Sales,23,3,Male,2,4465.677636390398,No,19,0
2094,38,Sales,29,3,Female,2,7763.151521496165,Yes,7,0
2095,57,HR,25,3,Female,3,7578.322594956531,No,14,0
2096,50,Sales,6,4,Female,2,6831.3734278497495,No,2,0
2097,55,R&D,9,3,Female,1,5726.652388833992,No,3,0
2098,20,R&D,9,3,Female,1,-223.7511521397928,No,10,0
2099,29,Sales,21,1,Male,1,8560.734722820034,Yes,12,1
2100,53,R&D,22,2,Female,1,7236.024360620066,No,15,0
2101,32,R&D,3,2,Male,1,4261.361280019189,Yes,10,0
2102,26,R&D,15,1,Female,2,3703.233257441895,Yes,14,1
2103,56,R&D,2,4,Male,1,5372.144053622817,No,16,0
2104,55,Sales,27,4,Female,4,5089.4200953600575,Yes,9,0
2105,58,R&D,14,1,Male,2,3614.653230328611,No,1,0
2106,56,R&D,2,4,Female,2,7987.961051252571,No,17,0
2107,50,HR,8,1,Female,2,3689.893182920855,No,8,0
2108,39,Sales,13,2,Female,1,5499.74241814504,Yes,1,1
2109,58,Sales,10,4,Male,3,2591.496997202313,No,17,1
2110,55,Sales,15,4,Female,4,4489.421415030041,No,8,1
2111,34,R&D,13,2,Female,1,7164.53231929882,Yes,12,1
2112,49,R&D,24,3,Male,2,5085.139290570189,No,18,0
2113,37,Sales,17,4,Female,2,3826.173337855075,Yes,14,0
2114,23,Sales,23,1,Male,1,1103.6477146013053,Yes,2,0
2115,49,R&D,4,2,Female,3,4318.017316324904,No,8,1
2116,47,R&D,3,2,Male,2,4290.692717621796,Yes,10,1
2117,23,R&D,27,3,Female,1,6466.691854215198,No,6,0
2118,53,R&D,29,4,Male,4,7644.437720274096,No,16,1
2119,47,HR,2,3,Female,1,2562.8581225807175,Yes,7,1
2120,56,R&D,18,2,Female,2,6603.381102944658,No,18,0
2121,41,R&D,12,1,Female,2,3062.527503624281,No,0,1
2122,59,R&D,17,4,Male,3,7298.675666054038,Yes,8,1
2123,30,R&D,24,4,Female,1,4126.40891514927,No,17,0
2124,49,Sales,10,3,Female,4,6114.558169943433,No,2,0
2125,49,R&D,24,2,Male,1,8097.658942159997,No,9,0
2126,44,R&D,26,3,Female,1,1592.6596465333614,Yes,3,0
2127,36,HR,17,1,Female,2,5293.717160741765,No,13,0
2128,20,Sales,4,2,Female,1,8154.789292816661,Yes,10,0
2129,56,HR,10,4,Male,2,6558.243278584197,Yes,12,0
2130,54,R&D,23,1,Male,1,9331.88271741792,No,0,1
2131,33,Sales,16,3,Male,1,4007.503867495729,No,19,0
2132,21,Sales,21,1,Female,3,7170.420931271435,No,8,1
2133,22,R&D,25,1,Female,4,6436.880382194951,No,2,0
2134,22,R&D,2,3,Female,1,5101.176581697522,No,19,0
2135,39,HR,28,1,Female,3,2975.360883940074,No,10,0
2136,32,R&D,27,2,Male,1,5447.464725895956,No,13,0
2137,50,Sales,21,4,Male,1,8867.520203699996,No,12,0
2138,59,R&D,22,3,Male,1,7499.761621206522,No,5,0
2139,41,R&D,5,1,Female,1,5976.83215881338,No,4,0
2140,33,R&D,13,1,Male,1,4012.1655126448045,No,9,1
2141,46,R&D,13,3,Female,2,2184.9749630780307,No,8,0
2142,32,R&D,27,1,Male,3,4601.940300879314,No,2,0
2143,20,R&D,3,2,Female,3,3182.0257885562955,No,18,0
2144,21,Sales,27,4,Male,1,4288.180420713991,Yes,9,0
2145,56,R&D,27,3,Female,3,7205.255871999627,No,10,0
2146,30,R&D,23,4,Female,3,7450.482116232675,No,18,0
2147,52,R&D,15,2,Female,2,7174.355116662724,No,5,0
2148,48,HR,20,2,Male,2,6088.308453362446,Yes,10,1
2149,22,R&D,26,4,Male,1,,Yes,15,1
2150,48,R&D,19,2,Female,1,5877.996033703164,No,17,1
2151,21,R&D,3,3,Female,1,1546.5838776642754,No,8,1
2152,33,R&D,4,3,Female,2,7208.092110602225,No,15,0
2153,39,Sales,1,2,Male,2,2801.314165903619,No,17,1
2154,37,HR,28,3,Male,2,7668.27309807969,Yes,16,0
2155,56,Sales,17,2,Female,3,3732.9107156523614,No,0,0
2156,27,R&D,15,2,Female,2,9466.228448690525,No,9,0
2157,26,R&D,23,1,Male,3,4472.284057067466,Yes,0,0
2158,29,R&D,21,4,Male,1,4768.605605916117,No,14,0
2159,35,Sales,4,4,Female,1,6524.80045982017,No,3,0
2160,38,R&D,29,2,Female,4,2316.2677622603264,Yes,14,1
2161,49,Sales,1,3,Male,1,5437.199517581569,No,0,0
2162,38,HR,12,2,Female,1,2989.433856860529,No,0,1
2163,22,R&D,17,2,Male,4,6353.701505908517,Yes,13,1
2164,49,R&D,25,1,Female,4,5999.512747224935,No,10,0
2165,37,R&D,29,4,Female,2,5448.660406360833,Yes,19,0
2166,55,Sales,9,2,Male,1,7472.364657708569,No,1,0
2167,39,R&D,10,2,Male,2,5286.994067295968,No,9,0
2168,36,R&D,3,1,Female,1,610.4670880480526,No,3,0
2169,43,Sales,15,1,Male,1,3493.567391329111,No,16,0
2170,32,R&D,28,4,Male,1,3080.8368836706704,No,8,0
2171,55,Sales,21,3,Male,3,6326.771778143692,Yes,3,1
2172,22,Sales,11,4,Female,1,4595.280089350459,Yes,15,1
2173,40,Sales,5,2,Male,1,3713.9418791400185,No,0,0
2174,23,HR,10,2,Female,1,3373.094938494438,No,12,0
2175,37,R&D,14,1,Female,1,4316.765132120303,No,0,0
2176,58,R&D,27,3,Female,1,5843.6801265226695,Yes,1,0
2177,30,Sales,12,2,Female,1,6779.013366666119,No,7,0
2178,57,Sales,9,4,Male,1,5075.0126007603785,No,4,0
2179,47,R&D,6,4,Male,3,4114.242270283785,Yes,19,1
2180,24,Sales,9,2,Female,1,5078.502764204382,No,9,0
2181,42,Sales,3,1,Male,1,2577.800752629624,No,16,0
2182,57,R&D,13,1,Male,1,4084.1544058536556,Yes,9,1
2183,55,R&D,23,1,Female,2,7857.225915094166,No,16,0
2184,50,R&D,7,2,Male,3,7144.408857365805,No,11,0
2185,27,HR,28,2,Male,1,9472.926690471522,No,10,1
2186,44,Sales,17,3,Male,3,3533.5962749663727,Yes,6,0
2187,44,Sales,27,1,Male,2,10200.485370118542,No,9,0
2188,35,R&D,27,1,Male,1,3986.2975139978653,Yes,16,1
2189,30,Sales,18,4,Male,3,3693.6951806664565,No,5,0
2190,39,Sales,22,1,Male,2,5593.995229730444,No,12,0
2191,33,Sales,20,2,Female,3,5982.607294886248,No,10,0
2192,59,R&D,4,3,Male,2,5388.480854411908,Yes,13,0
2193,57,Sales,5,3,Male,2,4844.85056528161,No,7,0
2194,59,R&D,29,1,Male,1,9123.652741075319,Yes,13,0
2195,38,Sales,11,2,Male,1,2604.112987637207,Yes,12,0
2196,27,HR,18,1,Male,1,2806.901445667459,No,9,0
2197,44,HR,19,1,Male,2,5425.675866474172,Yes,5,0
2198,52,R&D,5,3,Female,3,4805.388050475269,Yes,2,1
2199,59,Sales,25,3,Male,2,5101.8268982204045,No,16,0
