HouseID,YearBuilt,LotArea,Neighborhood,OverallQual,Heating,CentralAir,GrLivArea,SalePrice
1000,2001,16325.986258118493,B,9,GasA,Y,1242.414550453991,428648
1001,1964,12796.796043641656,D,2,Grav,Y,1436.7405515230248,337951
1002,2021,8322.939281529047,C,2,GasA,Y,1719.7263452289953,358794
1003,2010,22066.96957558568,C,6,Grav,Y,2133.9802435515444,420075
1004,1970,13257.046404635112,B,7,Wall,Y,1487.8007163819216,417243
1005,1973,19882.721368641138,B,7,Wall,Y,788.8851752468964,368468
1006,1952,16757.392147367536,B,9,GasA,Y,1921.256948227502,454185
1007,1971,12320.67330111652,B,6,Grav,Y,1877.4793830709823,419633
1008,2002,7101.495442631863,D,8,GasA,N,529.0706703102969,357486
1009,1951,9879.475609237494,A,6,Grav,Y,1498.0979331646004,385304
1010,1979,8890.437736032234,D,2,Grav,Y,704.929084659851,297175
1011,1987,3927.40522175365,B,1,Wall,Y,1167.6744512489688,332020
1012,1951,13251.407874798515,C,5,Wall,Y,1048.5955365186,337852
1013,2013,17836.765009797047,C,9,Grav,Y,1904.6323491209928,433785
1014,2009,8508.482527242766,D,8,Grav,Y,1558.415087086092,415472
1015,1970,20818.282496123684,B,4,Grav,Y,857.2044996219862,349257
1016,1982,2212.0860706913318,B,5,Wall,Y,1940.0329814786712,408501
1017,2007,15271.817741936018,B,5,Wall,Y,783.0970880357928,357426
1018,1971,18357.60117702705,A,6,GasW,Y,1665.0568952354718,382913
1019,1998,8979.847095094698,B,3,Grav,Y,1092.9946653542222,348823
1020,2008,9069.717474285595,B,5,GasW,Y,1317.16145873474,388602
1021,1991,15213.825879222006,B,2,Grav,Y,1752.135374019192,370837
1022,2009,12529.955549797673,C,10,Wall,Y,1760.7246995297646,444499
1023,1964,12.943282702464785,B,1,GasW,Y,2168.48453677798,384468
1024,2011,5783.134227303096,B,1,GasW,Y,1458.8731501642735,354471
1025,2011,9932.252259762701,B,10,GasA,Y,1653.2254314816703,452369
1026,1996,3151.5091015746657,C,7,Grav,Y,1281.1313387978378,387520
1027,2011,7629.128417850481,D,2,Wall,Y,1590.9949413113989,354565
1028,2000,3276.5728737803292,C,4,GasA,Y,1719.7430240042559,377662
1029,2004,8149.146847233048,C,5,GasA,Y,1450.845076272812,375766
1030,2013,8316.886363394196,B,7,Grav,Y,598.1247579537519,370145
1031,1952,11758.773382968568,C,2,GasA,Y,1665.7354481654477,351197
1032,2000,9541.203380002496,B,6,Grav,Y,1682.2807386777286,412424
1033,1956,12513.948605203781,B,1,GasA,Y,1159.9132618260246,333606
1034,1970,11917.720037369607,C,7,Grav,Y,857.8064819637428,358517
1035,2022,15156.699971321552,D,9,Wall,Y,2237.9395752519827,451810
1036,1988,14368.915204800578,B,5,Grav,N,1745.722755447201,402640
1037,1967,13840.619175673583,C,5,Grav,Y,1385.4594845391453,368311
1038,1953,25524.337142333607,C,4,GasW,Y,931.4835584262563,338427
1039,2009,11737.013183211644,B,3,Wall,Y,1089.0925857893271,361210
1040,1963,22967.85751929431,B,9,Wall,Y,2151.2951983931157,457581
1041,1958,12061.092011219667,B,5,Wall,Y,1568.8309704340231,400687
1042,2002,9585.745425970541,B,8,GasA,Y,1224.7064664996467,409844
1043,1951,8134.174088934014,B,9,GasW,Y,1754.8446156123282,445845
1044,2009,17548.628992242146,B,5,Wall,Y,1092.800906276838,371008
1045,2020,18202.51696443969,B,10,GasA,Y,2250.421515140189,485230
1046,1993,12998.919279823645,C,9,GasA,Y,2176.4002674483627,449688
1047,1957,15667.733872513529,C,2,GasA,Y,1266.7129643986118,321612
1048,1996,3613.8976703845838,D,9,GasW,Y,1185.6648764845697,401924
1049,1984,2256.100887438941,B,4,GasA,Y,190.9334006538602,324676
1050,1985,16231.634428987269,C,6,GasW,Y,759.2096142243159,345587
1051,1999,9365.94251048489,D,6,Grav,Y,830.2651125211219,358214
1052,1953,13746.512086987514,C,6,GasA,Y,1567.5951704936929,382731
1053,1951,6413.560250219609,B,2,Wall,Y,1336.88314777932,356192
1054,1955,18284.942348523877,C,7,GasA,Y,827.3322562923793,345773
1055,2003,2297.9066405548183,B,6,Grav,Y,1359.4179787677213,410364
1056,1953,3072.0745675865564,B,1,Grav,Y,1752.6685738236743,370410
1057,2003,17221.557918561724,C,2,GasA,Y,1763.9196749577936,357072
1058,2012,-3049.208964914502,C,7,Grav,Y,550.1648595705594,338847
1059,1967,11892.844340474581,A,1,GasW,Y,1435.8682597580846,329933
1060,1993,9463.370022017116,D,1,GasW,Y,808.3296115141948,292496
1061,1983,6320.240403999851,C,1,GasA,Y,1950.8643485701368,358067
1062,2011,9000.300757048157,B,8,GasW,Y,1892.0732081767492,447761
1063,1963,5762.3825345509495,D,4,GasW,Y,1050.9863868377709,334142
1064,1997,17711.279730242495,B,4,Wall,Y,1116.9773987998,371153
1065,1964,19022.48544180805,D,2,GasA,Y,1269.3664747508465,333896
1066,2021,6571.312066058277,C,1,Grav,Y,373.6033026343305,285659
1067,2011,11377.624387342656,B,10,GasA,Y,1667.9840867202884,454543
1068,1989,3374.617645319764,C,9,GasW,Y,1363.5777268299346,400001
1069,2002,15365.260795015634,C,7,Wall,Y,1985.0875412839296,424343
1070,1973,15235.045873216572,C,4,GasA,Y,950.7953910187236,333487
1071,1975,8523.688836461552,D,6,GasA,Y,1190.4385258750342,360073
1072,2009,10084.425292099477,C,2,GasW,Y,746.7373709804424,314997
1073,1990,9531.172752386645,C,7,GasW,Y,997.8547182528735,379389
1074,1978,,D,2,GasA,Y,909.0090019658905,313044
1075,1964,17730.020738000636,C,10,GasW,Y,1997.9868394232228,457094
1076,1994,6165.233805587846,B,8,GasW,Y,1150.8690756243038,407400
1077,2014,6199.253638710394,D,8,GasW,Y,1562.0878423723068,407602
1078,2020,9247.900727690834,B,1,GasW,Y,1309.6182980690978,344328
1079,1958,14977.742926811392,C,8,GasW,Y,865.2673669935936,377248
1080,1950,7043.483924539845,D,2,Wall,Y,1415.8497884141786,331891
1081,1957,239.0738929827785,C,6,GasW,Y,1799.5516659317973,399353
1082,2012,5565.00969635233,C,1,Grav,Y,896.1203037283238,303210
1083,1960,12120.702095394952,C,5,GasA,Y,1904.5563953656892,388926
1084,1957,20948.751439045933,B,7,Wall,Y,1075.1395392611519,394608
1085,1984,3700.4001681342215,D,10,Wall,Y,1258.5080369635796,409425
1086,1984,,B,1,GasW,Y,1765.341561505024,364643
1087,1982,2437.0224958059207,B,2,GasA,Y,1168.281921390256,352278
1088,1954,1816.3750435032953,B,7,Grav,Y,1518.7874296679329,419326
1089,1990,16028.457300407152,C,6,GasW,Y,1342.6545856059538,379356
1090,1977,17473.4428768219,C,3,GasA,Y,1564.6840033519093,352660
1091,1956,10888.779467902012,D,10,GasW,Y,309.63044723825146,358528
1092,2022,7661.436139295716,B,2,GasW,Y,585.1590923959585,321857
1093,2021,18955.718934313132,B,10,GasW,Y,1807.983503023419,464103
1094,1961,10869.540208282524,A,4,GasW,Y,2018.5907028245251,382090
1095,1983,15447.18354680217,B,3,GasW,Y,1044.7566482342395,354153
1096,1982,7417.755291390922,C,7,GasW,Y,1377.9858239144328,387526
1097,1997,10221.219271118869,A,8,GasW,Y,1647.3596264511507,403489
1098,1972,3813.291772764768,B,2,Grav,Y,1846.608800829352,374885
1099,2011,13146.244859467924,B,10,Wall,Y,486.1613641645756,392887
1100,1986,10954.688753866578,A,7,Grav,Y,1056.9798765108114,371084
1101,1993,5527.183837931079,B,8,GasW,Y,1333.7103100750626,425431
1102,1984,5594.464252367693,B,6,GasW,Y,1851.5700986180245,422169
1103,2014,18079.792516693717,C,6,Grav,Y,2749.2152418607475,444656
1104,1996,19858.343752309083,D,10,Grav,Y,1385.997136595141,420003
1105,1952,8934.323316663395,C,1,Wall,Y,796.5112689480056,293265
1106,1950,10338.767863810814,D,4,Grav,N,1701.134038600649,371680
1107,1954,12000.572373241084,B,1,Wall,Y,2160.497894770355,386327
1108,1963,10740.158790798436,C,4,GasW,Y,1554.0070604897505,370046
1109,1976,1628.5113973068492,D,2,GasA,N,1046.6757274228535,319812
1110,1958,12139.35338595193,B,5,GasA,Y,1978.9969707400096,422944
1111,1964,-439.44517300304324,D,10,GasA,Y,1831.7728092492175,442528
1112,1991,6336.579043711905,A,9,GasA,Y,986.9595779021878,384910
1113,2000,12527.135733124089,B,10,GasW,Y,1690.712808767171,465584
1114,2012,12999.971039624186,A,3,GasA,Y,1998.6327838294364,382766
1115,2001,5949.63457895255,C,8,Grav,Y,2090.945021279447,430471
1116,1953,7707.815299065412,C,3,Grav,Y,1466.775512345272,356903
1117,1972,7030.817455007732,C,6,GasA,Y,1320.9602769103406,383636
1118,1964,9485.77918431965,B,4,Grav,Y,2113.6369110406313,411916
1119,1992,9866.028266821682,B,8,Wall,Y,894.9197485095575,391427
1120,1978,13342.340647645553,A,6,GasW,Y,1719.2896454605027,392902
1121,1985,7415.515685551082,B,8,GasA,Y,814.9866863177854,392822
1122,1962,11866.980959567776,D,1,GasA,Y,2032.6881361298015,364223
1123,1981,12535.078822435957,B,6,GasW,Y,1370.9772421944192,399501
1124,2020,10991.446886859327,D,1,Grav,Y,2134.2916178237347,369223
1125,2008,8701.970887752628,D,1,GasW,Y,1745.7063781777636,355575
1126,1977,10903.227321377202,B,8,GasW,Y,888.389884969035,390555
1127,2015,13758.701366967882,C,7,Grav,Y,2212.3138660386217,437270
1128,1991,14195.92433858156,A,3,GasW,N,2275.622633213865,391440
1129,1994,19076.863424134528,B,6,Grav,Y,1941.1432462996079,428612
1130,2011,,A,9,Grav,Y,1119.20606748189,396492
1131,2006,7799.963045022987,C,7,GasW,Y,1346.9930228212957,387670
1132,1955,1932.6566986579892,B,3,Wall,N,1572.7136087028798,372248
1133,1977,14655.047321639275,C,6,Grav,Y,1148.1448003342834,371831
1134,1977,8327.462468216267,C,4,GasW,Y,2346.173286231602,401344
1135,1993,11030.954910146633,B,3,Grav,Y,1572.1632358630184,374207
1136,1979,6978.307152766802,C,9,Wall,N,148.32597644632142,355921
1137,2011,8366.480025110874,C,10,Wall,Y,1669.6779063781103,439473
1138,2011,16115.950527133293,A,2,GasA,Y,1325.9213015913433,325470
1139,1950,13471.167052429917,B,1,Grav,N,1462.536721940776,345300
1140,1976,9442.389711705271,C,2,Grav,Y,1315.6903171071501,324324
1141,2011,13839.069597381986,B,7,GasW,Y,1903.5232083033436,431522
1142,1952,13949.50040018937,C,10,Grav,Y,2059.843889276691,432499
1143,2019,8042.872416566323,B,1,GasA,Y,1641.5265811293268,363291
1144,2021,2654.602196818958,B,6,Wall,Y,1330.3444064309206,392907
1145,1976,5504.191864989804,B,7,Wall,N,1479.331397595415,411866
1146,1958,3297.356983087415,B,9,GasA,Y,1509.7998082888141,423164
1147,2011,15822.173229964535,C,8,Grav,Y,1098.7849800675815,386453
1148,1986,16690.576082238404,B,6,Grav,N,1789.4643242856173,415998
1149,2000,17931.869400795083,C,3,GasA,Y,1730.0211619302331,374010
1150,1993,-97.77774488584328,D,8,GasW,Y,2270.220619888337,449867
1151,1973,15357.004551868607,C,7,Wall,Y,2127.6748901442375,427610
1152,2008,21060.956546923426,C,3,GasA,Y,1157.1625412049348,337025
1153,1981,15559.938569053225,B,9,GasA,Y,1910.1491872544823,463534
1154,2001,-756.148089353348,B,2,Grav,Y,1024.5233084527642,333560
1155,2011,18841.491541983858,C,3,Wall,Y,1847.9660504704248,366480
1156,2007,10208.445185659708,B,2,Grav,Y,1241.6929006199462,352365
1157,2001,8838.004467497642,C,1,GasA,Y,988.3733883122078,320788
1158,1961,12255.476482914892,B,4,GasW,N,1640.0226713487023,387089
1159,1988,4754.965387147568,C,5,Wall,Y,162.71643592292958,306019
1160,1951,10013.911854607895,D,6,GasA,Y,624.512212797386,329116
1161,1952,18102.148225520366,D,5,GasA,Y,1411.2540581128585,370492
1162,2005,13111.98435261644,C,1,GasW,Y,1541.2208833174213,342326
1163,2008,10292.00736051334,C,3,GasA,Y,1315.3406149209056,350512
1164,1951,10448.040799638044,C,1,GasA,Y,710.2818506412007,287467
1165,1951,4093.0300835059934,C,5,Wall,N,1091.0540789307472,346119
1166,2003,9250.060543001373,B,5,Wall,N,1695.604663618697,398614
1167,1950,1828.523321851163,B,6,Wall,Y,1790.8908853141813,414963
1168,1968,15112.204761969053,B,8,Grav,Y,1491.8884412020293,415992
1169,1951,-928.5524123767136,D,10,GasW,Y,2078.4168905184943,443133
1170,2002,14274.50189810355,B,1,Wall,Y,1698.6985117296172,363016
1171,1993,14897.054504170308,C,4,Grav,Y,1126.272173020894,343167
1172,1981,16593.82307863597,C,10,Grav,Y,1359.7489732941913,413397
1173,2019,10434.295815809013,C,1,GasW,Y,798.5669213960726,304160
1174,1981,14583.142330787647,C,9,GasW,Y,1445.9305048042916,410791
1175,2017,9201.26679817392,B,7,GasA,Y,2056.0503096106695,443061
1176,2004,4066.5144115603325,C,7,Grav,Y,1842.6450423554838,413447
1177,2005,17653.661962689974,D,5,Wall,Y,2201.004662959561,405592
1178,1966,9515.570851924627,B,7,GasW,N,1348.5573781005035,404554
1179,1987,2952.4434126340284,B,2,Grav,Y,2173.0498972571286,398105
1180,1973,7665.92527105109,C,4,Wall,Y,1403.347886776015,349952
1181,2018,7863.376587159144,D,7,Grav,Y,2235.792541284947,438568
1182,2019,12308.484590621061,A,3,GasW,Y,1489.071626278938,351946
1183,1960,21735.237416863656,C,2,GasA,Y,1853.6156869021383,359132
1184,1965,12612.093066412825,D,10,Grav,Y,2237.5561821549277,464199
1185,2022,11034.219259982627,B,2,Wall,Y,1403.2861857093972,366992
1186,2008,22278.880997812776,D,1,GasW,N,1609.194493772087,341431
1187,2019,14894.467699563627,C,5,GasA,Y,2144.431712603151,407309
1188,1952,11271.246020674642,C,6,Wall,Y,1433.4984180349682,381612
1189,1969,7602.940705909525,C,6,Wall,Y,839.5538587469194,352251
1190,2008,11581.000381022805,B,9,Wall,Y,2571.503527292455,486283
1191,1985,9668.047979534318,B,4,Grav,Y,1265.1177678314316,367781
1192,1968,10457.170637794981,B,1,GasW,Y,1579.3780254687715,345407
1193,2016,16572.012123847366,B,6,Wall,Y,2078.0033347255635,436270
1194,1968,7298.389084312559,B,5,Grav,Y,1195.753048134399,376174
1195,1969,12567.703540817569,D,10,GasW,Y,996.0660433889349,402384
1196,2020,14744.699949187969,D,6,GasW,N,1626.8686483874167,395138
1197,2001,6689.437415877952,C,3,Grav,Y,603.4618010438052,316944
1198,1982,5886.892922554495,D,2,Grav,Y,1356.04696156604,332515
1199,1989,9248.290387095481,C,6,Wall,Y,1622.519332157703,395716
1200,1988,7691.852048717696,B,1,GasW,Y,1365.024051587418,344406
1201,1950,15761.66304370752,B,7,GasA,Y,728.2745284071265,375301
1202,1960,4991.158607176727,C,7,Grav,Y,2297.088978102006,423560
1203,2006,,C,10,GasW,Y,1551.7690769745877,429364
1204,1999,22730.241667022376,B,7,GasW,Y,2215.5760588808707,440755
1205,1972,12065.282668930913,C,10,Wall,Y,1369.9818749097776,414363
1206,1980,12896.450721524427,A,1,GasA,Y,1059.9940091546182,313201
1207,1991,15803.412478485625,C,4,Wall,Y,1634.59046012758,368224
1208,1956,7685.254672873203,D,7,GasA,Y,1392.1064368358902,379953
1209,1965,4592.901856272981,C,9,GasA,Y,911.119271004321,386286
1210,2009,10882.556380813723,D,5,Grav,Y,2234.892129393748,412127
1211,1951,11327.019141742687,D,2,GasW,Y,1188.864888553002,322095
1212,1950,1908.9460264341942,D,7,GasW,Y,579.8668076022158,344202
1213,1997,11875.359573413889,D,10,GasW,Y,2164.0830269786666,471087
1214,1961,15349.252493505195,D,1,GasA,Y,1247.8509920936883,324260
1215,2018,5435.259634879953,C,7,GasW,Y,1196.0880536921877,387417
1216,1986,12177.779241874066,A,6,Grav,Y,617.306206485013,341643
1217,1981,14461.31830185067,B,7,GasA,N,2370.470743298495,457455
1218,1958,12933.391042650403,C,10,GasA,Y,855.2597063951563,376582
1219,1968,13405.031193707786,B,3,GasA,Y,1529.224740352825,369866
1220,1997,8775.998790968493,B,3,GasA,Y,1956.3101612702203,395112
1221,1952,,D,7,Grav,Y,1710.8584665015485,391368
1222,1969,7764.267688080435,D,2,GasW,N,1470.1728440039042,334621
1223,1973,7069.714490646877,D,1,Grav,N,649.1670708562918,279854
1224,2003,9598.70476896227,B,9,GasW,Y,1095.137582116358,414865
1225,1982,15466.354527299649,A,9,Grav,Y,1593.900169021261,421988
1226,1973,3440.7993591791565,A,7,Wall,Y,1106.412965006502,378154
1227,2021,10721.250114086954,B,7,Wall,Y,1601.6797299993839,424257
1228,1985,,A,3,Wall,Y,1840.8717044075709,365726
1229,1987,6299.765410886143,A,10,Wall,Y,1981.2514429000507,438102
1230,1974,12793.703763059208,D,2,GasA,N,886.9103210936584,302961
1231,1967,4050.2747331715036,C,7,GasA,Y,2598.3230274894768,440271
1232,2015,13671.221448514892,B,9,Grav,Y,1883.7396722770652,451242
1233,2003,3239.1777668763752,B,1,Grav,N,1499.1429231654681,354458
1234,1984,13334.9020171908,C,4,Wall,N,2044.7682915383202,385567
1235,2010,2252.34365210744,A,6,GasW,Y,2682.7038859999866,446830
1236,1990,6910.936603716922,D,7,Wall,Y,780.6399494715653,356870
1237,1982,19482.47191564781,B,10,Grav,Y,1387.3686787543231,437621
1238,2017,18542.73184883443,B,7,Wall,Y,310.78417006333575,362940
1239,1982,7937.3767374142735,B,10,Grav,N,1596.3257663240124,442115
1240,1963,11949.802930149508,A,2,Wall,N,1682.6971209625704,352528
1241,1970,16020.34009442442,C,4,GasW,Y,1480.4189422786203,360951
1242,1997,13406.480872102355,C,5,Wall,Y,1172.733214500845,356669
1243,1969,8632.67876772588,C,1,GasW,Y,475.2427419058374,285088
1244,1957,6256.823429818334,B,1,GasW,N,1686.7668417058844,364433
1245,1956,14340.515714789648,C,10,Grav,Y,2227.7172419576627,452253
1246,2016,15653.516543072506,C,3,GasW,Y,1204.490772133284,340913
1247,1966,18578.509171971942,D,10,GasA,Y,1720.0299645115724,434007
1248,1982,1563.752882734645,B,3,GasA,Y,715.9278432899747,332631
1249,1997,3734.3760589947387,B,8,GasA,Y,1728.606531846257,439055
1250,2008,15809.618010735403,C,9,Grav,Y,1303.3088511276715,407371
1251,1971,2242.347266249116,C,1,GasA,N,1118.7910246985427,322202
1252,1979,16192.749774559663,B,2,Grav,N,1119.8181793919348,336239
1253,1987,,B,10,Grav,Y,1303.194208983495,433247
1254,2000,7395.430903316576,B,2,GasA,Y,1691.2166578462677,370018
1255,2003,11027.142981357347,D,4,GasW,Y,843.9183994022411,335516
1256,1957,3273.157738822506,B,2,Wall,Y,1301.4423342160735,342686
1257,1976,14120.074152991758,D,7,Grav,Y,1479.264111000426,393294
1258,1976,18448.184988473484,C,9,GasA,N,950.4803877340704,381973
1259,1970,14352.881079071209,D,7,Grav,Y,2398.3326008375084,433245
1260,1979,8767.456537229296,D,6,GasW,Y,1073.2522599693293,354330
1261,1977,2309.8214611727954,B,10,GasW,N,1165.2815431832548,423638
1262,2013,2502.062718985335,D,1,GasA,N,1010.846025088751,317264
1263,2018,3351.7834888034613,B,10,Grav,Y,2399.240043569059,491636
1264,2010,9938.608614438413,D,9,Wall,Y,1776.4526142997408,432961
1265,1997,10567.000316363023,C,5,Wall,Y,1031.703996878179,359608
1266,1968,14342.217553704977,A,5,Grav,Y,2053.1157794299843,400774
1267,1953,,C,6,Grav,Y,1600.3493471444392,382523
1268,1984,16556.051151961998,D,9,Grav,Y,1628.6267105557508,422167
1269,2013,13472.031594726855,A,8,GasA,N,1327.7613956237738,394966
1270,1998,8365.818534689326,C,8,GasW,Y,1125.2920065215135,383542
1271,1966,4051.192291339499,C,8,Wall,Y,1668.8830495273007,402444
1272,1993,16245.703208455594,D,1,GasA,Y,1227.4563850022048,325304
1273,1979,8499.53019381308,B,1,Grav,Y,2408.3778147875523,396388
1274,1995,9899.905503277856,B,8,Grav,Y,865.354447378448,393678
1275,1955,11918.05985393966,A,5,GasW,Y,2268.0783864274727,403724
1276,1986,5434.005471091944,C,9,Grav,Y,1444.3405756010998,412996
1277,1973,8589.097104873756,B,2,GasA,Y,1649.542867010553,365967
1278,1995,14326.5845101019,D,9,GasA,Y,1916.5788833147174,434620
1279,2002,13820.480392481375,A,8,GasW,Y,1184.875352497782,393832
1280,2009,13865.536033476186,C,9,GasA,Y,1932.1241923493183,441460
1281,2012,4224.101244297841,A,4,Wall,Y,146.22807230941135,298401
1282,1981,8817.098246354295,B,1,GasA,Y,1140.0052333890303,326259
1283,1982,8018.0308247609755,B,1,GasA,Y,1037.9685963294673,345062
1284,2016,12125.894211373508,B,5,GasA,N,873.2469938141192,373991
1285,1967,11678.289948244488,C,2,Wall,N,1392.5225809605245,339939
1286,1974,10777.136653714682,D,8,Grav,Y,1692.8749840908474,408277
1287,2003,22328.669777099647,C,10,GasA,Y,1851.329999249653,442298
1288,2007,8545.969599279812,D,5,GasW,Y,1620.4383786002038,379004
1289,2016,7960.884569657279,D,5,Wall,Y,1167.1532675532267,366276
1290,1995,4216.25164831972,C,2,GasW,Y,1684.5082189125835,355037
1291,1973,2310.7633703556476,D,7,GasA,N,1562.1428474254253,391486
1292,1981,3898.413113921123,C,8,GasW,N,1968.028083968008,424147
1293,1996,6406.590372783601,A,10,GasA,Y,1888.4683514657584,449629
1294,1972,16550.365472189264,C,1,Wall,Y,1515.2382069603145,340962
1295,2015,10195.819521809293,A,2,GasW,Y,1051.3734969193715,331710
1296,1976,10966.653334763667,C,10,GasW,Y,1173.5249220839596,410061
1297,1951,9518.633458989518,C,4,GasA,Y,1225.1053201809832,345092
1298,1966,11826.504965108943,A,5,GasA,Y,1342.366833041872,347510
1299,1982,17010.360736089217,B,2,Grav,Y,1634.0252137948767,371387
1300,1958,30.345818659819997,D,1,GasA,Y,1857.5871950640292,348670
1301,1992,16091.686577926901,C,9,GasA,Y,1474.4406534923112,413621
1302,1997,-2575.1922626750347,B,1,Grav,Y,1508.0623939502361,355372
1303,1988,,C,4,GasA,Y,1571.6531525000019,360751
1304,1991,20959.536773722077,C,2,GasA,Y,1242.04734343383,333989
1305,1975,13403.28969765772,C,4,Grav,Y,1037.303871178522,342526
1306,1999,11865.294676603182,D,8,Wall,Y,622.2810513446451,364425
1307,1974,20009.729834014866,C,8,Wall,Y,1152.4253209615638,389754
1308,1973,6484.68550999428,B,9,GasA,Y,1736.5727266338936,447148
1309,1962,12169.837112325236,D,5,GasA,Y,1148.5442809802162,351577
1310,2009,12890.585487369466,D,7,Grav,Y,1381.0964812870302,389600
1311,1956,7387.989328864871,B,3,Grav,N,1733.2156437061585,382716
1312,2006,7829.449102520097,B,10,Wall,Y,1760.3447482113343,459155
1313,1985,7281.102833883302,B,4,GasW,Y,960.2335739169805,361502
1314,1994,10436.57487004282,C,10,GasA,Y,1998.5296782268206,452544
1315,1969,12733.458028856565,C,9,GasW,Y,2063.675044677743,450470
1316,2014,10616.15136457331,C,10,GasW,Y,935.0750713907202,409186
1317,1957,13547.309087149277,D,10,Grav,N,1088.081565179423,400502
1318,1965,154.26357013226334,C,1,GasA,Y,2095.545341573096,342093
1319,1963,8908.744181285816,B,2,GasA,Y,1426.5732393723495,363812
1320,1964,4882.90344824677,B,5,Grav,N,390.1110262740747,333203
1321,2015,11508.612563414492,B,3,GasW,Y,800.1592476336568,337500
1322,1981,11434.587143361616,B,2,Grav,Y,1375.3151874137593,354873
1323,2012,9421.889425212723,C,1,Wall,Y,918.478674857699,304890
1324,2000,12551.395052660355,D,10,GasA,Y,1293.2881146817792,417725
1325,1974,14989.063591320137,B,3,Wall,Y,1516.1981068417895,365412
1326,2007,9697.397388468456,C,1,Grav,Y,2231.1273020173644,366867
1327,2012,4741.5255595014905,C,1,GasA,Y,1354.7730418861056,330654
1328,2011,2093.7121454025955,B,1,Wall,Y,2036.2708997863795,386028
1329,1971,10180.550876650641,B,8,Wall,Y,2214.380081018385,461026
1330,2007,11209.333507567704,B,3,GasW,Y,2217.1548346760383,407622
1331,2007,5152.3805524001045,A,1,GasA,Y,1642.377296692784,337927
1332,1998,13628.834115815163,D,7,Wall,Y,518.3554260805129,343184
1333,2001,7705.215570877133,A,10,Wall,Y,1730.4124327019326,437819
1334,1991,1717.8356741442476,B,3,GasW,N,2024.1999439067704,407737
1335,2019,16282.181711725945,C,8,Wall,Y,1459.4664472822915,394636
1336,1964,15719.939596010816,D,4,Wall,Y,2372.291935037624,403910
1337,2003,-77.99718331549047,B,4,Wall,Y,1929.916780733729,400132
1338,2009,7186.998591731538,B,5,GasW,Y,1784.136688576392,401845
1339,1957,6992.081592928618,A,6,Wall,Y,2043.190355602919,412694
1340,2002,18197.443297087513,B,7,Wall,Y,1666.684925630439,426257
1341,2009,9503.536449791718,B,4,GasA,Y,253.5947503023233,325826
1342,1954,2520.6090097229117,C,8,GasA,Y,1250.4305242648172,392526
1343,2017,14410.523911204393,B,6,GasW,Y,2098.5840136239267,434230
1344,1955,3846.1222711695955,A,1,Grav,Y,1096.204329950852,308147
1345,1996,8698.297546391193,D,1,GasA,Y,1388.2637473815305,339941
1346,2004,6151.155610595616,B,9,GasW,Y,977.5818430484644,408046
1347,1989,7197.7245086003,B,10,Wall,Y,2391.9612976008843,492173
1348,2001,14686.290447819694,B,6,Wall,Y,2340.7462287090075,447169
1349,1965,17606.65080666083,D,10,GasW,Y,1058.0655524296353,390161
1350,1962,3628.1562681031073,B,8,Wall,Y,1573.649000194542,414659
1351,1979,13130.382127539086,D,7,Wall,Y,1159.7529761179762,372992
1352,1968,6336.231851550021,C,6,Grav,Y,1807.472319515689,402454
1353,1966,6491.640449879622,A,4,Wall,Y,1754.8415386211645,378283
1354,2012,12453.181107113573,D,7,GasA,Y,1905.8527858066327,421063
1355,1968,4860.486171431525,B,9,Wall,Y,1665.9592238539437,435162
1356,2007,12353.013003875223,A,10,GasW,Y,2967.7031031942342,507164
1357,2004,13650.566782548674,D,10,Grav,Y,986.0381174946306,394877
1358,2011,7837.338691504908,C,7,Wall,Y,644.6983227817428,354399
1359,1972,16635.390510068333,C,1,GasW,N,1303.4548996492692,322320
1360,1958,3635.8769396924654,B,10,GasA,Y,716.0058672198662,400730
1361,1961,16727.03095305836,B,9,Wall,Y,753.7688649970036,400481
1362,1950,280.0628525743359,C,4,Grav,N,999.3426729010165,331441
1363,2007,23498.570702097546,B,3,Wall,Y,1038.9055472841862,345897
1364,1950,7968.988806890837,B,4,GasW,Y,1022.69094902497,356234
1365,1983,4188.464218061911,A,4,Grav,Y,1759.109475222706,374256
1366,1997,8836.640457400008,B,10,Wall,Y,1246.905469457332,448932
1367,1950,4767.610286877858,D,2,GasA,Y,1410.2427125637598,338894
1368,1965,11934.826494272711,B,1,Grav,Y,1947.1163872504674,371809
1369,2010,16838.286657350734,D,10,GasA,Y,1116.838737609287,401561
1370,2013,5032.718869716613,B,1,GasW,Y,1367.7270506476389,340284
1371,2012,12896.996195870017,C,8,Wall,Y,1682.8799930464577,410217
1372,2018,2336.3231555212024,B,2,GasA,Y,529.2160996898893,318835
1373,1971,15164.77366614306,B,10,GasW,Y,307.54724552470884,389614
1374,2016,12081.181834637977,B,5,Wall,Y,1673.0586643988613,410861
1375,1975,,B,4,GasW,Y,1746.0071402834492,395945
1376,1965,9388.265486794473,C,8,GasA,Y,2532.110067426205,451489
1377,2000,7824.217010726241,D,2,GasW,Y,1579.047437933405,350296
1378,2006,14080.587180286664,C,10,Grav,Y,1909.8698586290475,443500
1379,1978,3459.7573922079073,B,9,Wall,Y,1402.263678207013,436505
1380,2018,1285.8783413321235,A,7,GasW,Y,1648.613610792543,403284
1381,1996,9975.19007979981,B,7,GasA,Y,2333.628420874767,455849
1382,2011,8052.016965706038,C,1,Wall,N,438.00359093718225,271921
1383,2018,12769.16665890773,C,2,Grav,Y,1706.8081287858404,356163
1384,1965,15457.757121569985,D,4,Wall,Y,2567.793365038683,419072
1385,1997,12665.070395755694,A,4,Grav,Y,1641.0171096046713,366412
1386,1988,15059.516559133726,C,3,Wall,Y,2325.2864816164238,391310
1387,1982,11605.26166666082,B,7,GasW,Y,1185.3939252352789,401433
1388,1972,12472.978741605493,C,8,GasW,Y,1483.9762529181432,394015
1389,1959,9416.713950838646,C,2,GasA,Y,1516.7623511942938,347027
1390,2018,12325.22730507591,C,4,Grav,N,391.20446032061454,308699
1391,1983,10833.264142817567,C,3,GasA,Y,915.9110860748999,322152
1392,2001,11625.883982645319,B,2,GasW,Y,951.562460308007,332058
1393,1959,9166.379834565805,C,6,Grav,Y,1911.0330390162637,403341
1394,1968,14044.64600235649,B,4,GasA,N,1936.0765528420275,415903
1395,2007,6447.737250825243,C,6,GasA,Y,1662.0182213532667,397708
1396,1950,,B,2,GasA,Y,1912.0514484278528,376281
1397,2018,16558.91950103788,C,4,GasA,N,1417.925293639113,368374
1398,1953,5256.390885394374,D,6,GasA,Y,2100.9658347697714,408764
1399,1965,-809.2273087631547,D,5,Grav,Y,1504.394221316036,378592
1400,1973,11832.28583148986,D,3,GasA,Y,1528.9320237133782,357779
1401,1951,8715.227548232504,C,8,Grav,Y,1367.2036833687944,378744
1402,1981,15054.311201859196,C,7,GasA,Y,1842.225238818214,405190
1403,1973,9347.42460051503,C,3,GasW,Y,1289.4005916935434,346491
1404,1961,6978.304642183441,D,6,GasW,Y,1988.2156885990341,406269
1405,1999,9620.913020908933,B,4,GasA,Y,933.9254296419966,351477
1406,1984,15465.342933066055,D,5,Wall,Y,950.541872635903,342759
1407,1982,12876.848135961876,D,5,GasW,Y,1843.7133775632522,380854
1408,1982,-2169.5112827401736,C,7,Grav,Y,1455.7278927084938,390544
1409,2010,10928.837460433857,B,5,GasA,Y,1273.0542919234358,395706
1410,2000,11178.810662007025,B,3,Grav,Y,1945.0288662377297,401276
1411,1992,9908.750173997403,D,10,Wall,Y,1196.3692929569577,419970
1412,1961,6945.550542157054,B,5,GasA,Y,1399.899372849815,390506
1413,2016,15972.659372532222,D,7,GasW,Y,2199.6139750355796,436718
1414,2014,16220.169740674308,B,5,Grav,Y,2269.571172905325,444748
1415,1982,-1015.802304129309,B,5,GasW,Y,2286.1991051351633,434396
1416,1989,6010.202611292779,D,9,GasW,Y,1358.9371115330443,405910
1417,1992,9276.3467435714,C,3,GasA,Y,2115.3514524922352,390130
1418,1993,14742.54101858335,C,6,Grav,Y,1025.523586115661,367845
1419,1978,10174.264381958832,C,1,Wall,Y,1046.5485626389695,307727
1420,1962,6582.030999175384,B,10,GasW,Y,324.77207368781956,378830
1421,1961,13547.667886536874,C,5,GasA,Y,2336.434100949265,413615
1422,1995,8943.319572245038,B,8,GasA,N,1068.010075461961,407057
1423,1951,9412.9957042252,D,5,Wall,Y,1436.73371012647,370927
1424,1984,9864.207832979619,D,9,GasA,Y,1044.837829035858,383521
1425,1957,12871.542204192421,B,6,GasW,Y,1847.5826241650702,427637
1426,1975,8457.251991631063,C,8,GasA,Y,1312.1831696413299,389903
1427,1983,13434.73246323611,C,10,Grav,N,847.5915547835253,389354
1428,1956,9634.655157964637,B,8,Grav,Y,1720.8312820930303,427128
1429,2017,4664.91706791062,D,3,GasW,Y,783.1349875948857,334348
1430,2007,9816.11847152276,A,7,Grav,Y,1081.2971373422542,375975
1431,1978,4923.932984273925,B,7,Wall,Y,446.5554426869596,355872
1432,1985,10204.933948879709,C,10,GasA,Y,788.0209439011966,392220
1433,1970,14147.36964615733,C,6,GasW,Y,1589.264584860239,390308
1434,1985,4631.8549699894265,C,7,Wall,Y,517.7319809485376,343447
1435,1959,11821.367029022194,C,2,GasA,Y,759.4271376891421,308074
1436,2022,5854.812708233961,C,9,Wall,Y,1498.815541933596,413014
1437,1973,11008.502799582735,C,10,GasW,Y,1228.1965519534738,406245
1438,2013,14301.02121010242,A,10,GasW,Y,2496.0183179796545,466049
1439,1998,-647.5653705502064,B,1,Wall,Y,2416.9482730121877,394027
1440,1985,4427.620865643273,B,1,GasA,Y,1066.0387686244233,340840
1441,1973,8155.10277445039,B,3,Grav,Y,1778.5688092017408,394435
1442,1972,11575.202445908077,C,3,Grav,Y,1874.6412784397257,371261
1443,2011,9168.083353208382,B,1,Wall,Y,1201.2605709877982,349477
1444,1986,9770.596090095405,B,7,GasW,N,752.2292317508981,375411
1445,1961,20214.922626756284,B,4,GasA,Y,1493.8507753459712,379575
1446,2004,3937.713605753862,D,10,GasA,Y,1413.5771625929444,421361
1447,1962,15677.425081813852,D,2,GasW,Y,1282.1177515146903,329681
1448,1972,8250.109364227916,C,10,Grav,Y,1721.1584340822426,432181
1449,1979,12747.373962493672,D,5,GasA,Y,1124.6351964972007,359848
1450,1966,20644.732778728,C,6,Wall,Y,924.0012262104285,353550
1451,2011,13443.39011842713,C,9,Grav,Y,1554.541485174916,422389
1452,1962,11862.47854895,A,4,Wall,N,1692.9850462844379,376006
1453,2008,17995.611675746877,C,2,Grav,Y,911.6775280499735,318324
1454,1968,15623.993222965957,C,5,GasW,Y,1964.0453054955406,390150
1455,1998,6003.029619192823,C,3,Wall,Y,614.7594311119609,303773
1456,1961,11472.623712269278,C,2,Wall,Y,1210.9432706421783,327391
1457,2010,1412.5213292962017,C,1,GasW,Y,1370.9957319011955,328693
1458,1968,7299.233058128744,C,10,Wall,Y,1181.888143674035,406331
1459,1958,11570.264837999297,D,2,Grav,N,1217.4697632244038,326593
1460,2020,6989.473236093706,B,6,GasA,N,2435.537241154057,466694
1461,1977,11366.833729859623,C,8,GasA,Y,1074.5579554805506,374776
1462,2001,9933.076921734806,B,3,GasW,Y,2720.6108612359567,426180
1463,1965,12682.083661975214,C,9,Grav,Y,1718.563389865526,424090
1464,2018,7879.004889859445,C,9,Wall,Y,1546.027568655996,417219
1465,1961,5299.255427816433,A,2,Wall,Y,1738.120176693833,354586
1466,1974,17390.634130866303,C,8,GasA,Y,2764.963874625976,468567
1467,2001,7521.516286550277,B,10,Wall,Y,1003.203498034276,426680
1468,2002,13300.05296558559,C,5,GasA,Y,939.7910405318054,339653
1469,1972,17176.23513236268,B,4,GasW,Y,1122.5669017140394,360544
1470,1965,10813.34999498766,C,10,Wall,Y,1516.0715734822804,424447
1471,2006,5718.467152784253,B,5,Grav,Y,637.1144375937133,356308
1472,1988,9106.950127263277,C,4,Wall,Y,1511.169619659304,375325
1473,2002,15087.704583033767,B,8,GasA,Y,2346.773566706836,472317
1474,1991,11031.237728689315,D,4,GasW,Y,1575.7036953123888,367601
1475,2007,3974.2910389786157,D,10,GasA,Y,1353.6572705123615,413930
1476,1988,12983.219167668562,D,6,Wall,Y,1190.9197756581864,365524
1477,1963,13847.657345254993,C,2,GasA,Y,1949.2558522757822,360799
1478,1954,8223.440569410332,C,5,GasA,Y,1087.0836133809762,353030
1479,1984,13051.221878023729,B,6,GasW,Y,2423.197960299624,450844
1480,1967,11225.092977302336,B,5,Grav,Y,2466.679873857179,433415
1481,1958,9012.852306789804,B,2,Wall,Y,1628.3753993308937,365039
1482,2007,3532.321282031682,C,7,GasW,Y,1494.2424559616775,399799
1483,1966,15389.769475528788,D,4,Grav,Y,2015.3299041207797,389124
1484,1956,13796.054999599166,B,8,GasA,Y,2047.3992511136626,450813
1485,1995,12919.431471876564,D,7,Grav,Y,1097.0041344702922,376264
1486,1962,17722.630018390468,C,7,GasA,Y,1236.722433431649,386168
1487,1989,14725.96863506797,C,9,GasA,Y,838.8262826583523,382021
1488,1991,13432.830030757814,B,1,GasW,Y,1704.5324691670285,362396
1489,1958,-1066.1367401341558,A,10,GasA,Y,1833.3139417284453,432886
1490,1999,15984.474759012079,C,6,GasW,Y,825.0371810693636,352399
1491,1976,10415.402571410254,C,6,Grav,N,1272.4005475919205,359016
1492,2015,11562.458401285694,B,6,Grav,Y,826.3730412093254,371897
1493,1954,11596.665948466929,C,6,GasA,Y,1050.600094878081,356900
1494,1978,13869.163718211397,D,10,GasW,Y,1775.5085301131498,429753
1495,1986,15610.875144008427,D,7,GasA,Y,1133.2589666608603,370621
1496,1987,13171.205715296112,D,10,GasW,Y,1349.5870219838507,420227
1497,1957,12376.427946599459,B,6,GasW,Y,686.3441360263423,361170
1498,2014,11157.563696477857,B,1,GasW,Y,1593.495104862332,361583
1499,1966,-6758.05258452339,C,3,Grav,Y,1477.8633400776755,352024
1500,2020,8562.04490274906,B,2,GasW,Y,1135.5203749834188,349239
1501,1994,5292.052413246773,A,6,Grav,Y,1405.492851158763,385888
1502,1953,16053.697694695426,B,8,GasW,N,1590.1474402517222,425424
1503,1985,13095.185991431468,B,3,Grav,Y,1092.565925545328,345837
1504,2019,7709.315063931329,B,10,Wall,Y,761.8687279991103,418144
1505,1980,8211.414088653779,B,8,Grav,Y,2402.7872163434076,469991
1506,1968,8030.093183487894,B,8,Grav,Y,1183.3636476448637,403021
1507,2010,7940.869228405401,A,5,GasA,Y,1451.6199484065553,367313
1508,2003,2777.212782376014,C,8,GasW,Y,2005.4198675101568,432550
1509,1988,1693.6025336111616,C,6,Wall,Y,3264.527593785242,471440
1510,1968,10145.23386190872,C,5,GasA,Y,877.7567750555671,348558
1511,1988,15376.570696796773,B,9,GasW,N,1724.913606863255,443316
1512,2016,7311.551512860686,B,7,Wall,Y,1146.2238573529469,394724
1513,1994,11517.223754620225,C,8,Wall,Y,1230.6048477116447,395409
1514,1962,13671.304585883627,C,1,Wall,Y,1139.8939894966052,317821
1515,2007,,C,2,GasW,N,937.1725160997075,318401
1516,1969,9900.122856400485,B,8,Wall,Y,1479.3543191076692,424249
1517,2021,6667.397593632425,D,9,Wall,Y,762.7486564758822,380048
1518,2010,18030.59745915647,B,4,GasA,Y,1973.4037832559352,410839
1519,1988,17812.29753431057,B,10,Grav,Y,1527.5014680166873,451000
1520,1950,5038.285800625747,C,10,GasW,N,1711.21748645072,433687
1521,1952,11929.42191542163,C,9,Grav,Y,1266.9056940268886,397698
1522,2011,15337.996504062452,B,4,GasA,Y,1316.398032894126,383681
1523,2012,14241.647501881649,B,10,Grav,Y,1643.781952583664,441564
1524,1974,10407.815174921827,C,10,Wall,Y,917.9746837970872,403559
1525,2005,16532.78730882174,B,10,Wall,Y,1321.0047827933322,428020
1526,1982,5477.426555052836,B,9,GasW,Y,1070.193243060773,408574
1527,1987,8484.535278026538,B,7,GasW,Y,1054.7155947044928,391231
1528,1955,5611.787901202125,D,2,GasW,Y,445.0808796871793,287021
1529,2007,13912.467473503108,A,9,GasA,N,2169.66329474,454215
1530,1993,7086.815628502742,D,4,GasW,Y,1156.7306234231155,341847
1531,1994,9143.754122814571,C,8,GasA,Y,2081.688027581775,434788
1532,1981,13088.351841328744,D,7,Wall,Y,2034.3961606971461,416928
1533,1994,13491.24956888908,D,7,Grav,Y,857.0001467417532,363725
1534,2010,5464.368268723747,B,8,Wall,Y,955.7943821635771,398465
1535,1996,,B,1,Wall,Y,2780.251479677842,419077
1536,1970,12278.448343336257,B,5,Wall,Y,2375.462970963572,433023
1537,1985,4591.485802097993,B,2,GasW,Y,1484.2407433359479,360161
1538,1968,3361.4205212169354,C,2,GasW,Y,1628.6865532086747,349670
1539,1969,9920.901448689661,B,1,GasW,Y,1184.5767985264056,340847
1540,2006,14250.469946584044,B,5,Grav,N,1716.17635710017,403417
1541,1967,14378.579312004902,B,2,GasW,Y,1141.4090496387644,339426
1542,1996,11780.834386124212,D,4,GasA,Y,483.82311785080765,316858
1543,1998,10243.37419163413,B,3,Wall,Y,839.2221067444746,341598
1544,1963,12558.688345395025,A,3,Grav,N,1510.5463739252937,355979
1545,1964,5723.3474280537075,A,2,Grav,Y,934.4663822487062,308594
1546,1980,18434.939315126958,D,6,Grav,Y,1466.3612675432328,372420
1547,1950,18369.692090612603,C,2,Grav,Y,962.6694802835684,310468
1548,2003,12144.061573103489,B,8,Grav,Y,1108.8230387490032,401909
1549,1952,10986.50209996426,B,8,GasA,Y,1926.5826532065958,441135
1550,1965,7942.895136703149,B,5,Wall,Y,1623.7402738200524,394502
1551,2006,12643.744228998305,B,10,Grav,Y,1495.1677893433264,449063
1552,1961,6543.413144916116,D,7,Wall,N,1939.4819865353256,411633
1553,1965,-1118.060154977653,C,4,GasW,Y,1740.3042966736737,374267
1554,2021,-3570.536502455432,B,1,Grav,Y,2223.2816456256837,394052
1555,1973,6002.508334182567,D,2,Grav,Y,1270.0703688424298,331778
1556,1977,10781.890614591388,B,10,Wall,Y,1285.1825107362456,431838
1557,1957,11659.858669767415,C,10,Grav,Y,849.4453668043274,390725
1558,1985,7566.214957453575,D,4,Grav,Y,1285.50964131379,348797
1559,1957,10709.175835714517,B,1,Grav,Y,1982.3849471512228,381816
1560,2007,8628.858214727345,C,8,GasA,Y,2149.993686131067,437016
1561,2009,5003.436211749313,B,9,GasA,Y,1980.152584043334,453349
1562,1999,9731.277455154373,B,4,Grav,Y,602.9040667252818,340985
1563,1977,14064.785561828247,B,10,GasA,Y,2041.5726063303673,465522
1564,1990,5229.691261268389,B,3,GasW,Y,580.7406883639646,331363
1565,2013,5231.97693490151,C,2,Grav,Y,1949.0586620611737,379800
1566,1976,4653.747030239209,D,5,GasW,Y,1316.1077367144724,359472
1567,2012,317.40632745942094,C,3,Wall,Y,1851.2666569669277,375425
1568,1966,7598.988129264906,D,10,GasW,Y,833.7758260527171,379511
1569,2022,,D,7,Wall,Y,2085.5838163530734,428748
1570,1982,10869.580419168813,B,6,Grav,Y,767.5126269475555,362147
1571,1978,9153.745579718467,B,1,Wall,Y,1165.772544573411,332964
1572,1962,10645.323991200845,B,8,Wall,Y,1000.9526861154824,390741
1573,1995,7555.092562854209,C,2,GasW,Y,622.8575735887505,304303
1574,1984,260.5668136826389,D,5,GasW,Y,1547.263783794234,380799
1575,1955,13918.593909072828,B,9,GasW,Y,2403.0445589184806,475769
1576,2018,15355.622868923256,C,8,Grav,N,2833.4526111600044,469150
1577,1996,6359.216119661065,C,2,Grav,Y,1548.577893543124,354976
1578,1974,9245.821896967222,C,9,GasW,Y,2058.3406375337613,436564
1579,2015,8815.0041446992,B,5,Grav,Y,1616.0473189642687,391492
1580,1959,11756.444047122708,B,10,Grav,Y,1749.4415973841064,455664
1581,2005,18449.46728313145,A,6,Wall,Y,1328.9256744363806,371422
1582,1979,15798.956226446528,B,3,Wall,Y,1597.538462711301,382719
1583,1954,8115.42887293052,A,3,GasW,Y,1768.7393523032142,361931
1584,1982,12712.319307501184,C,10,Grav,Y,1210.7701355618342,411757
1585,2014,16271.784342863564,B,8,Wall,N,1461.252850053506,431470
1586,1967,12041.72582197389,D,10,GasA,Y,1470.784940501256,414194
1587,1998,,C,10,Grav,Y,1913.2016586652624,442630
1588,1960,12230.00047333593,C,2,GasA,Y,966.9839141861597,313970
1589,1975,6483.642387182634,B,2,GasW,Y,1474.2288956961743,368899
1590,2012,7213.594379479595,C,5,Grav,Y,2456.002734526349,420708
1591,2008,4679.828823994513,D,6,GasW,Y,2082.0300762929687,411928
1592,1976,11535.322582851215,A,2,GasW,Y,2174.5895244443527,378720
1593,1998,9342.985469888808,B,5,GasW,Y,1512.2159200890171,392524
1594,1982,5884.409693259602,C,7,GasW,Y,1660.4987818430116,401987
1595,1950,9179.102941897474,A,10,GasW,Y,2001.1180833514627,437298
1596,1970,12349.99130381585,A,10,Grav,Y,2280.127764765465,472078
1597,2004,19573.56152998996,B,8,GasA,Y,524.1985435585567,369871
1598,1955,15060.33932351929,A,7,Grav,N,842.2793464750772,356005
1599,2018,-1420.7392874117013,C,8,Grav,N,2154.722050701324,439373
1600,1954,11196.542334101729,B,9,Grav,Y,1361.5553221155983,433041
1601,1952,17146.621313564272,D,5,Wall,Y,1164.1396053709614,346782
1602,2002,3310.6325439488373,C,5,Wall,Y,872.919506502198,353764
1603,1972,12757.79635106212,C,10,Grav,Y,1222.4916492279453,412110
1604,2002,8816.78907234477,C,4,GasA,N,798.8153582880876,332226
1605,1986,15751.452654580804,D,9,Grav,Y,2545.547136366238,460954
1606,1966,12021.285975067261,B,5,GasW,Y,1488.7819740097132,393894
1607,2022,5579.922727203968,D,2,Wall,Y,1471.0247291186413,342133
1608,1950,8995.742608546901,C,10,Wall,Y,1794.038337583916,441035
1609,2000,9291.521619761885,C,8,Grav,Y,1981.1725846332847,424203
1610,1994,9384.108925949753,C,7,Grav,Y,1972.9440782773197,417481
1611,1953,15596.314723876314,B,8,GasA,Y,2036.8109719537858,444364
1612,2011,5786.90039304885,B,3,GasA,Y,1184.5772246045717,355391
1613,2014,15015.256548305919,C,4,GasW,Y,1351.0665975215693,362659
1614,1981,8488.751620392399,A,5,Grav,Y,1884.5158277211376,395003
1615,1983,11117.555531645825,C,6,Grav,Y,1236.30546918019,376160
1616,2021,10361.88793140517,B,1,Grav,Y,1497.4466839863876,348072
1617,1988,9890.973309590827,B,4,Wall,Y,1699.3818822124072,399089
1618,1975,9931.98582777339,B,10,GasW,N,1892.592541155188,474656
1619,1983,17286.792791355103,A,5,GasA,N,611.1595188148993,326599
1620,2003,14212.249624530723,C,7,Wall,N,1857.3728249444725,422644
1621,1952,8186.421552100351,B,5,Wall,Y,1383.1379710741373,383041
1622,1999,17913.93627061046,D,1,Wall,Y,1853.7288554321906,345724
1623,1961,11373.405369964265,C,7,Wall,Y,1888.4658461774143,408995
1624,2014,11788.12129661947,B,8,GasW,Y,2303.957530559579,471838
1625,2003,5813.404603343042,C,7,Grav,N,2176.7268238106017,424945
1626,1954,7512.5067079743,D,4,GasA,Y,2173.2858313051483,391062
1627,2006,6557.482460364122,C,8,GasA,Y,2221.835159583119,444659
1628,1966,10430.364324968376,A,5,Wall,N,1645.689492407973,378899
1629,1996,13193.915397241046,D,10,Wall,Y,1516.09254351842,428327
1630,1972,11836.161497111067,C,9,GasW,Y,1936.4085415891673,435209
1631,1963,17940.22078034791,B,10,Wall,Y,1866.040475716511,462000
1632,2015,5561.2099739438245,A,5,GasA,Y,1345.46688163087,366611
1633,2000,10574.34521769441,C,1,GasA,Y,1702.411704404134,346279
1634,1987,3585.303353508527,B,9,Grav,Y,1482.451766607703,428185
1635,2013,5390.645141983689,D,5,Grav,Y,1073.033545769972,361393
1636,1987,16322.891886692318,B,6,GasA,Y,2145.230370688175,432790
1637,1999,7684.175667642672,D,4,GasA,Y,1527.5996212650446,371924
1638,1979,5983.181019698645,C,6,GasW,Y,2524.3541288494253,432949
1639,2000,-649.8843779147355,B,8,GasW,Y,687.2538649000836,385372
1640,2012,5933.226761055412,B,3,GasA,Y,1221.6106135783168,359805
1641,2001,8973.598629025106,C,5,Wall,N,1516.3194183454357,370835
1642,1987,3212.9852010689456,C,2,Grav,Y,2068.690548814457,363410
1643,1979,8686.083055087656,C,2,GasA,Y,1699.7346863010926,347610
1644,2000,16353.155303291118,B,7,Wall,Y,1655.2363770903758,421142
1645,1954,6463.473298358336,B,10,GasA,Y,936.3681037229264,413277
1646,1978,5283.084753150321,A,10,Grav,Y,921.5293013852644,398928
1647,1953,4380.492665674535,C,10,Grav,Y,1661.2523301449523,426133
1648,1959,4291.179537421,A,6,GasW,Y,817.9470030908208,342387
1649,2005,12677.887234442145,B,4,GasW,Y,1234.0611248553357,364989
1650,1966,10243.343684415253,C,5,GasW,Y,1750.4586645429288,386523
1651,1966,14784.28439637787,D,1,GasW,N,1008.837863861612,313957
1652,2018,20099.189458271278,B,7,Grav,Y,2302.6779811809033,463265
1653,1983,848.0443404542602,B,8,Wall,N,2111.968172118945,457448
1654,1955,11900.393542208865,C,9,Wall,Y,714.2900008308499,374407
1655,2002,4406.903327832201,C,8,Wall,Y,1033.8143784090064,390378
1656,2015,13944.496490167254,B,5,GasA,Y,357.11137775252496,341015
1657,1992,8640.43999463282,D,3,GasW,Y,1108.7043187259333,337865
1658,1972,10136.613804320867,D,10,GasW,Y,1883.1942382861998,439755
1659,2004,3584.1128603509596,B,9,Grav,Y,1293.0525288625715,418242
1660,1965,,B,6,Grav,Y,1730.3986218079838,409600
1661,1957,10448.311255541297,C,5,GasA,Y,738.8328408591279,332595
1662,1953,16780.390734033543,C,3,GasA,Y,1898.9876272909528,370553
1663,1953,6027.1973629572285,A,6,Wall,Y,1222.445386035825,376053
1664,2005,7246.542142348435,C,3,Grav,Y,1506.0848411414527,356210
1665,1974,14721.448210911407,C,10,GasW,Y,1453.5627493034735,425972
1666,2016,5703.298581503446,B,6,Wall,Y,864.225739553858,372635
1667,2016,15711.92571987063,C,4,GasW,Y,923.4578341301088,336214
1668,1976,9954.56712636872,D,2,Wall,Y,1983.897234501713,360149
1669,1981,11515.614807959217,A,8,GasW,Y,1699.4960787508478,409363
1670,1999,11837.611512546853,B,4,GasA,Y,2025.0245207767134,413786
1671,2010,6918.8972329669605,B,9,Wall,N,1662.3291177512592,444154
1672,2000,11949.434097361976,D,7,GasW,Y,1571.4953174046082,403289
1673,1968,6138.151078428498,D,2,GasW,Y,636.9946906666167,299556
1674,1970,7489.484979505601,B,4,Grav,Y,1364.816651619415,373478
1675,1954,12793.454830166378,C,5,Wall,Y,1486.307839798128,380456
1676,1991,11466.969778209515,C,3,GasW,Y,2476.553599136287,402458
1677,2010,9625.175245804761,C,9,Grav,Y,1843.4783160493387,438988
1678,1971,3706.3417536849465,B,5,GasW,Y,2268.0305908547643,428495
1679,1970,4954.2085532518495,B,2,Wall,Y,1798.7688529473642,380486
1680,2019,11383.545219524924,B,3,GasA,Y,1144.3483865252604,363757
1681,1950,13660.70281742558,C,9,Wall,Y,1558.5621080749256,413970
1682,1954,4451.7724773962145,A,7,Wall,Y,1618.1118231321166,384533
1683,1961,5800.873762739162,D,2,GasW,Y,1030.4222151146591,317712
1684,1995,10670.925870888597,B,9,GasW,Y,1307.8063117035394,431042
1685,1983,10563.939313145467,B,4,Wall,Y,1397.116503161414,380793
1686,1998,1880.2139561947943,C,9,Grav,Y,2302.8099162825592,457169
1687,1994,10807.815067199945,C,2,Grav,Y,459.62973730451085,283770
1688,1976,7008.160948848907,A,10,Grav,N,2102.9092103580215,449143
1689,2022,18205.23314864479,B,4,GasW,Y,1031.6023825203085,365836
1690,1975,11245.99271367828,D,5,GasW,Y,813.960406365193,340249
1691,1996,12107.367249379515,B,2,Wall,Y,2089.971065019232,400171
1692,2005,12236.796510953054,B,10,GasA,Y,1865.9490346171906,463073
1693,2012,3930.3630967371782,D,1,GasW,Y,2127.259351190595,369592
1694,1997,19719.384465543015,A,7,Wall,Y,1900.3509737727884,414799
1695,2010,1885.443762744133,B,10,Wall,N,2529.922500868701,492561
1696,1975,13978.515708498711,B,1,GasA,Y,1779.3619184722427,355189
1697,1985,13093.319687403246,B,8,Grav,Y,1421.7613119384207,421743
1698,1950,7614.9881004352,B,3,Wall,Y,1671.4631886606712,379442
1699,1957,13332.251583566946,A,10,Wall,Y,2121.7345641729817,448695
1700,2001,8412.134005881311,B,6,Wall,Y,1110.3123373699416,377519
1701,1996,6622.692775721109,A,7,Grav,Y,1174.0557087343095,381451
1702,2005,12347.795846764637,C,10,Grav,Y,1345.5199927010462,416446
1703,1963,4967.19504456049,B,1,GasA,Y,447.7086006173338,301469
1704,1977,8878.724206212151,B,6,GasW,Y,1569.0392042087735,415472
1705,1951,7029.116256350213,D,7,Grav,N,556.9356480244869,332239
1706,1975,8320.102452135276,C,6,GasW,Y,1526.5296564663095,380328
1707,1963,12163.642995650922,A,4,GasW,Y,1932.6448780676249,381885
1708,2008,7028.168138268969,D,1,Grav,Y,1261.561769678082,331152
1709,2005,9038.380434638177,B,9,Wall,Y,2338.5579350934354,469245
1710,1956,7484.273740492093,B,4,GasA,N,769.7495502907561,353766
1711,1952,17219.98332787273,C,7,GasW,Y,2095.6303408159165,420660
1712,1972,11713.061991069451,C,7,Wall,Y,1837.5685282034603,408598
1713,1967,11100.348164833596,B,2,Grav,Y,641.9833758446555,317808
1714,1987,13417.09252311712,B,1,GasW,Y,2855.3971495202663,419288
1715,1964,7029.327116125567,C,8,GasW,N,1468.127357248017,405046
1716,2013,14296.286124999202,B,8,GasW,Y,1061.2579889221843,399020
1717,1977,11730.888729163707,D,7,Wall,Y,796.4564026079915,359249
1718,1988,2195.545486229673,B,8,Wall,Y,1389.990986170163,416378
1719,2006,2859.8458344961764,D,3,Wall,N,1436.2965638050202,348604
1720,1966,7138.514736079671,C,2,GasW,Y,1551.3227642698323,357096
1721,1993,3394.9675206741495,D,7,GasW,Y,1351.10192188802,388950
1722,1974,8808.607696502084,C,8,GasA,Y,1816.6126550575468,421296
1723,1966,4931.310042920681,C,1,GasA,Y,1306.1850836683768,327598
1724,1962,9511.384734645406,B,10,Wall,Y,532.5179413797645,385719
1725,1974,,B,9,Wall,Y,1425.3192521751794,437427
1726,2017,,B,4,Grav,Y,316.2611733133608,314968
1727,1959,8485.177725490357,D,4,Wall,Y,1676.8853154456947,365900
1728,2016,11941.21323892672,D,3,GasA,Y,1010.3498848586823,329822
1729,1967,6517.901035386983,B,6,GasA,Y,1581.6801774579003,408692
1730,1983,14217.071546979998,B,1,GasA,Y,2157.0374907623022,387245
1731,1957,12476.06476562056,B,6,GasW,Y,1025.625652366,376147
1732,1989,10194.32781024282,C,2,GasW,N,2030.6281292560589,370371
1733,1991,10771.579158167931,B,9,Wall,Y,1283.3052166569234,418375
1734,1990,20208.72955281426,C,2,Grav,Y,2376.5974010327927,380343
1735,1955,14711.56105133934,D,7,Grav,Y,1317.4236934008934,385003
1736,2001,20997.63315580667,B,1,Grav,Y,1079.7535072466544,337556
1737,1975,12660.15096646226,B,7,GasW,Y,1843.6192251976443,437603
1738,2013,2641.542786646559,B,5,GasA,Y,1282.105135188182,381455
1739,2008,8689.131485680795,B,8,GasA,Y,1079.2752429354957,408227
1740,2005,,B,4,GasW,N,1261.0800746481045,372135
1741,2008,12641.515173334592,A,10,Grav,Y,1477.6967339084993,430637
1742,2019,13727.02098672701,D,7,Grav,Y,2171.090065622427,435564
1743,1982,5570.4200202036045,B,6,Wall,Y,532.9561272702115,355903
1744,2002,6721.818101765734,B,5,Wall,Y,1511.5403294752102,394079
1745,1971,10743.754481176076,D,4,Grav,Y,1812.4517973270215,382527
1746,1970,4009.47968367891,C,7,GasW,Y,1596.7242874958981,400070
1747,2019,3634.201153787335,B,5,Grav,Y,2154.932584716767,426224
1748,2019,16193.160240205605,C,5,Wall,Y,1462.8273351207379,368402
1749,1953,10573.553090819842,B,1,Grav,N,1407.7242789070274,344243
1750,2011,7209.45321147022,C,2,GasW,Y,1796.1647735066717,368485
1751,2011,1539.405557213904,C,5,GasA,Y,1549.6569074756749,384315
1752,1973,14261.75678447236,C,3,GasW,Y,1304.7956308597645,336978
1753,2004,6577.408938915154,B,2,GasW,Y,1758.0720197931898,372464
1754,1958,19303.42222935269,D,4,Wall,Y,1173.7358533916774,350860
1755,1952,14296.550488467223,A,4,GasW,Y,1194.4114239903365,339242
1756,1980,5959.290727963655,B,4,GasW,N,1236.0029891171932,372346
1757,1989,6422.641514342641,B,4,Wall,N,2176.5345800832038,414646
1758,1985,18609.25581472166,A,3,Wall,Y,-110.50817799285664,281059
1759,1973,9578.702765827476,B,7,GasA,Y,1697.7994173814711,418337
1760,1955,7433.443858383152,D,9,Grav,Y,1517.1359071001111,417073
1761,2015,10138.60844238285,D,5,GasW,Y,659.5647703809399,335402
1762,1953,7410.436749731049,B,4,Wall,Y,1654.8633895680011,389304
1763,1955,11205.242385540825,B,2,GasA,Y,1737.875995915766,362542
1764,2000,9620.881892408685,B,2,Grav,Y,1794.8196156787,368726
1765,2011,14377.539902557543,B,5,Wall,Y,174.0859684775255,328701
1766,2006,8057.129483804368,A,7,Grav,Y,2183.1947059272193,430994
1767,2015,5575.918166551765,D,10,Grav,Y,1131.1316476575796,402430
1768,1957,8255.076516882073,B,10,GasW,Y,1843.283873376588,452420
1769,1975,8224.58050887977,B,9,GasW,N,1870.5368903411431,453834
1770,2000,9612.330924030033,A,7,Wall,Y,1061.6514571903535,375896
1771,1994,13172.701440286124,D,5,Grav,Y,1830.2299761757752,390222
1772,1993,12899.544837359603,C,10,Wall,Y,1307.253379543821,418563
1773,1954,15998.293379292842,D,10,Wall,Y,464.3114103309215,362744
1774,2019,5942.551611332378,C,10,Grav,Y,2083.8709627638896,454313
1775,1975,11943.600615255544,B,6,Wall,Y,1112.4775184918801,391363
1776,2017,13636.599235103573,B,3,Grav,Y,1072.7532686309728,355679
1777,1968,6628.89796844068,C,5,Grav,Y,1298.4670659816388,362354
1778,1969,8961.844735088105,B,8,Grav,Y,1636.118362663694,440235
1779,1961,1250.1106289060153,C,1,Grav,Y,1471.3647945889488,322671
1780,1996,,A,1,GasA,Y,1774.0334623535853,352283
1781,1950,8922.508988400654,A,7,Grav,Y,830.2553167356706,364832
1782,1963,14032.820883404998,C,5,GasW,N,1128.8068147846327,351116
1783,2013,11030.247589397566,C,5,GasW,Y,1442.001463839233,377698
1784,1987,,C,1,GasW,Y,2448.9436463293528,376237
1785,1986,,B,9,Grav,Y,1443.093730793121,427321
1786,1960,2925.2369464178,C,1,GasW,Y,2042.6111318308158,360055
1787,1952,-2965.7309217087113,B,5,GasA,N,1519.2775843921588,395156
1788,1982,7186.932585856719,A,10,Wall,Y,1258.1706812812158,416713
1789,1955,21391.24351590624,B,9,Grav,Y,1376.6377879427798,432180
1790,1999,3560.2630524100023,B,4,GasW,Y,1415.7901439855593,380352
1791,1959,-3157.1594170995304,B,8,GasA,Y,1801.8228694803693,441959
1792,1954,14813.344597927658,B,6,Wall,Y,2187.305633788277,433053
1793,1972,21818.589346483506,B,3,GasA,Y,1679.8404238431606,385702
1794,1959,11489.605326299014,A,4,GasW,Y,2093.5388393708777,391614
1795,1993,11443.661973599801,A,2,GasA,Y,1017.6051311851572,322408
1796,1951,8450.589631781244,B,1,Wall,Y,1292.6847455929847,341851
1797,1962,1028.7138474497006,A,8,GasW,Y,1137.8487328961667,375068
1798,1989,2746.440411282618,C,1,Wall,Y,1657.2222954374263,336140
1799,1951,8416.233353007408,B,1,GasA,Y,1320.5208074102932,341638
1800,2014,7457.723299851283,B,4,Grav,Y,1864.8864685170977,396207
1801,2012,,B,10,Grav,Y,1034.4991441837792,427081
1802,2022,14146.624119640795,C,10,Grav,Y,1521.5154866606408,432633
1803,1966,7090.810840414895,D,6,Grav,Y,1843.4289555061282,400407
1804,1958,14248.583782023055,C,9,Wall,Y,467.3486124796948,353561
1805,1964,7123.55145048615,C,1,Grav,Y,2560.8156536651018,391341
1806,1973,15191.197964328785,B,7,Wall,Y,1358.4240575600622,415407
1807,1987,10431.837835367118,C,10,GasW,N,487.4800431619135,373809
1808,1984,7820.8482953924395,C,5,Grav,Y,1579.046949288393,379905
1809,1998,10346.470302744448,B,8,Wall,Y,1516.7217339865754,426644
1810,2018,8532.305789212167,B,7,Grav,Y,1459.0528102137534,417404
1811,2011,10565.671188399858,B,4,Grav,Y,1995.5955564633332,410281
1812,2009,13790.530992587359,D,4,Grav,Y,1873.722485713528,384413
1813,1999,9563.92200792175,C,6,Wall,Y,1648.9380955119225,396875
1814,1958,8152.155735731094,C,6,GasA,Y,1725.077816973324,403782
1815,1983,4382.418975445854,B,9,Grav,Y,1447.8207752809567,423690
1816,1984,12895.890096458574,B,5,Grav,Y,2387.745424620024,437268
1817,1950,11741.361132013624,B,8,GasW,Y,760.4019908211167,377117
1818,1989,4090.2857453623956,B,5,GasA,Y,1569.8258371079482,405351
1819,2013,14177.471389603805,D,2,Wall,Y,1532.51231559439,344986
1820,1971,4009.0798369883214,C,6,GasW,Y,1906.6402030322965,395216
1821,2009,15146.108956169468,B,9,Grav,Y,1078.0730612875504,417994
1822,2013,13439.316635935089,D,3,GasW,Y,628.1636988017319,321429
1823,2021,12098.327612990348,B,1,GasW,Y,1578.4115080490965,364338
1824,1960,8115.024204164819,D,1,Grav,Y,1640.615246109302,339054
1825,1963,12878.898913332265,B,3,GasA,Y,2244.7997047238246,410585
1826,2009,15381.859976205902,B,10,GasA,Y,864.818976837457,421215
1827,1979,12961.759605540867,B,5,GasW,Y,2077.34688335836,417396
1828,1984,6648.749891368812,B,3,Grav,Y,2683.7071820135607,432026
1829,1986,11337.03491177732,B,9,Wall,Y,1311.1175562387614,421892
1830,1954,15660.17493147518,C,8,GasW,Y,854.528890253388,362287
1831,1975,20995.490902783517,D,3,Wall,Y,1296.5128168133144,340683
1832,2011,8973.935127504019,C,9,GasW,Y,1507.0024836856903,421988
1833,1953,14289.415530657152,B,6,GasW,Y,1781.8939375034574,417227
1834,1991,15672.402600421592,C,7,Grav,Y,1204.3026350809764,382536
1835,1967,5937.975005051181,B,4,Grav,Y,2277.599267073671,421312
1836,1989,18910.39159030741,A,4,Wall,Y,942.7338424959692,338653
1837,2021,4674.076579582771,C,2,Wall,Y,630.3974239135999,299616
1838,1988,14044.92757516488,C,5,GasA,Y,2053.3552121436587,399920
1839,1963,11526.59889773533,A,8,Grav,Y,362.6894843969003,345394
1840,1981,10277.8777999908,A,7,GasW,Y,1397.9351155636418,389384
1841,2000,22734.166407243218,D,7,GasW,Y,3058.8405646040237,474542
1842,1987,8493.723823365994,A,6,GasA,Y,1493.9782235200344,382707
1843,1972,8413.272036356957,B,3,Grav,Y,939.6161746518752,342293
1844,2012,16657.394036988975,C,5,GasW,Y,1471.3012681066032,390553
1845,1964,13809.018890433916,B,1,GasA,Y,1474.5996056902331,354663
1846,1974,16410.494604792773,B,7,GasA,Y,1580.3249701765583,418481
1847,1966,10584.346911705567,B,9,GasW,Y,1831.1314910798098,446990
1848,2015,11584.713085060816,C,1,GasW,Y,980.4444158161303,308266
1849,2002,19504.67806497287,C,2,Wall,Y,2343.7740276183968,386734
1850,2000,5820.229602096519,C,3,Grav,Y,1622.557142186309,362592
1851,1988,9485.614779541698,D,3,Wall,Y,1863.397023200902,362567
1852,2000,13991.270357127225,C,8,GasA,Y,1185.9253001221787,381449
1853,2019,9020.695899560811,B,7,GasW,Y,2143.1910684977665,445875
1854,1955,7149.270603584822,B,6,Wall,Y,1371.4737955934677,395109
1855,2016,13092.42256393261,C,10,GasA,N,1638.7762567467657,432342
1856,1956,16679.02833245747,C,10,Grav,Y,1033.4469614064453,404662
1857,2000,9295.828185970715,C,4,GasW,Y,1001.5341867989366,332664
1858,2021,9157.051895946255,C,9,Wall,Y,1844.1026532264414,430548
1859,1991,6761.5598715828455,A,1,Grav,Y,1278.196584896307,330610
1860,2013,8520.115782971328,B,2,Wall,Y,1073.0884562478113,345610
1861,1964,15418.030399150928,B,4,GasA,Y,1178.4083289864848,369744
1862,1978,10405.314353468284,B,3,Grav,N,1849.4765358587106,400530
1863,1982,5975.046695348559,A,1,Wall,Y,1185.4810693981944,314005
1864,1976,11311.811901618314,C,5,Grav,Y,1441.172534198918,369162
1865,1985,15255.970054930203,C,7,GasA,Y,1507.5138751435486,392513
1866,1978,7190.5716822628565,B,2,Grav,Y,541.3255569948506,305093
1867,1987,3356.973902022183,B,5,Wall,Y,764.436797313241,355369
1868,2006,20954.12579936376,B,6,GasA,Y,1668.1389446237813,418412
1869,1976,,B,7,GasW,Y,1131.4853194236514,396877
1870,2004,8204.88718072107,C,1,Wall,Y,2028.3624556402092,364913
1871,1982,11160.642559293348,C,7,Wall,Y,1983.4035521252722,415492
1872,2017,8637.861493778544,C,4,GasA,Y,1859.5843331777187,381398
1873,2015,9625.445776724906,C,8,GasA,Y,2409.885893656299,458340
1874,1959,12884.190839372968,C,4,GasW,Y,1458.4553361284084,356336
1875,1954,-1958.608288563968,A,6,Wall,Y,1824.4409629519196,398092
1876,1987,3665.5276423807436,B,9,GasA,Y,1207.7995117019846,419906
1877,1962,10221.296930351646,A,5,GasW,Y,2726.184956434362,439817
1878,1980,7978.91494013195,D,4,GasW,Y,2491.8168262180097,417447
1879,1996,10647.056291377989,B,8,GasA,Y,1505.940217258896,418420
1880,2001,11138.266413156522,B,9,Wall,Y,1693.2931149525962,438826
1881,2005,-579.5999773549611,D,4,Grav,Y,2179.648799682403,402376
1882,1964,16368.201660758232,D,3,Grav,Y,1426.4302475929464,347399
1883,1978,7508.660584498251,C,8,GasW,Y,1171.6879646001476,384108
1884,1957,5672.434076119967,A,5,Grav,Y,1936.994875503441,397627
1885,1954,11041.776479796396,A,2,Grav,Y,1539.2196230418351,343298
1886,1978,10535.801138911216,B,10,GasA,Y,1591.4972248226302,447637
1887,1996,15983.454088273189,B,9,GasW,N,1082.8643284660172,417642
1888,2017,11359.365813850085,A,3,Wall,Y,641.1639258183019,311882
1889,1994,15790.554240121503,B,2,GasW,Y,1618.0712049395506,378146
1890,1951,5309.113122861472,D,1,GasA,Y,1952.4810207470998,348783
1891,1976,10709.305276037496,B,8,Grav,Y,1387.096625461979,420239
1892,1985,4426.261463375554,C,3,Wall,Y,2218.2147597794333,396579
1893,1985,10488.379277801398,C,7,GasW,Y,1148.0418372922277,369015
1894,1975,9428.560221990572,B,1,Grav,Y,972.64777251704,324415
1895,1992,9213.512873995485,C,1,GasW,Y,1466.3848464019343,338230
1896,1976,9257.362238191836,B,9,Wall,Y,1458.7037123243547,436321
1897,2018,13681.947350922987,B,8,GasW,Y,1884.9843656676112,445191
1898,1969,1963.2017149871017,C,3,GasW,Y,1112.5185879680075,328852
1899,1960,5501.060686079138,B,6,GasW,Y,2184.047118407449,439982
1900,1987,9797.140866274123,D,3,Grav,Y,2483.458481254127,408790
1901,1955,4106.684552643751,B,4,Wall,Y,1480.4279865158292,373698
1902,2021,10230.57053100522,C,1,Wall,Y,2124.8552100921593,362323
1903,1972,9745.737393794627,B,5,Grav,Y,971.75146468737,366913
1904,1996,2981.216774737084,B,1,Grav,Y,2037.610770590958,384627
1905,1995,2734.1742687286123,A,1,Grav,N,2023.6382042797313,359186
1906,1961,-3118.9411777463283,C,10,GasA,Y,1931.7186400949392,446082
1907,1962,3896.6497515904357,D,7,GasW,Y,1492.218455564853,387260
1908,2011,10071.616291053,D,6,GasW,Y,22.87552937898431,301670
1909,2009,10780.939114704388,B,2,Wall,N,1179.1364281739352,347737
1910,1992,11009.497798142254,C,2,GasW,Y,1187.041991157699,328868
1911,2017,6110.405936663095,C,7,GasA,N,1010.8725309697613,370864
1912,1954,9908.482579892552,C,1,Grav,Y,1561.1215022735332,327663
1913,1986,11986.223046207264,B,2,Wall,Y,1290.5182772393828,344047
1914,2021,3659.822252494235,C,8,Wall,Y,1087.693995117489,383914
1915,1980,10616.6453719527,D,6,GasW,Y,970.5999258760901,361018
1916,1958,13282.406059175457,B,2,Wall,Y,1142.2435072573858,349193
1917,2000,7546.139350885596,D,7,Grav,Y,2060.7496059249643,428976
1918,1978,15311.171651748014,C,4,Wall,Y,1169.4874726862529,342194
1919,1989,7662.82828087515,B,2,Grav,Y,1242.5306467833639,345258
1920,1990,5699.695724384625,A,6,GasA,Y,1271.6511924883769,375065
1921,1960,12784.205892764601,B,9,GasA,Y,1669.4967569047099,442650
1922,1972,20166.468847332282,C,9,Grav,Y,1728.1247442642664,425607
1923,1950,10426.768094439045,D,8,GasW,Y,-22.328269621581057,313813
1924,1995,13174.5390205686,B,3,Wall,Y,2010.817606913804,395706
1925,1970,7456.41389451078,D,3,GasW,Y,2218.184017121877,387760
1926,1985,3791.9189010198616,D,2,Wall,Y,974.9067313191653,319681
1927,2003,10831.328229503668,B,5,GasA,Y,1013.8508776325826,374829
1928,2006,11621.999858939556,D,4,GasA,Y,1274.8733061108642,355064
1929,1950,8210.444548094189,D,7,GasA,Y,1121.9979902716977,372753
1930,2012,13155.28259010753,C,4,Wall,Y,1611.9634369733033,372222
1931,2003,6729.599950928399,C,9,GasA,Y,526.7373568205679,370064
1932,2004,5489.56867074129,D,2,GasA,Y,941.0361959816302,319016
1933,1989,15303.214652430826,C,6,GasA,Y,2269.5986000874536,422708
1934,1964,15326.738132708153,B,7,GasA,Y,1035.8900163259912,386852
1935,1970,6828.284470821607,D,4,GasW,Y,2121.7141390514626,393492
1936,1996,18594.25245202411,C,6,GasA,Y,1677.6690977950684,395906
1937,2022,8564.466537348753,C,7,GasA,Y,595.366142705871,353305
1938,2002,10423.914323219793,B,4,GasW,Y,1817.6645976081031,402987
1939,1958,9576.737290757861,C,8,GasW,Y,1441.1663489035734,404571
1940,2001,12618.8010872284,A,9,Wall,Y,1272.2664718751298,405039
1941,2006,11357.107469004712,D,1,Grav,Y,1622.478546586002,338478
1942,1975,,B,7,GasA,Y,1737.316742783396,428783
1943,1990,4902.1918414005695,B,9,GasA,N,1853.7959109873098,444858
1944,1984,1557.1884160515783,B,10,GasA,Y,2089.126423774001,467449
1945,2012,15710.80014126431,A,5,Wall,Y,1704.067956389178,388082
1946,1974,7272.770005301282,C,2,GasA,Y,812.1829556068191,310591
1947,1987,9754.83313283261,D,10,Grav,Y,1263.1772711744045,405633
1948,1951,11633.994549448904,D,6,GasW,Y,2971.5241676343107,451762
1949,1956,18145.04801674634,B,7,Wall,Y,1862.2455301908637,425681
1950,1983,10806.78962321254,B,2,GasW,N,2684.6436504057483,420098
1951,1966,8026.0121853795135,D,2,GasA,Y,2197.7170410995927,381203
1952,1992,7382.278093565714,D,10,GasA,Y,1620.9010357778743,433777
1953,2008,9813.215793790307,B,10,GasA,Y,1650.7035348905588,453239
1954,2000,5453.176151796936,B,1,Grav,Y,1481.7099800615772,351355
1955,2003,10144.37861574505,B,4,Grav,Y,631.0976920767503,335106
1956,1973,,D,7,Wall,Y,1509.023626234112,399852
1957,1974,18207.634743220755,C,9,GasW,Y,2105.3372762710987,445627
1958,2020,9581.994307045396,B,3,GasA,Y,1200.180002589398,358475
1959,2001,377.5591947557514,B,7,GasA,Y,1705.9764995309047,428996
1960,2019,23367.554851982393,D,7,GasA,Y,1925.7955229465988,417838
1961,1982,14784.168655780486,A,7,GasA,Y,1045.1597803437623,369022
1962,1998,20411.743720477923,B,2,Grav,Y,1274.3485678281677,355693
1963,1978,4213.400065077578,C,6,GasW,Y,991.0442547614205,353644
1964,2012,8890.86609371854,B,2,GasW,Y,1088.9171966552965,343927
1965,1971,13372.006207471597,A,6,Wall,Y,856.1973581734694,350517
1966,1975,12681.956861422295,D,10,Grav,N,1049.7757693109866,397491
1967,1977,11534.68853679776,D,3,GasA,Y,2209.7278403989194,391531
1968,1998,-998.0535925027707,D,2,GasW,Y,1042.2614854548538,331258
1969,2020,1437.8027121784307,D,6,GasW,Y,1563.229609530345,386389
1970,1998,17587.600545319357,C,2,Grav,Y,1248.565623164522,323902
1971,1969,18476.64766434845,D,5,Wall,Y,2089.4329685184694,391362
1972,2012,9466.743542818022,B,2,Wall,Y,2155.5811483018083,398226
1973,2010,16952.13737203191,C,3,GasA,Y,1932.0349910694736,374285
1974,1998,4883.86116928351,D,3,Wall,Y,1653.0672765513777,363492
1975,2020,6027.869732656596,B,6,GasW,Y,1384.4702315795507,401886
1976,1950,4488.598390684253,B,6,Wall,Y,904.0626479043751,362187
1977,1962,5750.402271556769,B,10,GasA,Y,2471.7644405610986,480713
1978,2000,13613.480047613097,B,3,GasW,N,1120.1634911237234,357487
1979,2005,5688.238134682778,A,3,Wall,Y,1831.8231735164206,372768
1980,2011,21198.715199639322,D,1,Wall,Y,2029.7827863116986,360460
1981,1981,12300.35303173719,D,7,Grav,Y,1222.3597515473352,370932
1982,1979,15422.63523247544,B,8,GasA,Y,2019.006263657981,451207
1983,1978,12449.702914000365,A,2,Wall,Y,1882.1066016694276,368264
1984,1998,16071.348252296395,A,4,Grav,Y,2363.9819176908827,409389
1985,1994,5660.0000023072635,D,10,GasW,Y,1265.3267667866444,408428
1986,1979,,B,7,Grav,Y,857.0679913601425,380976
1987,1965,10704.694427957184,B,8,Grav,Y,1247.2551222777445,402032
1988,1989,,B,1,Wall,Y,1604.4267712671658,364411
1989,1968,,B,4,Wall,Y,1529.1063635425282,383664
1990,1967,10902.916033041814,B,6,Wall,Y,1303.2810518627248,383023
1991,1950,10726.193583908325,D,3,Grav,Y,545.4012705113786,300766
1992,1996,6903.817675102792,C,5,GasW,Y,1735.2414980645533,388678
1993,2015,11565.59414873632,C,10,GasA,Y,2486.1722395410998,474143
1994,1987,17698.034240007575,B,9,Grav,Y,1732.1256190615018,443926
1995,2000,6519.238205184394,C,3,Wall,N,1804.5677595267568,364106
1996,2012,,C,5,GasA,Y,1786.2226530775508,393343
1997,1953,4362.884719267459,B,8,GasW,Y,1698.5233349412,426983
1998,1950,20547.222973212294,C,6,GasA,N,1965.8329834340475,392509
1999,1957,13923.001592183542,B,4,Wall,Y,1697.686840592833,388728
2000,1978,18625.58666129286,D,8,Grav,Y,1343.661415173362,399888
2001,2004,13360.302595468836,B,3,Grav,Y,1102.005544995623,353565
2002,1952,11953.065888646808,D,3,Wall,Y,1375.5131723596623,352665
2003,1981,13964.66470242959,A,4,Grav,N,1657.064748225333,373098
2004,1959,9317.762683229143,C,9,Wall,Y,1341.9585194385133,404691
2005,1983,1910.8304722083903,C,5,Grav,Y,1657.1693415657153,380516
2006,2004,12236.996732333962,C,8,Grav,Y,1719.5750668502087,416037
2007,1981,6222.483327001226,B,6,Grav,Y,1916.589715635091,422612
2008,1999,4491.6904231029885,B,3,GasW,Y,2141.39748441949,405458
2009,1956,13181.46584219305,C,8,GasW,Y,1539.0037092394286,405204
2010,1957,8604.45762550153,B,9,Wall,Y,846.1117174261697,393326
2011,2014,15138.522033028448,B,8,GasW,Y,1327.447951590405,412392
2012,2006,6055.2961562046485,C,4,Wall,N,1522.0312837032998,361085
2013,2016,7645.855117430868,C,6,GasA,Y,582.1156219114549,350934
2014,2008,15751.480131506967,B,1,GasA,Y,2194.332260051241,393168
2015,2021,11399.213304988043,B,4,GasW,Y,1571.188956255233,392181
2016,2003,2613.3597954693014,B,8,GasA,Y,1690.6764172901424,429546
2017,2016,11288.804414300555,C,1,GasA,Y,2182.763231263133,373854
2018,2000,17406.19274294402,C,3,Grav,N,1184.9285849288267,338663
2019,1957,7607.112776892665,D,1,Grav,Y,1787.020965442015,346121
2020,1983,12990.288482264545,D,9,Wall,Y,1445.0679384490322,405670
2021,1984,5753.065424220475,B,2,GasA,Y,1407.9565664920403,359599
2022,1981,9316.083625152854,A,9,Wall,Y,1113.9038060978105,391676
2023,1995,15449.177682252168,A,4,Wall,Y,2332.8016068432635,402312
2024,1965,11096.158338774867,B,2,GasA,Y,1312.2499799622146,355783
2025,2017,16446.349313578183,D,4,GasW,Y,1849.732123447851,376498
2026,1986,12126.512021139308,C,10,GasA,Y,562.4963062640318,379548
2027,2003,21093.69838600421,B,6,Grav,Y,2089.994264844893,438222
2028,1963,2175.433153903653,B,7,GasA,N,2026.1055779785293,433207
2029,2004,8914.033249695176,C,3,GasW,Y,1548.7170551486515,353734
2030,1997,4577.331033539744,C,3,Wall,Y,1386.5287669310378,347911
2031,1956,4918.754127708753,B,10,Wall,Y,1700.0000028067832,452010
2032,1956,4964.081530969802,D,8,Grav,Y,2644.395330440145,457055
2033,1982,10838.6291102561,C,5,Grav,N,618.3816505482574,331286
2034,1972,11131.504674109336,B,4,Grav,Y,1891.0136937870639,410565
2035,1968,12137.279624975581,D,7,Wall,Y,1044.1913489230487,366470
2036,1968,4384.697199277241,A,7,Grav,Y,1490.0408018501344,382726
2037,1985,8378.875905008548,D,9,GasA,Y,1376.0599404606685,411432
2038,1978,5178.526801218159,D,9,Wall,Y,1285.840871101122,410508
2039,2009,14679.407781358579,C,5,GasW,Y,1494.7674354736353,377602
2040,1951,5648.662249095132,C,8,Wall,Y,932.9144273611048,366306
2041,1950,8931.439240020592,B,10,GasA,Y,2014.5902180639837,465110
2042,1996,12801.532206615528,D,1,GasA,Y,602.9282444006998,284153
2043,2018,6921.856627512176,C,9,Grav,Y,1769.882256414171,433508
2044,1969,13469.39222490327,C,8,Wall,Y,1336.7320737327145,386980
2045,1960,17980.398677665744,D,6,Wall,Y,914.5375530962732,350226
2046,1951,10948.558643627626,D,3,Wall,Y,1601.1916852993477,350137
2047,2016,14508.054572842037,D,3,GasW,Y,721.524456646761,318310
2048,1961,,B,8,Grav,Y,1519.8569108598174,420261
2049,1969,7854.7403657607465,D,5,GasA,Y,788.5615460942228,337211
2050,1954,10924.504084644885,C,10,GasA,Y,1730.6360421589156,432043
2051,1986,4735.174607998466,D,7,Grav,Y,1037.8213331848124,365557
2052,1987,11038.24667702046,C,5,GasA,Y,1274.5029914853453,365559
2053,1958,15299.702780295753,B,8,GasA,Y,1646.974693971581,427904
2054,2002,602.1968599498905,B,10,Grav,Y,1113.728944078882,420943
2055,1993,4054.6356709807633,C,10,GasA,Y,1471.0180001658487,434055
2056,1973,10924.066353820926,C,4,Wall,Y,743.0847493775732,326836
2057,1979,12302.098647200239,B,2,GasW,Y,1815.4378017980778,377905
2058,2008,13690.401874548254,C,3,Grav,Y,2382.456902775386,406998
2059,1963,10554.44739443884,B,8,GasW,Y,2896.104433954981,500314
2060,1958,12307.562025079045,D,7,GasA,Y,1545.5840733332195,392352
2061,1989,14517.403542703405,B,2,GasA,Y,1894.1020703985932,385342
2062,2015,7927.709491148369,A,6,Wall,Y,609.6871635462554,337044
2063,1974,6957.069569967895,B,9,Grav,Y,2251.367163152794,469232
2064,2022,9157.466845325658,A,4,GasA,Y,1888.114252362053,385610
2065,1971,10997.439711387065,B,9,Grav,Y,1258.0332775243835,420925
2066,1953,6708.632783993409,B,2,Grav,Y,2118.5904001445047,392893
2067,1975,8031.2134176339405,B,2,Grav,Y,1372.7619616773293,358937
2068,2007,11988.508852536479,D,9,Grav,Y,1270.9874084927217,405437
2069,1978,10788.753905148576,D,7,Grav,Y,1737.6674627137456,398629
2070,1986,9073.314385921209,B,7,GasW,Y,968.3227500848407,382323
2071,2019,,D,1,Wall,Y,2010.812382199974,359708
2072,1967,9982.4600399573,A,6,Grav,Y,972.0050940365783,353889
2073,1991,5149.980162454786,C,7,GasW,Y,974.9726050884069,373102
2074,1990,14915.4135260295,C,6,GasA,Y,1045.1551057958327,355443
2075,1987,8456.394233607462,B,6,Grav,Y,1879.750018758061,420900
2076,1983,5018.839718887399,B,2,GasA,Y,1191.6123192401462,352645
2077,1966,9692.283630599757,B,6,Grav,N,826.0021078164156,366400
2078,1986,16353.497925460957,B,4,GasW,Y,1197.160000032101,370760
2079,1974,13154.079245723095,C,9,GasW,Y,1483.9788146597566,410901
2080,1976,11099.58575302967,B,1,GasW,N,909.5137581678072,324359
2081,2006,3369.5247047657185,B,8,Wall,Y,924.1594454828282,395665
2082,1980,18108.000498831607,B,5,GasA,Y,2555.6481670497924,449117
2083,1955,6891.864129820486,B,1,Wall,Y,1069.7172980930566,321260
2084,1989,14668.919564361715,C,4,Grav,Y,1338.4788156134966,354007
2085,1961,,B,1,GasA,Y,1316.381499600357,343401
2086,2002,14187.539362416195,D,6,GasW,Y,1289.3215961147791,377334
2087,2020,16534.370479376368,B,2,GasA,Y,1810.673369984551,389998
2088,1959,13240.686349537667,B,5,GasW,Y,1974.0714752360248,412648
2089,1994,13779.274798799697,C,7,Wall,Y,1347.022784234204,394148
2090,1966,9507.805069221838,A,2,Wall,Y,881.7608567038255,307392
2091,1975,7830.1692896359455,C,6,GasW,Y,2137.2201139244517,421004
2092,2011,10691.493448929052,C,6,GasW,Y,1452.3294544016587,387803
2093,1995,8300.427471153915,B,5,Grav,Y,2365.1609074285843,433190
2094,2013,22336.01855406246,A,5,Wall,N,377.20705121741867,321695
2095,1951,5038.208567547432,B,3,Wall,Y,1597.7016106416602,374728
2096,2003,15010.426082952046,A,10,Grav,Y,2459.303166938104,476393
2097,2014,12585.984172695067,B,10,Wall,Y,1323.367932280921,436452
2098,2000,11149.36104061969,B,2,GasW,Y,1387.253288332682,357826
2099,2002,17399.4304995692,B,7,GasA,Y,1647.7558457951693,429433
2100,1985,11491.887263005896,C,1,GasA,N,1220.6020905575213,319036
2101,1975,6825.465401287924,C,6,Wall,Y,1343.9640339736336,378830
2102,1978,11458.65188626704,C,6,Grav,Y,1331.0924529042984,373227
2103,1970,9084.108655473858,B,3,GasW,Y,1186.2896327868134,364647
2104,1960,12516.423344083243,B,2,GasA,Y,2114.4282751002797,388329
2105,1989,14065.368158147492,D,2,GasW,Y,1730.5390161482176,352356
2106,1960,5704.560288179652,C,9,Wall,Y,1625.3141160516511,424888
2107,1985,15976.680590014079,D,5,Wall,Y,1904.2855034450583,391489
2108,2008,8725.500775657705,B,7,GasA,Y,1367.8220833982666,417196
2109,1988,12218.069613410893,C,5,Wall,Y,1112.8980908235499,358904
2110,2003,13085.150851603481,C,7,Grav,Y,1198.6878476927213,379461
2111,2004,11836.943453153151,B,4,Wall,Y,1500.8915205523044,376378
2112,1973,9454.457411737154,B,8,Wall,Y,970.394145813549,395723
2113,1971,7557.01209003668,C,10,Wall,Y,1249.8694917066623,410101
2114,2018,8655.027463483293,B,10,GasW,Y,1241.9416790642827,439733
2115,2005,17825.859662644387,B,7,GasW,N,2562.2781149145067,476556
2116,1982,5670.667814354704,C,10,GasA,Y,113.09253003304161,350429
2117,1985,6403.783310185169,D,5,GasA,N,1410.1901392971834,373015
2118,1969,6184.255884281429,B,6,GasA,Y,2362.8468964073854,448869
2119,2011,10678.769399588326,B,5,Wall,N,1560.922232066227,404513
2120,2022,2376.4727500609706,B,7,GasW,Y,1876.7087367105464,438528
2121,1975,3232.2007193280333,C,2,Grav,N,1549.9131575498839,335283
2122,2015,8695.22583520371,B,5,Wall,Y,1166.33330939176,379039
2123,2022,3561.1227735088114,D,10,Wall,Y,379.04203274554357,365373
2124,2022,3968.6434535859917,B,3,Wall,N,1602.7278435181515,381323
2125,1989,3598.657953185304,B,9,Grav,Y,1112.1966976988044,419409
2126,1966,5766.941454333356,C,6,GasA,Y,1099.8322969173482,363117
2127,1950,13656.232533352031,D,10,Grav,Y,1250.506372010444,413265
2128,2010,14778.539780605413,B,3,GasA,N,2372.4307033117466,421330
2129,1992,19595.00446609303,B,7,Grav,Y,2702.4187711269865,467829
2130,1991,19411.809292567392,D,4,GasW,Y,1608.6039687642005,356925
2131,1974,,A,3,Wall,Y,1267.616388044136,341524
2132,1988,15138.388374005159,D,8,Wall,Y,911.3867912743948,373299
2133,1984,10655.510453429592,B,4,Wall,Y,1734.2700807730346,390228
2134,1952,12599.324260061345,C,1,GasA,Y,2391.4528000325718,366269
2135,1993,19718.01524091585,C,6,Grav,Y,1376.3298064874216,374442
2136,2000,11856.064340284152,B,10,GasW,N,310.5019796233878,384552
2137,1961,15766.192892726198,D,1,Grav,Y,1835.0248359077618,351180
2138,1968,5328.241957107444,A,5,Wall,Y,1992.6998557250247,397378
2139,1993,6668.806378708863,B,7,GasW,Y,707.0771798070763,382694
2140,2008,11560.347988974838,C,6,GasW,Y,1588.2420918314765,385034
2141,1998,10749.658350316955,B,2,Wall,Y,1725.6130080680493,380485
2142,2010,6900.329062975519,C,4,Grav,Y,1463.4463489955308,364408
2143,1966,22036.887919656096,A,2,Wall,Y,1104.614540457323,325304
2144,2006,10862.97051957433,B,1,Grav,Y,2007.9686117817782,378815
2145,2004,7786.374739076691,B,3,GasW,Y,1298.3101270156587,370673
2146,1996,10758.09413680315,B,3,GasW,Y,757.406918650034,338946
2147,1961,10127.133513058174,B,7,Wall,Y,475.2627571651594,356465
2148,2011,10939.012739455442,C,1,GasW,Y,2130.4247599996547,367561
2149,1957,2031.4149232448353,D,9,GasA,Y,1808.331988235559,424918
2150,1970,16459.73348283433,D,6,GasW,Y,1543.9867735645844,386645
2151,2019,16744.14710219575,B,4,GasA,Y,1279.8626815745984,369994
2152,2021,17351.60386018243,B,3,GasW,Y,1235.5007928984364,363728
2153,1974,11627.158792681488,B,3,Wall,Y,962.1316757791943,347483
2154,1961,13312.405300822578,B,2,Wall,Y,1284.2721777200577,350478
2155,1964,5668.865259963751,C,2,GasA,Y,439.95639243991286,295132
2156,2008,14164.49664298695,A,10,Wall,Y,1131.968173265743,411268
2157,1975,11258.938534469695,B,5,GasW,Y,1344.531241824453,384689
2158,1975,7697.966921803789,D,9,GasW,Y,1804.9400235952094,428830
2159,1996,14323.723458204202,B,2,Wall,Y,1480.0367683133181,365080
2160,1981,14517.245180455502,B,2,GasW,Y,1897.4615569377795,384989
2161,1959,10303.044178374665,A,6,Grav,Y,2174.567552556715,405500
2162,1965,12191.912900642015,B,10,Grav,Y,2029.085046912051,466446
2163,2020,4841.414940332197,D,2,GasW,Y,1735.2549236892785,351340
2164,1966,16215.91718607179,B,4,Wall,Y,1505.931339590392,388287
2165,1972,5505.934059825491,B,6,GasA,Y,1009.6059957932205,377376
2166,1975,6472.871759604121,A,5,Wall,Y,1869.972025689658,390031
2167,1956,10311.578227152684,B,1,GasA,Y,2339.8736911107644,397077
2168,1963,15572.581421092298,A,6,Wall,Y,1671.053019825209,391964
2169,1956,15569.743166078304,D,1,GasW,Y,2458.6295742130615,372888
2170,1958,9975.876890474348,D,3,Grav,Y,737.2141459694581,312306
2171,1997,13865.066811269056,C,10,Wall,Y,922.9183076102292,394170
2172,2021,,B,5,GasA,Y,1927.6007538741312,409757
2173,2008,6403.400049352236,D,10,Grav,Y,1632.1451050766254,428955
2174,1988,6505.2478026819945,C,5,GasA,Y,2156.8910882859036,405726
2175,1967,16261.064548799088,B,10,GasW,Y,1492.2641796366302,440738
2176,2008,13273.27081454004,C,6,Grav,Y,1066.012288735834,356689
2177,1966,10923.263879523003,A,10,GasA,Y,1393.2033788974788,422018
2178,1963,11408.67531914687,B,8,Wall,Y,733.658014538133,382472
2179,1980,17841.69638015062,C,5,GasW,Y,935.7046634514827,344972
2180,1973,9149.101667467243,B,1,GasW,Y,1986.221998959005,378614
2181,2009,,C,5,GasW,Y,1936.3937072348049,393779
2182,1994,15435.975921976522,B,3,Wall,Y,1681.5021424030385,385756
2183,1952,10909.195186025303,D,4,Wall,Y,639.4612395197653,315337
2184,1986,14768.358390828904,D,8,Grav,N,1320.7982122435558,390156
2185,1992,9776.175963067462,D,7,Wall,Y,887.5000556699747,366442
2186,1989,5806.552381480534,B,5,Grav,Y,2088.266626893883,430771
2187,2004,12014.108605414884,B,2,GasW,N,1208.1389332186993,354431
2188,1988,10050.875353707152,B,6,Grav,Y,957.1261446092253,381271
2189,1964,10924.711414372046,A,6,GasA,Y,1514.8980825607123,379541
2190,1953,18082.85247058708,A,10,GasW,Y,1179.9227715826942,396308
2191,1974,4506.487613076498,C,10,GasW,Y,2241.8719551018535,466944
2192,1962,11429.593302379912,C,6,Grav,Y,1132.5945512329045,373102
2193,1982,5905.016549206615,D,9,GasW,Y,800.3858703876843,385933
2194,1965,-2952.7298656002895,B,8,Wall,Y,423.5432421212422,365998
2195,1991,9755.174054888881,B,8,GasA,Y,1484.6067487932924,417557
2196,2015,10155.114684999035,B,1,Grav,N,1219.0349430710369,337123
2197,2004,13117.610514753793,D,5,Grav,Y,785.5476967441366,331258
2198,1991,8912.296257080281,C,7,GasW,Y,2094.6132306278923,423293
2199,1983,2554.9982243801405,D,6,Wall,Y,1833.622573714621,408009
