ID,Age,Gender,GPA,Major,Toeic,Internship,JoinDate,Placement,Salary
1000,30,F,4.311077726877132,Biz,820,0,2023-01-01,1,5633
1001,32,M,3.2351796578145184,Art,932,0,2023-01-02,1,5936
1002,22,M,2.7627285119383345,Biz,818,0,2023-01-03,0,4878
1003,22,M,3.4872988277619257,Biz,832,1,2023-01-04,1,5739
1004,33,M,3.8402404692720173,Art,928,0,2023-01-05,1,6182
1005,26,M,3.473291695217491,Art,990,1,2023-01-06,1,5954
1006,29,F,3.7401846341739664,CS,652,1,2023-01-07,1,5234
1007,31,M,3.3267943627254604,Eng,692,0,2023-01-08,0,4336
1008,23,F,3.0814761139901754,CS,738,0,2023-01-09,0,4162
1009,34,M,3.7910283175353157,Biz,685,1,2023-01-10,1,5450
1010,25,F,3.4229566894678918,Art,989,1,2023-01-11,1,6315
1011,32,M,3.9212928270581098,Biz,691,1,2023-01-12,0,4604
1012,24,F,3.2181145882511744,CS,920,1,2023-01-13,1,5663
1013,22,M,3.9794874175527863,Biz,791,0,2023-01-14,1,5416
1014,27,M,2.558950913813166,CS,805,0,2023-01-15,0,4713
1015,34,F,,Eng,784,0,2023-01-16,1,5883
1016,23,M,3.474380236777586,CS,597,1,2023-01-17,0,4159
1017,29,F,2.5832641216268106,Eng,734,0,2023-01-18,0,4693
1018,32,M,3.7550914277656666,Eng,681,1,2023-01-19,1,5535
1019,33,M,3.3453658569112976,Biz,762,1,2023-01-20,1,5583
1020,34,M,3.383468722191247,Biz,738,1,2023-01-21,1,5445
1021,33,F,3.9399371773919256,CS,804,0,2023-01-22,1,5036
1022,29,F,3.2392206642278225,Biz,823,0,2023-01-23,0,4756
1023,28,M,3.3087138766452417,Eng,903,1,2023-01-24,1,6225
1024,24,F,3.7842122052134455,Biz,794,0,2023-01-25,1,5614
1025,29,F,3.5715325047872395,Eng,897,0,2023-01-26,1,5822
1026,31,F,3.017053015115432,CS,854,0,2023-01-27,1,6188
1027,28,F,3.09861409396266,Art,691,0,2023-01-28,0,4399
1028,32,M,2.6554385663540074,CS,736,1,2023-01-29,0,4887
1029,26,F,2.3723861417953565,Biz,686,0,2023-01-30,0,4407
1030,32,F,3.5897983307921457,Biz,827,0,2023-01-31,0,4895
1031,23,M,3.351714544559586,Biz,682,0,2023-02-01,0,4449
1032,28,M,3.309531513097151,Art,713,0,2023-02-02,0,4093
1033,33,F,4.436181089461135,Biz,861,1,2023-02-03,1,5593
1034,28,M,3.8000380904418156,Art,663,0,2023-02-04,0,4435
1035,29,F,3.5189719558058994,Eng,747,0,2023-02-05,0,4687
1036,27,F,4.145159397346534,Biz,839,0,2023-02-06,0,4695
1037,25,M,3.4280147515397847,Biz,772,0,2023-02-07,1,5715
1038,28,M,3.748877366602726,Biz,852,0,2023-02-08,1,5840
1039,26,M,3.9296683966484816,Eng,947,0,2023-02-09,1,6006
1040,31,M,3.386429491131168,Biz,709,1,2023-02-10,0,4522
1041,28,F,3.5339064885920055,Art,630,0,2023-02-11,0,4157
1042,28,M,3.559040492206386,Eng,686,0,2023-02-12,0,4361
1043,26,M,3.88569754162321,CS,984,0,2023-02-13,1,6050
1044,30,F,2.678124945805578,Biz,815,0,2023-02-14,0,4657
1045,24,M,3.363659908158141,CS,723,1,2023-02-15,1,5295
1046,23,M,3.7275019428231784,CS,990,1,2023-02-16,1,6097
1047,32,F,3.311598358819648,Eng,912,0,2023-02-17,1,6130
1048,32,M,3.7331722286139266,CS,858,0,2023-02-18,1,5700
1049,29,F,3.8290890645083837,CS,851,1,2023-02-19,1,5545
1050,22,M,3.838396890433747,Art,772,0,2023-02-20,0,4380
1051,30,M,4.399410135848663,Biz,765,0,2023-02-21,1,5828
1052,27,M,3.5152613071131573,CS,709,0,2023-02-22,1,5639
1053,22,M,3.6539842839670205,Eng,737,1,2023-02-23,1,5222
1054,29,M,3.3727979330371385,Biz,857,0,2023-02-24,1,5943
1055,22,F,3.9428847379356813,Eng,764,0,2023-02-25,1,5559
1056,33,F,4.266032880684498,CS,668,0,2023-02-26,1,5565
1057,29,F,4.1995167106245415,Art,813,1,2023-02-27,1,5560
1058,28,M,3.665583351056286,Art,608,0,2023-02-28,0,3943
1059,28,M,3.4345562926891318,Biz,820,0,2023-03-01,1,5650
1060,33,M,2.864072935775214,Art,824,1,2023-03-02,1,5679
1061,33,F,3.294187217878792,CS,748,0,2023-03-03,0,4239
1062,22,M,3.350560884487441,Art,941,1,2023-03-04,1,5597
1063,28,F,4.286250031981836,CS,833,1,2023-03-05,1,5517
1064,29,M,3.0892753976273326,Eng,708,0,2023-03-06,0,4138
1065,30,M,3.004989812711539,CS,878,1,2023-03-07,0,4780
1066,28,F,3.1932947719061433,Biz,718,0,2023-03-08,0,4689
1067,22,F,3.0110482559305884,Eng,783,1,2023-03-09,1,5547
1068,30,F,3.88945402365355,Eng,773,0,2023-03-10,0,4219
1069,34,M,3.5077553911364627,CS,724,1,2023-03-11,0,4680
1070,33,F,3.449802944771952,Art,644,0,2023-03-12,0,4156
1071,23,F,3.4304454458299083,CS,948,0,2023-03-13,1,5886
1072,30,F,4.055768286805123,Eng,729,1,2023-03-14,1,5772
1073,23,M,3.5469069787890577,Art,794,1,2023-03-15,1,5535
1074,23,F,3.7615052046726234,Eng,971,0,2023-03-16,1,5848
1075,27,F,3.7068318345375815,CS,702,0,2023-03-17,0,4257
1076,22,M,3.1851131065021967,Biz,785,1,2023-03-18,0,4472
1077,34,F,2.8844336496727605,Art,960,1,2023-03-19,1,5570
1078,27,F,2.6237366787627336,Art,680,0,2023-03-20,0,4399
1079,29,M,3.5927867656719483,Art,887,0,2023-03-21,1,6084
1080,24,M,2.9687726580152782,Biz,875,1,2023-03-22,1,5906
1081,33,F,3.7402256586398144,Eng,668,0,2023-03-23,0,4010
1082,24,F,3.214627420143209,CS,734,1,2023-03-24,1,5735
1083,33,M,3.678787328112506,CS,772,0,2023-03-25,1,5385
1084,34,M,3.236686063590265,Art,949,1,2023-03-26,1,5788
1085,32,M,3.2935023988584686,Eng,663,0,2023-03-27,0,4258
1086,33,F,3.689637583629655,Eng,773,0,2023-03-28,0,4352
1087,24,F,3.6952030306204477,Art,584,0,2023-03-29,0,4272
1088,28,F,3.0239827917046407,CS,962,0,2023-03-30,1,5829
1089,29,M,3.5564281124310986,CS,842,0,2023-03-31,1,5797
1090,26,F,,CS,703,0,2023-04-01,0,4185
1091,31,M,3.514085328170511,Art,772,1,2023-04-02,1,5369
1092,30,M,3.1336346420307293,Eng,793,0,2023-04-03,0,4506
1093,31,M,2.8467305030628474,Art,964,1,2023-04-04,1,5880
1094,26,F,3.697403624349608,CS,967,1,2023-04-05,1,6138
1095,28,M,,CS,974,0,2023-04-06,0,4760
1096,33,F,3.3816496869046837,CS,772,0,2023-04-07,0,5015
1097,29,M,3.637032795214924,Art,704,1,2023-04-08,0,4823
1098,32,M,2.6396317397838867,CS,958,1,2023-04-09,1,5642
1099,25,M,3.4299798212281223,Art,891,0,2023-04-10,1,5971
1100,25,F,3.2622448032608014,Biz,790,1,2023-04-11,1,5560
1101,30,F,,Eng,896,1,2023-04-12,1,5866
1102,32,F,2.946617974178416,Art,886,0,2023-04-13,0,4966
1103,33,F,2.859979885221823,Art,855,1,2023-04-14,0,4988
1104,26,M,3.277602762099728,CS,874,0,2023-04-15,1,5567
1105,32,F,,Eng,772,1,2023-04-16,1,5656
1106,27,M,3.5302478285859054,Biz,690,0,2023-04-17,0,4609
1107,22,M,4.232278382893826,Biz,841,0,2023-04-18,1,5999
1108,28,M,3.7737308776555234,Eng,732,1,2023-04-19,0,4541
1109,25,F,3.873511241332965,Art,990,0,2023-04-20,1,5796
1110,23,M,3.5682952873932465,Biz,681,1,2023-04-21,1,5481
1111,31,M,4.4362873509067615,Art,818,1,2023-04-22,1,5832
1112,34,M,3.3298184140991984,Eng,807,0,2023-04-23,0,4746
1113,22,M,3.9422862220464276,CS,803,1,2023-04-24,1,5772
1114,28,M,,Biz,760,0,2023-04-25,0,4319
1115,25,F,4.043483419264077,Biz,892,0,2023-04-26,1,5864
1116,25,F,3.6304575770470877,Art,741,1,2023-04-27,1,5478
1117,31,M,2.8899863329883013,Art,785,1,2023-04-28,0,4772
1118,26,M,4.0158703735487995,Art,749,1,2023-04-29,1,5542
1119,34,F,3.521509914104339,Art,868,1,2023-04-30,1,5829
1120,32,F,3.058959827074749,Biz,735,0,2023-05-01,0,4401
1121,28,F,3.825717500471904,CS,805,0,2023-05-02,1,5789
1122,32,M,4.0692399653065365,Eng,972,1,2023-05-03,1,5926
1123,22,F,3.532503260699012,Biz,764,1,2023-05-04,0,4751
1124,33,M,3.917717810961261,CS,792,1,2023-05-05,1,5676
1125,28,F,3.7071941988328456,CS,649,1,2023-05-06,1,5396
1126,28,M,4.0808139805331445,CS,934,0,2023-05-07,1,5485
1127,29,M,3.6242416743077275,Eng,960,0,2023-05-08,1,5956
1128,34,M,4.030709543794938,Art,772,0,2023-05-09,1,5465
1129,34,F,3.826613088834426,Eng,941,0,2023-05-10,1,5859
1130,22,F,3.192094297595663,Eng,784,1,2023-05-11,1,5694
1131,30,M,3.1674709420206466,Biz,737,1,2023-05-12,0,4455
1132,33,M,3.138212155678101,CS,904,0,2023-05-13,1,5524
1133,32,F,3.469073862152099,Eng,957,0,2023-05-14,1,6189
1134,29,M,3.7400501787253067,Biz,948,1,2023-05-15,1,5593
1135,29,M,2.498897379682677,Eng,727,0,2023-05-16,0,4611
1136,32,F,3.2025025468959893,Biz,587,1,2023-05-17,0,4074
1137,31,M,3.275847890861074,Biz,744,1,2023-05-18,0,4413
1138,33,M,4.000576468287511,Eng,960,0,2023-05-19,1,5811
1139,25,F,2.913660549891222,Eng,855,1,2023-05-20,1,5561
1140,24,F,2.4556631855197883,Biz,861,0,2023-05-21,0,4800
1141,22,M,3.8954628318141458,Art,761,1,2023-05-22,1,5637
1142,22,M,3.4143868217271973,Art,922,0,2023-05-23,0,4715
1143,25,M,3.8296171739357243,Eng,957,0,2023-05-24,1,5873
1144,27,M,3.619690026241432,Art,688,0,2023-05-25,1,5529
1145,25,M,3.2535181764596444,Art,780,1,2023-05-26,1,5730
1146,26,F,3.205122886536784,Eng,774,0,2023-05-27,0,4452
1147,33,F,3.2381347924835415,Eng,707,0,2023-05-28,0,4488
1148,26,F,3.429276296180572,Eng,681,0,2023-05-29,0,4351
1149,30,M,3.221936661239874,Art,699,0,2023-05-30,0,4071
1150,27,F,3.487179996358955,Biz,822,1,2023-05-31,1,5430
1151,26,M,3.308030713868209,Art,743,0,2023-06-01,0,4573
1152,34,F,4.491639193681211,Biz,920,1,2023-06-02,1,6019
1153,26,F,,Biz,690,0,2023-06-03,0,4567
1154,32,M,,Eng,778,1,2023-06-04,0,4724
1155,25,M,3.778321508625452,Biz,974,0,2023-06-05,1,5719
1156,29,M,3.679375982495831,Art,990,1,2023-06-06,1,6409
1157,28,M,4.2978663161832165,Biz,925,0,2023-06-07,1,5894
1158,32,F,2.8425361599136965,Art,725,0,2023-06-08,0,4605
1159,26,M,3.1880482522299003,Eng,789,0,2023-06-09,0,4576
1160,31,F,3.590294702960702,Biz,604,1,2023-06-10,0,3846
1161,29,M,3.821140598052768,CS,644,1,2023-06-11,0,3959
1162,31,M,4.313192225472622,Biz,760,0,2023-06-12,1,5906
1163,24,M,3.4459148042305667,Art,862,0,2023-06-13,1,5982
1164,34,M,3.0275825884910272,Eng,790,1,2023-06-14,1,5343
1165,31,M,3.4587876555618937,Eng,783,0,2023-06-15,0,4556
1166,28,M,3.4762582092140497,CS,716,0,2023-06-16,0,4958
1167,28,M,2.9998262642184432,Eng,786,0,2023-06-17,0,4237
1168,29,F,3.9521014080128367,Biz,795,0,2023-06-18,0,4719
1169,23,F,3.357749480985478,Eng,616,0,2023-06-19,0,4089
1170,26,M,3.4887111253724057,Art,631,1,2023-06-20,0,4255
1171,33,M,,Eng,906,1,2023-06-21,1,5647
1172,27,F,3.5224870661216245,Eng,859,0,2023-06-22,1,5746
1173,30,M,3.5536899304306147,Art,730,0,2023-06-23,0,4687
1174,22,M,2.9205806187327132,Eng,780,1,2023-06-24,0,4584
1175,32,M,3.587364950522262,CS,774,0,2023-06-25,1,5529
1176,24,M,3.537470189708108,Eng,816,1,2023-06-26,1,5734
1177,29,F,3.5895912777732844,CS,880,0,2023-06-27,1,5938
1178,33,M,,Art,835,0,2023-06-28,1,5760
1179,24,F,2.9691427431729656,Eng,516,1,2023-06-29,0,4220
1180,24,M,3.5839689975929803,Art,677,1,2023-06-30,1,5096
1181,29,M,4.005061402421917,CS,852,0,2023-07-01,1,5503
1182,22,F,3.6491744686378245,Eng,689,0,2023-07-02,0,4280
1183,30,M,3.0858272304108523,Eng,917,1,2023-07-03,1,5890
1184,30,M,2.4319488149697785,Art,720,0,2023-07-04,0,4309
1185,32,M,3.321918280095329,Eng,685,1,2023-07-05,0,4515
1186,24,M,3.123071683024567,Art,787,1,2023-07-06,0,4452
1187,23,M,3.5031119739412935,CS,690,1,2023-07-07,1,5178
1188,30,F,2.951010340006564,Biz,660,0,2023-07-08,0,4531
1189,31,F,3.659777223425756,CS,743,0,2023-07-09,0,4334
1190,25,F,3.60238490154558,Art,858,0,2023-07-10,0,4482
1191,24,F,3.659055957899462,Eng,927,0,2023-07-11,1,5859
1192,28,F,3.531747866079379,CS,915,1,2023-07-12,1,5779
1193,23,M,3.4344710914969743,Biz,693,0,2023-07-13,0,4416
1194,22,F,,Art,815,1,2023-07-14,1,5743
1195,33,M,3.6614732570299813,CS,621,1,2023-07-15,1,5135
1196,33,M,2.695288945529895,Art,832,0,2023-07-16,0,4639
1197,25,F,3.2835021991954907,Art,741,1,2023-07-17,1,5511
1198,22,F,4.046203999996221,Art,825,1,2023-07-18,1,5416
1199,31,F,3.985644752029559,Eng,446,0,2023-07-19,0,3530
1200,25,M,3.75147335163485,CS,800,1,2023-07-20,1,5524
1201,32,M,3.46152492322576,CS,784,1,2023-07-21,1,5600
1202,29,M,3.6536656189619303,Eng,686,1,2023-07-22,1,5278
1203,29,F,2.819678104957428,CS,892,1,2023-07-23,1,6021
1204,33,M,3.682213515871133,Eng,746,0,2023-07-24,0,4416
1205,31,F,2.93418249486076,Eng,688,1,2023-07-25,0,4267
1206,33,F,3.5688714122862217,Eng,918,0,2023-07-26,1,6150
1207,27,F,3.2211232297333505,CS,990,0,2023-07-27,1,5968
1208,26,M,3.040663259618959,Art,821,0,2023-07-28,0,4663
1209,25,M,4.068565737994097,Art,810,0,2023-07-29,1,5589
1210,28,M,3.98529475823406,CS,705,0,2023-07-30,0,4450
1211,23,F,3.990430868780824,Eng,774,0,2023-07-31,0,4488
1212,30,F,3.843538987685297,Biz,812,1,2023-08-01,1,5669
1213,31,F,3.768758309324047,Eng,742,1,2023-08-02,1,5568
1214,29,F,4.088983312212338,CS,809,1,2023-08-03,1,5650
1215,31,M,2.511325481287812,Eng,746,0,2023-08-04,0,4646
1216,27,M,3.3969318242635884,Eng,744,0,2023-08-05,0,4515
1217,34,F,3.472238422539752,Biz,796,1,2023-08-06,1,5969
1218,34,F,4.399331738063513,Art,655,1,2023-08-07,0,4501
1219,26,F,3.090605090345711,Art,776,0,2023-08-08,0,4440
1220,29,M,4.1787299605902675,Eng,990,0,2023-08-09,1,6252
1221,31,F,3.6881550130290113,Art,794,0,2023-08-10,1,5805
1222,29,F,3.1373569877423377,Biz,880,0,2023-08-11,1,5331
1223,32,F,3.1986826927961998,Biz,871,0,2023-08-12,0,4523
1224,24,F,3.0195554192671064,Biz,762,1,2023-08-13,0,4452
1225,24,M,3.74216063720009,Biz,871,0,2023-08-14,1,5725
1226,28,M,3.833543609423076,Eng,815,0,2023-08-15,1,5539
1227,32,F,3.148450130401793,Biz,705,0,2023-08-16,0,4555
1228,22,F,3.644265262663225,CS,797,1,2023-08-17,1,5943
1229,23,F,4.474019338553925,Eng,782,0,2023-08-18,1,5284
1230,34,M,3.0417818380132617,Art,778,1,2023-08-19,0,4471
1231,34,F,3.6249829196248515,CS,910,0,2023-08-20,1,5599
1232,31,F,4.10640087733189,Art,990,1,2023-08-21,1,6028
1233,25,M,3.659629175920504,Art,895,0,2023-08-22,0,5163
1234,29,M,3.613861883855521,Biz,857,1,2023-08-23,1,5451
1235,28,F,3.1941729441369486,Biz,726,1,2023-08-24,1,5376
1236,25,F,3.1394111246688774,Biz,834,0,2023-08-25,0,4554
1237,29,M,3.5984415196793806,Biz,789,0,2023-08-26,1,5499
1238,34,M,3.520820758191639,CS,988,0,2023-08-27,1,6192
1239,23,M,3.422290913952519,Biz,979,1,2023-08-28,1,6447
1240,22,F,3.5146724802021563,Biz,698,0,2023-08-29,0,4621
1241,30,F,4.133598008334485,Art,717,0,2023-08-30,1,5606
1242,27,F,3.8218418761719417,Eng,677,1,2023-08-31,1,5400
1243,26,M,3.47404822728222,Eng,830,1,2023-09-01,1,5579
1244,29,M,3.08983301174369,Biz,917,1,2023-09-02,1,5978
1245,25,M,2.589744368570467,Art,872,1,2023-09-03,1,5643
1246,31,F,,Biz,699,0,2023-09-04,0,4450
1247,26,M,4.089369002978314,CS,733,0,2023-09-05,1,5589
1248,24,M,3.4676652211485672,Biz,802,1,2023-09-06,1,5232
1249,29,F,3.2650347470689987,CS,767,0,2023-09-07,0,4376
1250,27,M,3.662756636821613,CS,888,1,2023-09-08,1,5656
1251,34,M,4.068161729270767,Eng,689,1,2023-09-09,0,4459
1252,25,M,2.7564832838672952,Art,824,1,2023-09-10,1,6045
1253,23,M,3.3167703692991797,CS,748,0,2023-09-11,0,4786
1254,33,M,3.5693025413689607,Art,749,0,2023-09-12,0,4693
1255,31,F,2.889381703425558,Eng,823,1,2023-09-13,0,4438
1256,26,M,4.2478349349768205,CS,666,0,2023-09-14,1,5227
1257,25,M,3.708044619312031,Biz,776,0,2023-09-15,1,5423
1258,29,F,3.6372370961984437,Art,852,1,2023-09-16,1,5703
1259,24,M,3.6054700274105933,Biz,853,1,2023-09-17,1,5816
1260,22,F,3.585506265065253,Eng,656,0,2023-09-18,0,4387
1261,32,F,3.4618216758498055,Biz,838,1,2023-09-19,1,5674
1262,24,F,3.53479297280991,Eng,797,1,2023-09-20,1,5712
1263,28,F,3.8505736431679725,Art,849,0,2023-09-21,1,5574
1264,27,F,3.6481626270152896,Eng,684,1,2023-09-22,1,5466
1265,27,M,4.170731135896858,Art,833,1,2023-09-23,1,5720
1266,24,F,3.197281651989585,Art,664,1,2023-09-24,0,4596
1267,24,F,3.633336870440011,CS,796,0,2023-09-25,0,4485
1268,31,M,3.401236132425283,CS,770,1,2023-09-26,1,5687
1269,27,M,2.8116376495864674,Art,757,0,2023-09-27,0,4622
1270,31,M,3.0667672392529703,Art,855,0,2023-09-28,0,4559
1271,32,F,3.456393566070144,CS,721,1,2023-09-29,1,5790
1272,33,M,3.3830438357701222,Biz,675,1,2023-09-30,0,4516
1273,22,M,3.243504653867388,CS,849,1,2023-10-01,1,5685
1274,26,M,3.8157899929949926,Biz,766,1,2023-10-02,1,5417
1275,28,M,3.4266652768494614,Art,794,1,2023-10-03,1,5825
1276,22,F,3.634386740110793,Art,869,0,2023-10-04,1,5677
1277,31,M,2.8295315639719694,Biz,745,0,2023-10-05,0,4403
1278,25,M,3.845784021772806,Biz,899,1,2023-10-06,1,5809
1279,30,M,3.942544153503222,Art,795,0,2023-10-07,0,4396
1280,25,M,3.6689130073018315,Art,810,0,2023-10-08,0,4879
1281,24,M,4.016276445026453,CS,734,1,2023-10-09,1,5640
1282,29,M,2.562590948823961,Biz,929,0,2023-10-10,0,4928
1283,29,F,3.434198044057501,CS,914,0,2023-10-11,1,5566
1284,30,F,3.568756739202797,Art,707,1,2023-10-12,1,5653
1285,27,M,3.760408407264035,Eng,738,1,2023-10-13,0,4588
1286,23,F,3.054577217420772,Art,820,1,2023-10-14,1,5633
1287,22,F,4.063039766664508,Eng,990,0,2023-10-15,1,5571
1288,31,M,2.9988187372595814,Eng,990,0,2023-10-16,1,5857
1289,27,M,3.070895053918487,CS,789,1,2023-10-17,1,5370
1290,25,F,3.8285186753326883,Eng,671,1,2023-10-18,0,4078
1291,26,F,4.353775028176129,Eng,774,0,2023-10-19,1,5409
1292,32,M,3.4457065996465093,Art,600,1,2023-10-20,0,4252
1293,27,F,3.4664776507955497,Biz,662,0,2023-10-21,0,4138
1294,28,M,3.7928910184426825,Biz,773,0,2023-10-22,0,4512
1295,33,M,4.0771921355758245,Eng,862,0,2023-10-23,1,5786
1296,22,F,3.039656654304685,Art,945,0,2023-10-24,1,5904
1297,26,F,3.948484613759177,CS,964,0,2023-10-25,1,5962
1298,27,M,3.947789189560522,Eng,846,0,2023-10-26,1,5721
1299,31,M,2.949752526234324,Eng,963,0,2023-10-27,1,5711
1300,23,M,3.3004307438684477,Art,876,0,2023-10-28,0,4894
1301,33,M,2.7859821776071545,CS,868,1,2023-10-29,0,5162
1302,28,F,4.107031111815779,CS,872,1,2023-10-30,1,6074
1303,31,M,3.1568267610267364,Eng,747,0,2023-10-31,0,4420
1304,34,M,2.687435710944647,Art,684,0,2023-11-01,0,4286
1305,32,F,2.6363634870598096,Biz,834,1,2023-11-02,0,5078
1306,34,M,3.5429273287172247,Art,726,0,2023-11-03,0,4302
1307,26,F,3.7395503845843274,Eng,859,0,2023-11-04,1,5662
1308,22,M,2.9517422338493278,CS,760,0,2023-11-05,0,4840
1309,27,M,,Biz,856,0,2023-11-06,1,6041
1310,23,F,3.142503006922259,CS,909,0,2023-11-07,1,5881
1311,28,F,3.440522271009412,Art,691,0,2023-11-08,0,4383
1312,33,M,3.8035051652446543,Art,971,1,2023-11-09,1,5937
1313,31,F,3.689196154170817,Biz,862,0,2023-11-10,1,5875
1314,29,M,3.4108257072862433,Biz,770,1,2023-11-11,1,5060
1315,34,F,,Biz,802,1,2023-11-12,0,4767
1316,33,M,,CS,930,0,2023-11-13,0,4734
1317,34,F,3.2209623312880007,CS,990,0,2023-11-14,1,6111
1318,31,M,3.9117257448653198,Biz,710,0,2023-11-15,1,5371
1319,29,M,3.7719841300591845,Biz,847,1,2023-11-16,1,5532
1320,27,F,3.3302227051241515,Eng,785,1,2023-11-17,0,4667
1321,29,M,3.0212943056747075,CS,829,0,2023-11-18,0,4661
1322,34,M,3.597733915602052,Eng,702,0,2023-11-19,1,5189
1323,23,F,3.104217705136066,Eng,674,0,2023-11-20,0,4479
1324,30,M,3.2938383957507944,Art,887,1,2023-11-21,1,5554
1325,28,F,3.392551608482832,Eng,926,0,2023-11-22,1,5814
1326,33,F,3.25808582382366,Biz,717,1,2023-11-23,1,5249
1327,33,F,4.016973239479938,Eng,842,0,2023-11-24,1,5669
1328,32,M,3.935330884506099,Eng,833,0,2023-11-25,1,5811
1329,25,M,2.921500259768901,Art,498,1,2023-11-26,0,4370
1330,22,M,3.3219871290561658,Eng,881,0,2023-11-27,0,4508
1331,24,F,3.1853878965176636,Art,846,0,2023-11-28,0,4735
1332,34,M,3.586166540461011,CS,910,0,2023-11-29,1,6023
1333,29,F,3.812917688422677,Biz,681,0,2023-11-30,0,4303
1334,29,M,3.6815033163133157,Art,876,1,2023-12-01,1,5675
1335,29,M,3.762270436839786,CS,634,1,2023-12-02,1,5372
1336,23,F,3.7679927261058483,CS,753,0,2023-12-03,1,5799
1337,34,M,3.794997757012234,Biz,850,1,2023-12-04,1,6108
1338,23,F,3.3067521467942638,Art,784,0,2023-12-05,0,4613
1339,31,M,3.3488741047787465,Art,684,0,2023-12-06,0,4397
1340,22,F,3.6366615103126074,CS,783,0,2023-12-07,1,5407
1341,30,F,3.1692534886212003,CS,812,1,2023-12-08,1,5449
1342,32,M,3.2722192042579503,Biz,833,0,2023-12-09,1,5670
1343,22,F,3.99504811361147,Art,977,0,2023-12-10,1,6031
1344,30,M,3.4827188883834914,Biz,892,0,2023-12-11,1,5474
1345,23,M,2.558025022722213,Eng,555,0,2023-12-12,0,4700
1346,22,F,3.358907157451886,Biz,901,1,2023-12-13,1,5665
1347,26,M,3.4093918817904942,Eng,788,0,2023-12-14,0,4444
1348,26,F,3.1279765336489165,CS,860,0,2023-12-15,0,4957
1349,26,M,3.6285050204944427,Art,770,0,2023-12-16,0,4332
1350,24,M,2.757552044660974,Biz,931,1,2023-12-17,1,5884
1351,31,M,4.025257457527664,Eng,924,1,2023-12-18,1,6028
1352,28,F,3.4781104979244772,Eng,677,1,2023-12-19,0,4556
1353,34,M,3.4505006661425353,CS,875,1,2023-12-20,1,5669
1354,22,F,3.9763933639781617,CS,817,1,2023-12-21,1,5709
1355,29,M,4.156880563898722,Biz,627,1,2023-12-22,1,5403
1356,26,M,3.8055823938772315,Biz,740,0,2023-12-23,1,5523
1357,23,M,4.0282420506130405,CS,707,1,2023-12-24,1,5418
1358,27,F,4.152683312445776,Art,819,1,2023-12-25,1,5561
1359,28,M,2.8744900703338008,Eng,767,0,2023-12-26,0,4260
1360,30,M,4.070571099994935,CS,734,0,2023-12-27,1,5267
1361,34,M,3.4678798105448787,Art,816,1,2023-12-28,1,5841
1362,28,M,3.403138514906275,CS,833,0,2023-12-29,1,5541
1363,29,F,3.902548122908793,Biz,836,1,2023-12-30,1,5658
1364,31,M,3.3052383871976945,Biz,793,1,2023-12-31,1,5444
1365,32,F,4.290213791559297,CS,736,0,2024-01-01,1,5777
1366,26,F,3.8418854155794113,Art,880,1,2024-01-02,1,5991
1367,23,M,3.48121139786948,Biz,896,1,2024-01-03,1,5843
1368,26,M,3.6136540770451897,Biz,798,1,2024-01-04,1,5410
1369,25,F,3.1165880239887858,Art,745,0,2024-01-05,0,4516
1370,32,F,3.5737020788031355,Eng,696,1,2024-01-06,0,4196
1371,29,M,,Eng,880,0,2024-01-07,0,4888
1372,33,M,3.616583844121653,Biz,784,1,2024-01-08,1,5594
1373,34,M,,CS,849,1,2024-01-09,1,5599
1374,22,F,3.7351416452220803,Eng,959,0,2024-01-10,1,5910
1375,26,F,3.7368053535382506,Art,924,1,2024-01-11,1,5729
1376,33,M,3.4968519538452614,CS,803,0,2024-01-12,1,5694
1377,25,M,3.317277437033888,Art,748,0,2024-01-13,0,4517
1378,24,F,3.2885922644688765,CS,702,0,2024-01-14,0,3996
1379,32,M,3.4532697116509827,Biz,750,1,2024-01-15,1,5420
1380,27,M,3.803087677640557,CS,947,1,2024-01-16,1,5805
1381,26,F,3.4572522023427736,Art,575,0,2024-01-17,0,4231
1382,29,F,3.0265883396224678,Art,760,1,2024-01-18,1,5561
1383,25,F,3.0634415133695643,Art,629,1,2024-01-19,0,4388
1384,33,M,,Eng,765,1,2024-01-20,1,5397
1385,24,M,3.6633959037966646,Eng,916,0,2024-01-21,1,6163
1386,23,F,3.327029644275903,Art,665,1,2024-01-22,0,4199
1387,31,F,3.106576106701612,Eng,675,0,2024-01-23,0,4295
1388,32,F,4.219890381007079,CS,979,0,2024-01-24,1,5970
1389,23,M,3.5950680904779744,Art,861,0,2024-01-25,1,5553
1390,30,F,3.62214976242184,CS,756,0,2024-01-26,1,5258
1391,32,F,3.8607963742639804,CS,570,0,2024-01-27,0,4005
1392,23,F,4.10540270918675,Art,883,0,2024-01-28,1,5709
1393,23,F,3.0440893146703303,CS,990,1,2024-01-29,1,6140
1394,22,F,2.9091747338944263,Art,817,1,2024-01-30,1,5957
1395,29,F,3.5579966048461786,Eng,836,1,2024-01-31,1,5367
1396,32,F,3.9829023748768053,Eng,624,0,2024-02-01,0,4165
1397,27,M,3.395364029748101,Art,711,0,2024-02-02,0,4361
1398,27,M,2.9699226808472146,Art,771,1,2024-02-03,0,4789
1399,29,M,3.7330257049785525,Eng,945,0,2024-02-04,1,6013
1400,32,F,3.667071745480066,Biz,713,1,2024-02-05,1,5811
1401,27,M,3.9545508850235844,CS,664,1,2024-02-06,1,5340
1402,33,F,3.8093031493825964,Art,941,1,2024-02-07,1,5943
1403,22,M,3.2431818603099334,Eng,690,0,2024-02-08,0,4440
1404,22,F,2.9214101525144414,CS,833,0,2024-02-09,0,4688
1405,30,M,3.447395862001431,CS,838,1,2024-02-10,0,4678
1406,22,F,3.320239128902781,CS,700,0,2024-02-11,0,4368
1407,22,F,2.8858434770609014,Biz,788,0,2024-02-12,0,4504
1408,31,M,3.3102798297901366,Eng,935,0,2024-02-13,0,4982
1409,26,F,3.567569660366404,CS,784,0,2024-02-14,0,4678
1410,33,F,4.036139246577125,Eng,726,1,2024-02-15,1,5341
1411,33,M,2.711163826183422,Art,759,1,2024-02-16,0,4345
1412,33,M,3.607754304950489,Eng,937,0,2024-02-17,1,5566
1413,26,M,3.217891566689647,CS,775,0,2024-02-18,0,4923
1414,28,M,3.461984156988882,Biz,803,1,2024-02-19,1,5418
1415,22,F,2.7648282750055007,Art,807,0,2024-02-20,0,4867
1416,26,M,3.2245274332274185,Biz,824,0,2024-02-21,1,5548
1417,27,M,3.648408770607731,CS,812,0,2024-02-22,1,5639
1418,23,F,3.666262310650006,Art,830,1,2024-02-23,1,5667
1419,25,F,3.5148689202504535,Biz,771,1,2024-02-24,1,5575
1420,31,F,3.707052919625715,Eng,793,0,2024-02-25,1,5448
1421,27,M,3.5819191296058874,Eng,677,1,2024-02-26,1,5419
1422,28,M,3.484645682972144,Eng,732,1,2024-02-27,1,5494
1423,27,M,2.7160851072474292,Eng,894,1,2024-02-28,1,5442
1424,34,F,2.902050107126458,Art,820,0,2024-02-29,0,5250
1425,26,F,4.122386354773085,Art,787,0,2024-03-01,1,5590
1426,32,M,3.4916795629280966,Biz,622,1,2024-03-02,1,5104
1427,33,F,2.9110258279716756,Eng,670,0,2024-03-03,0,4146
1428,32,F,2.9586984302215447,Art,944,0,2024-03-04,0,4971
1429,34,M,3.936888056114218,Biz,985,0,2024-03-05,1,5941
1430,26,M,3.099070863411361,Biz,726,1,2024-03-06,0,4464
1431,29,F,2.9115189041962086,Biz,813,1,2024-03-07,0,4640
1432,34,F,3.501123704792503,Art,823,1,2024-03-08,0,4215
1433,31,F,2.5903956226562492,Biz,737,0,2024-03-09,0,4412
1434,24,F,3.4265230862727796,Biz,919,0,2024-03-10,1,6069
1435,26,M,3.4449383534826605,Art,727,0,2024-03-11,0,4182
1436,24,M,3.4376105823631944,Eng,715,0,2024-03-12,0,4696
1437,27,F,3.002066514036065,Biz,866,1,2024-03-13,0,4729
1438,27,F,4.236748453708715,Eng,990,1,2024-03-14,1,6173
1439,22,M,3.5056590093381446,Art,792,1,2024-03-15,1,5314
1440,30,F,3.663303986913412,CS,654,0,2024-03-16,0,4517
1441,30,F,2.9401917887728484,CS,841,0,2024-03-17,0,4758
1442,23,M,3.893682961717605,CS,811,0,2024-03-18,1,5770
1443,34,F,2.910464078369828,Eng,629,1,2024-03-19,0,4454
1444,30,M,4.1603207475122685,Art,832,1,2024-03-20,1,5721
1445,29,M,3.1308864599564776,Biz,891,1,2024-03-21,1,5989
1446,23,F,3.330374385874836,Art,961,1,2024-03-22,1,5685
1447,26,F,3.020573946178078,Eng,719,1,2024-03-23,0,4390
1448,30,M,3.1199844701670947,Art,990,0,2024-03-24,1,5990
1449,22,F,3.567667704439137,Biz,728,0,2024-03-25,0,4111
1450,24,F,3.8094708587325994,CS,805,1,2024-03-26,1,5630
1451,33,F,4.467314414724241,CS,932,1,2024-03-27,1,5737
1452,24,M,2.5201762110724335,Eng,837,1,2024-03-28,0,4715
1453,34,F,3.7245829770522856,Biz,781,1,2024-03-29,1,5376
1454,32,F,3.377984455115972,Eng,709,1,2024-03-30,1,5451
1455,25,F,3.1880069128843225,Eng,758,0,2024-03-31,0,4673
1456,25,M,3.75345730541634,Eng,705,1,2024-04-01,1,5456
1457,22,M,2.72534498775565,Biz,853,1,2024-04-02,0,4826
1458,25,M,3.4738181617772126,Art,835,0,2024-04-03,1,5826
1459,23,M,3.741073955145847,Art,569,1,2024-04-04,1,5280
1460,33,M,4.017302670042191,Eng,917,0,2024-04-05,1,5891
1461,28,F,3.793752235029533,CS,842,0,2024-04-06,0,4508
1462,32,F,3.6865630800825713,Art,778,0,2024-04-07,1,5736
1463,28,F,4.371574502151367,Biz,883,1,2024-04-08,1,5771
1464,26,F,3.265729465000915,Eng,889,0,2024-04-09,0,4532
1465,31,M,3.6908061524902593,Art,858,1,2024-04-10,1,5741
1466,31,M,3.348075038466367,Biz,888,0,2024-04-11,0,4713
1467,23,M,4.481266186541131,Eng,852,1,2024-04-12,1,5808
1468,30,F,3.900910874744574,Art,845,0,2024-04-13,1,5581
1469,24,F,2.6999491335663173,Biz,749,1,2024-04-14,0,4648
1470,31,M,3.3988622970003752,Art,660,0,2024-04-15,0,4549
1471,25,F,4.2690330002142485,CS,987,0,2024-04-16,1,6039
1472,23,F,3.792787399837217,Eng,793,0,2024-04-17,1,5351
1473,32,F,3.5913767788270965,CS,812,0,2024-04-18,1,5707
1474,25,F,3.4135005535998677,Art,801,1,2024-04-19,1,5951
1475,27,M,2.892803724479408,Art,687,0,2024-04-20,0,4719
1476,23,F,3.1462478434436765,Eng,990,0,2024-04-21,1,6462
1477,29,F,3.0371638414339186,CS,810,1,2024-04-22,1,5559
1478,34,F,,Art,633,0,2024-04-23,0,3905
1479,26,F,3.4634729574301715,Art,910,1,2024-04-24,1,5765
1480,24,F,3.9066731065861156,Biz,905,1,2024-04-25,1,5834
1481,24,M,2.6991673292782337,Eng,823,0,2024-04-26,0,4762
1482,33,M,3.1864844652655,CS,878,1,2024-04-27,1,5595
1483,22,M,4.084966822780473,Biz,554,0,2024-04-28,0,3922
1484,24,F,3.2635851565701226,CS,812,1,2024-04-29,0,4404
1485,33,M,3.826435383975557,Eng,874,1,2024-04-30,1,5790
1486,25,M,3.3358604188396157,Eng,654,0,2024-05-01,0,4115
1487,22,F,3.88011549237009,Eng,791,0,2024-05-02,1,5434
1488,32,M,3.0011170282562816,CS,817,0,2024-05-03,0,4547
1489,30,M,3.607569291101026,Art,767,0,2024-05-04,0,4689
1490,25,F,3.5094744236774504,Art,809,0,2024-05-05,1,5828
1491,24,F,3.472532156306663,Art,891,1,2024-05-06,1,5940
1492,24,F,3.873001258313744,Biz,960,0,2024-05-07,1,6023
1493,26,F,3.8600292463491948,Art,849,0,2024-05-08,1,5697
1494,26,M,2.859733085158674,Biz,807,1,2024-05-09,0,4628
1495,25,F,3.342071715179782,Art,920,1,2024-05-10,1,5836
1496,24,M,4.084371036614169,Eng,990,1,2024-05-11,1,5736
1497,30,M,2.992171676898246,Art,789,0,2024-05-12,1,5423
1498,30,F,3.8188042379101836,Eng,788,0,2024-05-13,0,4418
1499,26,F,2.9446876166542424,CS,856,0,2024-05-14,1,5613
1500,33,M,3.205518668650782,CS,741,1,2024-05-15,1,5534
1501,34,M,3.967109794016696,Biz,943,0,2024-05-16,0,4882
1502,24,M,3.341147622945843,Biz,805,0,2024-05-17,0,4841
1503,28,F,3.49118609930507,Biz,616,0,2024-05-18,0,4408
1504,28,F,3.3314388132320896,Art,665,1,2024-05-19,1,5030
1505,28,M,4.016136485259054,Art,719,0,2024-05-20,1,5658
1506,33,F,2.9914201590132565,Biz,754,0,2024-05-21,0,4630
1507,31,F,3.4344058783046716,Biz,804,0,2024-05-22,1,5913
1508,23,M,2.465592109147917,CS,831,1,2024-05-23,0,4446
1509,24,M,3.7660156611340927,CS,809,0,2024-05-24,0,4370
1510,34,M,3.8608988533912565,Eng,756,0,2024-05-25,0,4491
1511,30,F,3.1006800439554345,Art,721,0,2024-05-26,0,4304
1512,34,F,3.8576155655845836,CS,925,0,2024-05-27,1,5761
1513,31,F,3.3352900342286183,Biz,943,0,2024-05-28,1,5854
1514,22,F,3.996002060628083,Biz,686,0,2024-05-29,0,4024
1515,24,F,4.2345516184667,CS,820,1,2024-05-30,1,5701
1516,33,M,3.3908553090985145,Biz,755,0,2024-05-31,0,4228
1517,26,F,3.4222556888130544,CS,881,0,2024-06-01,1,5781
1518,29,F,4.134157617794222,CS,807,0,2024-06-02,1,6259
1519,26,F,3.523336550097311,CS,740,0,2024-06-03,0,4369
1520,33,M,2.8945689534068046,CS,888,0,2024-06-04,1,6105
1521,33,M,3.299724373796691,Biz,849,0,2024-06-05,0,4746
1522,22,M,3.978892463292471,Art,870,0,2024-06-06,1,5957
1523,29,M,3.9140521839986273,Art,584,0,2024-06-07,0,3966
1524,27,F,3.351759537157433,Biz,783,1,2024-06-08,0,4474
1525,29,M,3.03552904619449,CS,604,0,2024-06-09,0,4089
1526,26,M,3.364690314234433,Biz,776,0,2024-06-10,0,4745
1527,31,M,,Art,959,0,2024-06-11,1,5726
1528,22,F,3.07215871287509,Art,717,1,2024-06-12,0,4231
1529,25,M,2.970440340900947,Eng,661,0,2024-06-13,0,4157
1530,31,F,3.4303738077185426,CS,978,0,2024-06-14,1,6119
1531,25,F,4.238993738684421,CS,666,0,2024-06-15,1,5276
1532,33,F,3.3379770836814404,Biz,729,0,2024-06-16,0,4587
1533,22,F,3.2862526190564947,CS,952,0,2024-06-17,1,6394
1534,26,M,3.3127504737941194,Art,926,0,2024-06-18,1,5547
1535,26,M,3.18026580069374,Eng,929,1,2024-06-19,1,6118
1536,26,M,,Art,711,0,2024-06-20,0,4393
1537,32,F,4.5,Eng,844,0,2024-06-21,1,5661
1538,24,M,3.5927617299682644,Art,741,0,2024-06-22,1,5233
1539,31,F,3.4471361982840314,Eng,962,0,2024-06-23,1,5723
1540,22,M,2.666960034891503,Biz,709,1,2024-06-24,0,4349
1541,33,M,3.868066201909751,Biz,990,0,2024-06-25,1,6265
1542,31,F,3.6944498233868783,Art,889,1,2024-06-26,1,5641
1543,28,M,2.676340524656755,Eng,581,1,2024-06-27,0,4051
1544,31,M,3.848574364915592,Biz,504,0,2024-06-28,0,4102
1545,34,F,3.2499879667098774,Eng,758,0,2024-06-29,0,4294
1546,30,F,3.1297895193430354,Biz,763,1,2024-06-30,0,4390
1547,31,F,3.221297066053235,Art,915,0,2024-07-01,1,5794
1548,32,F,4.233224779507613,CS,807,0,2024-07-02,1,5592
1549,31,F,3.2655588754771516,CS,821,1,2024-07-03,1,5447
1550,33,F,3.3374808404471006,Biz,712,1,2024-07-04,1,5265
1551,29,F,3.0367331979153063,Art,659,0,2024-07-05,0,4083
1552,25,M,2.92880395401146,CS,990,0,2024-07-06,1,5786
1553,31,F,3.387040813123741,Art,671,1,2024-07-07,1,5673
1554,28,F,3.991906329968131,CS,835,1,2024-07-08,1,5920
1555,26,F,3.395191151752944,Art,831,1,2024-07-09,1,5722
1556,31,M,3.7557344526812955,Biz,796,1,2024-07-10,1,5778
1557,27,M,3.516086616216569,CS,990,1,2024-07-11,1,6293
1558,24,F,2.9877229569174815,Biz,466,1,2024-07-12,0,3790
1559,33,M,3.962504447605014,Biz,751,0,2024-07-13,1,5260
1560,23,F,3.8716669210274817,Eng,849,0,2024-07-14,0,4999
1561,34,M,3.346279017467516,CS,750,1,2024-07-15,1,5504
1562,31,F,2.8349621275954404,CS,733,1,2024-07-16,0,4417
1563,22,M,4.173359893694514,CS,764,0,2024-07-17,1,5634
1564,24,F,3.0127296476489467,CS,803,0,2024-07-18,0,4614
1565,31,F,3.345124769868043,Art,789,1,2024-07-19,0,4596
1566,34,M,3.5975099215242774,Eng,940,0,2024-07-20,1,5900
1567,24,F,3.855633858954416,CS,921,0,2024-07-21,1,5731
1568,29,M,3.899392955016377,Eng,876,0,2024-07-22,1,5799
1569,23,M,2.9751334262812437,Art,659,1,2024-07-23,0,4237
1570,30,F,3.489669059382405,CS,724,0,2024-07-24,0,4920
1571,27,F,4.013285254598939,Eng,766,0,2024-07-25,1,5704
1572,23,F,3.894443959597168,Art,820,1,2024-07-26,1,5779
1573,27,F,3.6557051280175075,Biz,789,0,2024-07-27,0,4383
1574,33,M,3.414889840484799,Eng,853,0,2024-07-28,1,5437
1575,22,F,3.972240087790929,Art,829,1,2024-07-29,1,5355
1576,32,M,3.534215462037276,Biz,934,0,2024-07-30,1,5911
1577,32,F,3.03199278101647,Eng,711,1,2024-07-31,0,4538
1578,34,F,4.040194942145697,Art,807,0,2024-08-01,1,5668
1579,34,F,3.5997259777901065,Biz,823,0,2024-08-02,0,4578
1580,33,M,3.3904153087393096,Biz,834,1,2024-08-03,1,5592
1581,30,F,3.2930239742616214,Art,904,0,2024-08-04,1,5484
1582,33,F,2.8426537058381127,Art,773,0,2024-08-05,0,4472
1583,33,F,3.3286585826766157,Biz,786,0,2024-08-06,1,5832
1584,32,F,3.8052488924027337,Art,847,1,2024-08-07,1,5642
1585,31,M,3.9124937886155235,Biz,789,1,2024-08-08,1,5496
1586,25,M,4.108348171045986,Biz,746,1,2024-08-09,1,5545
1587,32,M,2.9724317575898973,Art,764,0,2024-08-10,0,4234
1588,26,M,3.8159667377853017,CS,812,0,2024-08-11,1,5546
1589,34,F,2.9013445650642407,CS,679,1,2024-08-12,0,4142
1590,31,M,3.17531831034453,Biz,943,0,2024-08-13,1,5463
1591,22,F,3.5001840699569278,CS,875,0,2024-08-14,1,5692
1592,25,M,4.078727503716479,Eng,797,1,2024-08-15,1,5773
1593,25,M,4.166957065582686,Biz,737,0,2024-08-16,1,5239
1594,22,F,3.357296809671343,Biz,775,0,2024-08-17,1,5524
1595,23,M,3.370855782190265,Biz,824,1,2024-08-18,1,5660
1596,29,F,4.266967905070301,Art,712,1,2024-08-19,1,5632
1597,34,M,3.2562225659710156,Art,990,1,2024-08-20,1,5912
1598,22,F,3.5978897845529003,Art,671,1,2024-08-21,1,5219
1599,26,F,3.557093122519014,CS,784,0,2024-08-22,1,5698
1600,30,M,3.172455846096391,Art,761,0,2024-08-23,0,4611
1601,24,F,2.9781680126904084,Eng,828,0,2024-08-24,0,4695
1602,33,F,3.570265008985193,Eng,854,0,2024-08-25,1,5447
1603,26,M,3.4490670833990746,Art,714,1,2024-08-26,0,4501
1604,32,M,3.2112940813923805,CS,811,0,2024-08-27,0,4656
1605,23,F,3.655480449157281,Art,738,0,2024-08-28,0,4308
1606,22,M,4.16828530178574,CS,724,1,2024-08-29,1,5234
1607,23,F,3.790257699445054,Eng,812,0,2024-08-30,1,5742
1608,34,F,3.4669197201662807,Biz,807,1,2024-08-31,1,5433
1609,33,M,3.351633895594036,Eng,900,0,2024-09-01,1,5916
1610,23,F,4.3506339092404875,Eng,919,0,2024-09-02,1,5587
1611,30,F,3.739360521146534,Eng,954,0,2024-09-03,1,6310
1612,24,F,2.6362373272491513,CS,888,0,2024-09-04,0,4855
1613,34,F,,Art,847,1,2024-09-05,0,5264
1614,27,F,3.769397082419352,CS,807,1,2024-09-06,1,5592
1615,32,F,3.7264607525121245,CS,612,1,2024-09-07,0,4760
1616,22,F,,Biz,705,1,2024-09-08,1,5578
1617,22,F,3.5999469648027236,Art,742,1,2024-09-09,1,5667
1618,24,F,3.501379615984208,Eng,808,0,2024-09-10,1,5447
1619,29,F,3.246101355875699,Eng,576,1,2024-09-11,0,4203
1620,22,M,3.6343343132236146,Biz,716,0,2024-09-12,1,5346
1621,33,M,3.416842659082407,Eng,850,1,2024-09-13,0,4849
1622,33,F,3.4793039915927135,Biz,948,1,2024-09-14,1,5792
1623,32,F,,Biz,784,0,2024-09-15,0,4300
1624,29,F,3.175930940797831,Eng,838,0,2024-09-16,0,4418
1625,33,M,3.3088472900211494,Art,906,1,2024-09-17,1,5779
1626,32,F,3.1517660186164527,Eng,623,1,2024-09-18,0,4047
1627,26,M,3.8615684063487574,Art,776,0,2024-09-19,1,5258
1628,24,F,3.0962707061502313,CS,708,0,2024-09-20,0,4379
1629,26,M,2.9922407335628463,Art,990,1,2024-09-21,1,5955
1630,28,M,3.2460661535607582,Art,846,1,2024-09-22,1,5619
1631,22,F,2.73761899852961,Eng,773,1,2024-09-23,0,4444
1632,27,F,3.6802501057129104,Art,834,1,2024-09-24,1,5858
1633,34,M,4.094232160409173,Art,821,0,2024-09-25,1,5820
1634,32,M,3.7140522216291734,CS,867,1,2024-09-26,1,5859
1635,33,F,3.714319589530687,Biz,691,1,2024-09-27,1,5560
1636,24,M,3.950507645878995,Art,619,0,2024-09-28,1,4948
1637,34,M,3.492885186047254,Eng,841,1,2024-09-29,1,5289
1638,23,F,3.8830012678505827,CS,750,0,2024-09-30,1,5705
1639,32,M,3.92618350412151,CS,882,1,2024-10-01,1,5522
1640,24,M,2.897779767088744,CS,990,0,2024-10-02,1,5731
1641,31,F,2.8529096790728348,Eng,898,0,2024-10-03,1,5513
1642,29,F,2.956781121240404,CS,796,0,2024-10-04,0,4427
1643,26,F,3.5281690758852973,Eng,919,0,2024-10-05,1,5513
1644,30,M,4.250140056685652,Biz,662,0,2024-10-06,0,4067
1645,28,F,3.134670822340763,CS,669,1,2024-10-07,0,4548
1646,22,M,3.245845239629556,Art,701,0,2024-10-08,0,4294
1647,31,F,3.0859322043165633,Eng,690,0,2024-10-09,0,4170
1648,27,M,3.5369562912430226,Eng,748,0,2024-10-10,1,5489
1649,31,M,3.6629230192434727,Eng,614,1,2024-10-11,0,4165
1650,34,F,3.915071445870746,Art,829,0,2024-10-12,1,5884
1651,32,F,3.952933172941312,Eng,792,1,2024-10-13,1,5520
1652,27,M,2.8970896080641544,CS,730,1,2024-10-14,0,4150
1653,34,M,3.5472018313073694,Art,882,1,2024-10-15,1,5886
1654,27,M,2.406640770797475,CS,948,1,2024-10-16,1,6014
1655,24,F,3.985349232195082,Eng,634,0,2024-10-17,0,4347
1656,24,F,3.5944178730635907,Eng,608,0,2024-10-18,0,4265
1657,25,M,3.0597031825608094,Art,792,1,2024-10-19,1,5466
1658,25,F,3.8548481298706063,CS,971,1,2024-10-20,1,6012
1659,29,F,3.317537226426041,Eng,841,0,2024-10-21,0,4613
1660,23,F,3.4247368669910654,CS,990,1,2024-10-22,1,6087
1661,31,M,3.1614462931166205,CS,898,1,2024-10-23,1,5761
1662,31,M,3.7655163310484996,Eng,730,0,2024-10-24,0,4364
1663,24,F,3.575627962282787,Biz,811,0,2024-10-25,1,5511
1664,32,F,3.761338124954756,Eng,604,1,2024-10-26,0,4093
1665,25,F,2.778409426440139,Biz,772,1,2024-10-27,0,4482
1666,27,F,4.5,Eng,906,0,2024-10-28,1,5721
1667,31,F,3.1091222239272063,Art,786,0,2024-10-29,0,4507
1668,24,F,2.9686762614041404,Eng,783,1,2024-10-30,0,4486
1669,34,F,3.2304494592618864,Eng,848,1,2024-10-31,0,4742
1670,32,M,3.6212022693110013,CS,952,0,2024-11-01,1,5681
1671,31,F,3.696016084738047,CS,651,1,2024-11-02,1,5220
1672,24,M,3.776630470870199,Biz,841,1,2024-11-03,1,5775
1673,29,M,3.335710908130581,Biz,837,1,2024-11-04,1,5561
1674,22,F,2.7712731134264796,Art,956,1,2024-11-05,1,5906
1675,26,M,3.0164730288635058,Eng,897,1,2024-11-06,1,5859
1676,24,F,3.4904728630124215,Biz,798,0,2024-11-07,0,4876
1677,31,M,,CS,965,0,2024-11-08,1,5976
1678,27,M,4.004760165988451,Eng,838,0,2024-11-09,1,5493
1679,31,F,3.8179085986790318,Biz,784,0,2024-11-10,1,5779
1680,27,F,3.3864765061751863,Eng,792,0,2024-11-11,0,4685
1681,31,M,3.1981704739509076,CS,681,0,2024-11-12,0,4433
1682,33,F,3.3829759131148833,Art,799,0,2024-11-13,1,5507
1683,31,M,3.624514154205673,Art,633,0,2024-11-14,0,4257
1684,31,F,3.929907884185936,CS,864,0,2024-11-15,1,5806
1685,27,F,3.5004954552617282,CS,739,1,2024-11-16,0,4190
1686,26,M,3.917745638033952,Biz,769,0,2024-11-17,0,4823
1687,23,F,3.235082939917229,Biz,786,0,2024-11-18,1,5496
1688,25,F,3.385104478111246,CS,869,1,2024-11-19,1,5891
1689,26,F,3.646134254285496,Biz,816,0,2024-11-20,1,5638
1690,30,F,3.353501104151108,Biz,860,0,2024-11-21,1,5962
1691,26,F,3.6686222404740616,CS,700,0,2024-11-22,0,4367
1692,29,M,3.1669520537337417,Eng,930,0,2024-11-23,0,4933
1693,23,F,3.3158198759555884,Biz,798,0,2024-11-24,0,4651
1694,27,M,3.58543371822074,Eng,590,0,2024-11-25,0,4089
1695,27,F,3.609993833987672,Art,744,1,2024-11-26,1,5766
1696,34,M,3.707468765167435,Biz,796,1,2024-11-27,1,5835
1697,29,M,3.6948220955311752,Biz,633,0,2024-11-28,0,4186
1698,29,F,3.478348419266819,Art,739,0,2024-11-29,0,4755
1699,28,F,4.171411250175588,CS,652,1,2024-11-30,1,5658
1700,33,M,3.0395775242189886,Art,758,0,2024-12-01,0,4254
1701,30,F,3.7657214625509017,Eng,764,1,2024-12-02,1,5213
1702,27,F,3.7205033030873094,Art,855,1,2024-12-03,1,5948
1703,33,F,3.7104746099446926,Eng,879,0,2024-12-04,1,5708
1704,31,M,3.451962096939042,Art,860,0,2024-12-05,1,5660
1705,34,F,4.073586613113295,Biz,944,1,2024-12-06,1,5724
1706,25,M,2.9228676095045287,CS,570,1,2024-12-07,0,4149
1707,25,F,3.7956260818969207,Art,867,0,2024-12-08,1,5808
1708,34,F,4.091006003755785,Art,779,1,2024-12-09,0,4685
1709,26,F,3.3527249081725543,Eng,849,1,2024-12-10,1,5927
1710,25,M,4.193594693842736,Biz,688,0,2024-12-11,1,5400
1711,23,F,3.758015594068496,Biz,881,1,2024-12-12,1,5702
1712,28,F,2.8982949690030275,Art,706,1,2024-12-13,0,4395
1713,34,M,3.365370817993782,Art,647,0,2024-12-14,0,4076
1714,30,F,4.457139491378656,Biz,663,0,2024-12-15,1,5338
1715,33,F,3.2047243601225976,Art,877,0,2024-12-16,1,5353
1716,34,M,3.7326435870317756,Biz,696,1,2024-12-17,1,5687
1717,29,M,3.2368498826720833,Eng,806,1,2024-12-18,1,5701
1718,32,F,3.296215714687726,Eng,687,0,2024-12-19,0,4411
1719,32,F,3.745715603168639,Biz,752,0,2024-12-20,1,5587
1720,34,F,3.828275137767184,CS,666,1,2024-12-21,1,5655
1721,24,F,3.611845519239306,CS,809,1,2024-12-22,0,4401
1722,29,M,2.7241488257271644,CS,922,1,2024-12-23,0,4754
1723,29,F,3.6513856931320614,Eng,856,0,2024-12-24,1,5826
1724,34,M,3.41055456687906,Eng,868,1,2024-12-25,1,5680
1725,34,M,2.888084982029447,Biz,834,0,2024-12-26,0,4789
1726,32,F,3.293179529514025,CS,789,1,2024-12-27,0,4564
1727,27,M,3.4977715791929636,CS,710,1,2024-12-28,1,5195
1728,24,F,4.5,Biz,798,1,2024-12-29,1,5490
1729,25,M,3.025460525600364,CS,812,1,2024-12-30,0,4509
1730,30,M,3.4173089586447207,CS,897,1,2024-12-31,1,5840
1731,25,F,3.789968175460201,Biz,740,1,2025-01-01,1,5271
1732,30,F,3.8537636213736812,CS,874,1,2025-01-02,1,5679
1733,22,M,3.451030228176751,Art,860,1,2025-01-03,1,5763
1734,27,M,3.7907406040018694,Biz,714,0,2025-01-04,1,5262
1735,24,F,,Eng,704,1,2025-01-05,1,5107
1736,34,M,4.228594144044346,Biz,684,0,2025-01-06,0,4692
1737,34,F,3.2617049703950394,Eng,922,1,2025-01-07,1,5475
1738,32,M,3.6151888256175106,CS,729,1,2025-01-08,1,5290
1739,22,F,3.2256764280441734,CS,776,1,2025-01-09,1,5416
1740,29,F,2.689478382362722,Biz,949,0,2025-01-10,0,4971
1741,32,M,3.654363320991882,Biz,949,0,2025-01-11,1,6083
1742,30,F,3.5277891888360964,Art,737,0,2025-01-12,0,4424
1743,28,F,3.024802552959549,CS,714,0,2025-01-13,0,4264
1744,23,F,3.6099566547959867,CS,859,1,2025-01-14,1,5698
1745,22,F,3.2078042527846624,CS,813,0,2025-01-15,1,5742
1746,33,F,3.260895014641666,Eng,953,0,2025-01-16,1,6248
1747,33,F,2.5701611874764896,CS,838,0,2025-01-17,0,4615
1748,26,F,4.026272516129591,Eng,844,1,2025-01-18,1,5737
1749,24,F,3.1099660229719595,Biz,768,0,2025-01-19,0,4266
1750,28,F,3.8351421714112313,Biz,724,0,2025-01-20,1,6012
1751,24,F,3.3557904789032755,CS,709,1,2025-01-21,0,4616
1752,29,F,4.25939470643179,Eng,892,0,2025-01-22,1,5556
1753,28,F,2.969567104187166,Biz,925,1,2025-01-23,1,5775
1754,27,M,3.348669516543352,Art,651,0,2025-01-24,0,4124
1755,24,M,3.208412596287236,Eng,791,1,2025-01-25,1,5306
1756,27,M,2.9411115382387014,CS,831,1,2025-01-26,1,5772
1757,30,F,3.7208221748698973,Art,769,0,2025-01-27,1,5920
1758,31,F,3.2951412528045836,Art,656,0,2025-01-28,0,4187
1759,32,M,3.0384040477330108,Art,849,1,2025-01-29,1,6034
1760,31,F,3.611303282788963,CS,758,1,2025-01-30,1,5639
1761,25,M,3.999384732637143,CS,763,1,2025-01-31,1,5533
1762,24,M,3.223675960053707,Eng,647,0,2025-02-01,0,4337
1763,22,M,3.450747258616396,Art,877,0,2025-02-02,1,5563
1764,28,M,2.8759774796532267,Eng,717,1,2025-02-03,0,4636
1765,34,M,3.3380694196563834,Eng,581,0,2025-02-04,0,4263
1766,34,F,3.7270498063063555,CS,954,0,2025-02-05,1,6032
1767,26,M,3.7462052801914596,Art,817,1,2025-02-06,1,5390
1768,23,F,3.275747873294913,CS,783,0,2025-02-07,0,4579
1769,25,F,3.6351925862085896,Biz,835,0,2025-02-08,1,5736
1770,31,F,3.6434928130963247,Eng,798,1,2025-02-09,1,5762
1771,22,F,3.7758880797626238,Eng,765,1,2025-02-10,1,5414
1772,31,F,3.5302593524099466,Art,799,0,2025-02-11,0,4581
1773,23,M,3.045281665742319,CS,799,1,2025-02-12,1,5681
1774,26,M,3.3438959314763785,Eng,681,1,2025-02-13,0,4802
1775,24,M,3.7686281978622977,CS,857,1,2025-02-14,1,5414
1776,24,M,3.4052219179875047,CS,883,1,2025-02-15,1,5867
1777,28,F,3.152063177616113,Eng,648,0,2025-02-16,0,4358
1778,24,M,4.027664049824443,Eng,720,1,2025-02-17,1,5492
1779,31,F,3.555437767045993,Biz,794,1,2025-02-18,1,5844
1780,34,M,3.0930032072461953,Biz,836,0,2025-02-19,0,4448
1781,33,F,3.3116278297135806,CS,865,1,2025-02-20,1,5407
1782,28,M,3.6287671351489537,Eng,905,0,2025-02-21,1,5644
1783,33,M,3.503833227528518,CS,717,0,2025-02-22,0,4446
1784,29,F,4.032783651766502,Eng,719,1,2025-02-23,1,5432
1785,34,F,3.6337926324052843,CS,640,0,2025-02-24,0,4553
1786,26,F,3.787733314929316,Art,738,0,2025-02-25,0,4385
1787,26,F,2.8261643592631334,CS,872,0,2025-02-26,1,5880
1788,29,F,3.3109353559099732,Biz,895,1,2025-02-27,1,6079
1789,29,M,4.396895842703603,Biz,795,0,2025-02-28,1,5514
1790,27,F,3.525641779712527,Eng,688,0,2025-03-01,0,3979
1791,24,F,3.8621330880168667,CS,715,1,2025-03-02,1,5488
1792,30,M,3.265751837099271,Eng,800,1,2025-03-03,0,5144
1793,30,F,3.3286312112282563,Art,727,1,2025-03-04,1,5774
1794,30,M,3.53467184510733,CS,931,0,2025-03-05,1,5742
1795,34,M,3.580093098452997,Biz,675,1,2025-03-06,0,4602
1796,26,F,3.5327093059483143,Art,753,1,2025-03-07,0,4217
1797,27,F,4.062682859446002,CS,738,0,2025-03-08,1,5249
1798,24,F,2.9019462003493848,Eng,873,0,2025-03-09,1,5836
1799,27,F,3.992701550870498,Biz,749,0,2025-03-10,0,4121
1800,28,M,,Art,990,0,2025-03-11,1,5988
1801,31,F,3.9807824195584796,CS,912,1,2025-03-12,1,5997
1802,22,F,3.3136420684144765,Art,832,0,2025-03-13,0,4638
1803,23,M,2.839775331478968,Biz,905,0,2025-03-14,0,4662
1804,26,F,3.793443915056357,Art,848,0,2025-03-15,1,5456
1805,22,M,2.6279827533543942,Eng,840,0,2025-03-16,0,4562
1806,27,F,3.8827800650965028,Biz,678,1,2025-03-17,1,5008
1807,23,F,3.2326881433716976,Biz,813,1,2025-03-18,1,5684
1808,28,M,3.6979510468993335,Eng,774,1,2025-03-19,1,5607
1809,30,M,3.757547569043501,Art,816,1,2025-03-20,1,5579
1810,31,F,3.4390207944910336,Eng,843,1,2025-03-21,0,4640
1811,26,F,3.774412428084951,CS,756,0,2025-03-22,0,4712
1812,23,M,2.874280171294411,Biz,753,1,2025-03-23,0,3955
1813,30,F,3.4509984318632263,Eng,763,0,2025-03-24,0,4466
1814,33,M,,Art,837,0,2025-03-25,0,4520
1815,22,M,3.5495032084457447,Art,835,0,2025-03-26,1,5793
1816,27,F,3.9860795403527813,CS,932,0,2025-03-27,1,5950
1817,27,F,3.3189218231763182,Art,863,1,2025-03-28,1,5610
1818,30,M,3.656081668390579,CS,932,1,2025-03-29,1,5892
1819,32,F,4.031000846443967,Biz,782,0,2025-03-30,1,5572
1820,27,M,2.79073320143004,Biz,901,0,2025-03-31,0,4762
1821,31,M,3.7700604917281444,Eng,976,0,2025-04-01,1,6530
1822,25,M,3.1887219954252832,CS,721,0,2025-04-02,0,4076
1823,24,M,3.863824496239097,CS,876,0,2025-04-03,1,5693
1824,25,F,3.074175745815594,Art,864,1,2025-04-04,0,4610
1825,23,M,2.9711835024599194,Biz,944,0,2025-04-05,0,4964
1826,30,M,3.747742493001141,CS,745,0,2025-04-06,0,4490
1827,31,F,3.2053119797496343,Eng,734,1,2025-04-07,1,5280
1828,25,M,4.26036985673959,Art,899,1,2025-04-08,1,5626
1829,26,M,3.3316442399362867,CS,810,0,2025-04-09,0,4657
1830,24,F,3.401717264709402,Art,897,1,2025-04-10,1,5609
1831,27,F,4.249145759130487,CS,810,1,2025-04-11,1,5632
1832,23,F,3.1983791636836125,Biz,886,0,2025-04-12,1,5811
1833,32,M,3.549927196693008,Eng,699,0,2025-04-13,0,4204
1834,30,F,3.5398246056188434,Eng,894,1,2025-04-14,1,5930
1835,29,M,3.4163565618356118,Art,679,1,2025-04-15,0,4304
1836,27,F,,Biz,860,1,2025-04-16,1,5988
1837,28,M,3.19381040369006,Art,810,0,2025-04-17,1,5706
1838,25,F,2.8023933667611995,Biz,990,0,2025-04-18,1,6258
1839,26,M,3.1970250262628275,Art,922,0,2025-04-19,1,5684
1840,24,F,3.4719200206500407,Eng,932,1,2025-04-20,1,5734
1841,33,F,3.56681579096441,Biz,662,0,2025-04-21,0,4379
1842,30,M,3.929025411893154,Eng,690,1,2025-04-22,1,5056
1843,26,F,3.84281129794575,Art,725,1,2025-04-23,1,5857
1844,28,M,4.5,Eng,860,0,2025-04-24,1,5539
1845,32,M,3.379567104450282,CS,853,0,2025-04-25,0,4685
1846,23,M,3.8519754155159616,Eng,601,0,2025-04-26,0,4000
1847,28,F,2.8132916915455914,Art,853,0,2025-04-27,0,4717
1848,24,M,3.3101142046560934,Eng,704,1,2025-04-28,0,4524
1849,28,M,3.7411427284840104,CS,725,0,2025-04-29,0,4877
1850,24,M,3.7663251807428457,Biz,751,0,2025-04-30,0,4737
1851,29,M,3.9864447045258236,Art,836,0,2025-05-01,1,5475
1852,28,M,3.9482969067560902,Art,951,0,2025-05-02,1,6303
1853,28,M,3.717265139123611,Eng,937,1,2025-05-03,1,5842
1854,27,F,3.076739351793126,CS,902,0,2025-05-04,0,4777
1855,31,F,2.599487338445568,Biz,817,0,2025-05-05,0,5096
1856,32,M,3.0518845856528016,Art,784,0,2025-05-06,1,5808
1857,33,M,2.935692028434635,Biz,786,0,2025-05-07,0,4196
1858,26,M,2.872021738272145,Art,919,0,2025-05-08,0,4851
1859,32,F,3.470201230075209,Biz,830,1,2025-05-09,1,5520
1860,31,F,3.6109268595861597,Art,836,0,2025-05-10,0,4772
1861,29,F,3.946892913577424,Eng,803,1,2025-05-11,1,5559
1862,28,M,3.1929655090675437,CS,694,1,2025-05-12,0,4439
1863,28,M,4.184862594623203,Eng,745,0,2025-05-13,1,5492
1864,27,F,2.8880088758242115,Art,766,0,2025-05-14,0,4696
1865,23,F,3.1471648814862774,Eng,809,0,2025-05-15,0,4267
1866,30,M,3.789965807244386,Biz,862,0,2025-05-16,1,5792
1867,24,F,3.7443185024470598,Eng,900,0,2025-05-17,1,5748
1868,23,F,3.163900898104544,Biz,791,1,2025-05-18,0,4426
1869,27,M,3.6726327187163927,Eng,724,0,2025-05-19,0,4319
1870,34,M,3.1287392593784347,CS,763,1,2025-05-20,1,5762
1871,30,M,3.8061497627185448,CS,837,0,2025-05-21,1,6019
1872,22,M,3.102901440081359,Eng,853,0,2025-05-22,0,4761
1873,25,F,3.630683572079445,Eng,903,0,2025-05-23,1,6116
1874,23,M,3.2648831240194536,Eng,716,1,2025-05-24,0,4318
1875,27,M,3.8387102897999847,CS,718,0,2025-05-25,0,4426
1876,33,M,3.995164082761181,Eng,761,0,2025-05-26,0,4312
1877,24,M,3.695631365281361,CS,990,0,2025-05-27,1,6321
1878,23,F,3.318387278201266,Art,880,0,2025-05-28,0,4681
1879,24,M,,Art,743,0,2025-05-29,0,4194
1880,25,F,2.54856996973887,Biz,771,1,2025-05-30,0,4641
1881,33,F,3.5721202188887875,CS,871,0,2025-05-31,0,4526
1882,32,M,2.960860478753231,CS,872,1,2025-06-01,1,5655
1883,30,F,2.489789312760437,Eng,917,0,2025-06-02,0,4681
1884,33,M,3.3745585372666316,Eng,839,0,2025-06-03,0,4746
1885,25,F,3.1355128588528474,Biz,878,1,2025-06-04,0,4993
1886,23,M,3.6425247801043574,Art,895,0,2025-06-05,1,5987
1887,32,F,3.6678184484518126,CS,768,0,2025-06-06,0,4022
1888,28,F,3.7964069475126143,Art,808,0,2025-06-07,1,5742
1889,28,M,2.932589430960917,Art,732,1,2025-06-08,1,5495
1890,33,M,3.0757753132973864,CS,769,0,2025-06-09,0,4493
1891,32,M,4.1519472763951475,CS,757,1,2025-06-10,1,5343
1892,22,M,3.77220344119688,Biz,783,0,2025-06-11,0,4639
1893,34,M,4.217840886095579,Art,778,1,2025-06-12,1,5562
1894,31,F,3.320919614598211,Eng,745,1,2025-06-13,0,4518
1895,34,M,3.996082020616782,Art,892,0,2025-06-14,1,5783
1896,25,M,3.693856555527545,CS,673,0,2025-06-15,0,4125
1897,23,F,3.3026212963789154,Eng,846,1,2025-06-16,1,5549
1898,24,F,3.5118414812885175,Eng,687,1,2025-06-17,0,4783
1899,24,F,3.7276300068000707,Art,834,0,2025-06-18,1,5617
1900,25,F,3.9262307060830484,Art,708,0,2025-06-19,1,5361
1901,24,M,3.512963272454873,Art,888,0,2025-06-20,0,4830
1902,26,F,4.153845401126665,Art,884,1,2025-06-21,1,5659
1903,24,M,3.850671420998374,CS,712,0,2025-06-22,1,5559
1904,30,F,2.9335758597975663,Eng,920,1,2025-06-23,0,4711
1905,22,F,4.170618523540361,CS,925,0,2025-06-24,1,5860
1906,33,M,3.3967017741975005,Biz,765,0,2025-06-25,0,4615
1907,26,M,3.228164749701377,CS,990,0,2025-06-26,1,5824
1908,33,M,3.268137569107086,Art,840,0,2025-06-27,1,6015
1909,24,F,3.5828906843410295,CS,940,0,2025-06-28,1,6197
1910,25,F,3.2066711575268916,Eng,676,0,2025-06-29,0,4263
1911,23,M,3.0921675586994173,Eng,688,0,2025-06-30,0,4538
1912,32,M,3.0697852846977898,Biz,752,0,2025-07-01,1,5280
1913,24,F,3.4285543548406445,Biz,806,0,2025-07-02,0,4589
1914,29,M,3.207297268966877,Art,796,1,2025-07-03,1,5635
1915,28,F,2.839292711037899,CS,745,1,2025-07-04,1,5566
1916,25,F,2.9990726270580765,CS,710,1,2025-07-05,1,5211
1917,24,M,2.867670218005472,Biz,777,0,2025-07-06,0,4455
1918,32,F,3.1685953267586284,Eng,650,0,2025-07-07,0,3980
1919,34,M,4.3778717485215095,Art,670,0,2025-07-08,1,5092
1920,28,F,3.4484133113022164,Biz,846,0,2025-07-09,1,5755
1921,32,M,3.227513551201303,Biz,741,0,2025-07-10,0,4171
1922,31,F,3.827425462492896,Art,867,0,2025-07-11,1,5446
1923,33,F,3.7639007299649783,Eng,787,1,2025-07-12,1,5831
1924,33,F,2.772287618575308,CS,943,1,2025-07-13,0,4850
1925,26,M,3.861166863274388,Biz,719,0,2025-07-14,1,5632
1926,28,F,,Biz,924,1,2025-07-15,1,5816
1927,25,M,3.7444580600526733,Art,909,0,2025-07-16,1,5708
1928,25,M,3.150757886603747,Art,861,0,2025-07-17,0,4963
1929,25,M,3.350766325700351,Biz,922,1,2025-07-18,1,5618
1930,33,F,3.429659626993338,Eng,768,1,2025-07-19,0,4478
1931,34,M,4.085364822696787,Eng,758,0,2025-07-20,1,5520
1932,22,F,2.934541724200489,Eng,972,0,2025-07-21,1,5722
1933,34,M,3.0957324897794187,Biz,750,1,2025-07-22,0,4641
1934,29,F,3.556243719499681,Art,783,0,2025-07-23,0,4547
1935,31,F,3.1162993737645426,Biz,717,0,2025-07-24,0,4711
1936,31,F,3.3677317554955457,Art,783,0,2025-07-25,1,5718
1937,22,F,4.173146146144874,Eng,756,0,2025-07-26,0,4654
1938,32,M,4.122206445793973,Biz,795,0,2025-07-27,1,5587
1939,33,M,3.1096812488431107,Eng,990,0,2025-07-28,1,5937
1940,23,M,3.3079987644906343,CS,826,1,2025-07-29,1,5502
1941,28,F,3.581022233201415,Art,779,0,2025-07-30,0,4610
1942,26,M,2.848523170685618,Art,782,0,2025-07-31,0,4146
1943,33,M,3.736622615889096,Art,764,0,2025-08-01,1,5640
1944,30,F,4.131047829813922,CS,586,1,2025-08-02,0,4431
1945,26,F,3.641115913778656,Eng,928,0,2025-08-03,1,5832
1946,34,F,4.252810899778941,Eng,612,0,2025-08-04,0,4220
1947,25,F,4.09508366142839,Eng,728,1,2025-08-05,1,5025
1948,25,M,3.621852338936094,Biz,701,0,2025-08-06,1,5306
1949,25,F,3.812886235986803,Art,775,1,2025-08-07,1,5333
1950,30,F,3.6732503430600327,Eng,807,0,2025-08-08,1,5453
1951,27,F,3.5667437578662953,Eng,809,1,2025-08-09,1,5550
1952,32,M,2.843362570767577,Art,927,0,2025-08-10,0,5064
1953,23,F,3.51366371373042,Biz,869,1,2025-08-11,1,5577
1954,23,F,3.423817428236704,Eng,920,1,2025-08-12,1,5763
1955,31,M,3.883437311429992,Biz,752,0,2025-08-13,1,5573
1956,31,M,2.7770610186269336,Eng,896,1,2025-08-14,1,5539
1957,23,M,3.2239259359891297,Eng,856,0,2025-08-15,1,5599
1958,33,F,2.990181040593154,Biz,648,0,2025-08-16,0,4312
1959,25,M,3.550396998558371,Biz,737,1,2025-08-17,1,5517
1960,24,F,3.749735161375106,Eng,753,0,2025-08-18,1,5330
1961,28,M,3.333710408744265,Biz,793,0,2025-08-19,0,4624
1962,23,M,3.3062159503089847,Art,771,1,2025-08-20,1,5539
1963,29,M,3.569150297372751,CS,600,0,2025-08-21,0,4082
1964,33,F,3.3127059531428014,Art,748,0,2025-08-22,0,4804
1965,23,F,3.2073034703552072,Art,856,0,2025-08-23,1,5368
1966,26,M,3.4180177673188705,Art,878,1,2025-08-24,1,5673
1967,27,M,4.14028604377279,Biz,817,1,2025-08-25,1,5754
1968,27,F,4.06265297036493,CS,791,1,2025-08-26,1,5569
1969,31,F,4.5,Biz,854,1,2025-08-27,1,5820
1970,33,M,3.5044084315785726,Art,834,0,2025-08-28,0,4481
1971,30,F,3.4748479373882795,CS,990,0,2025-08-29,1,5763
1972,34,F,3.3140968445018135,Eng,768,0,2025-08-30,0,4638
1973,31,M,2.8843528122460795,Eng,859,1,2025-08-31,1,5755
1974,30,F,3.1752709281044433,Biz,710,0,2025-09-01,0,4283
1975,22,F,2.7421140628555576,CS,848,0,2025-09-02,1,5686
1976,29,M,3.492081836175851,CS,903,1,2025-09-03,1,5791
1977,25,M,3.462911457297024,Art,646,0,2025-09-04,0,4229
1978,27,F,3.0338051367145735,Art,853,0,2025-09-05,0,4522
1979,27,M,3.5971594505079674,Art,759,0,2025-09-06,0,4354
1980,29,M,3.4639437065877696,Eng,865,0,2025-09-07,1,5504
1981,30,F,3.402304282996453,CS,731,1,2025-09-08,0,4594
1982,23,M,4.5,Eng,805,0,2025-09-09,1,5799
1983,27,F,3.750162402017081,Biz,695,0,2025-09-10,1,5675
1984,27,F,3.3813791531892914,Art,703,0,2025-09-11,0,4261
1985,24,F,3.4011852547041213,Eng,810,0,2025-09-12,1,5456
1986,33,F,3.5889737813276636,Art,646,1,2025-09-13,0,4586
1987,34,M,4.219488867536034,Eng,718,0,2025-09-14,0,4524
1988,30,F,3.5698411053314127,Art,718,1,2025-09-15,1,5301
1989,32,M,3.348546083343578,Art,816,0,2025-09-16,1,5429
1990,29,M,3.090608916675623,Eng,780,1,2025-09-17,1,5672
1991,30,M,3.0268814055133406,Eng,719,1,2025-09-18,0,4413
1992,28,F,3.3815061880148973,Eng,849,1,2025-09-19,1,5769
1993,27,M,3.7898749177297972,Art,810,1,2025-09-20,1,5705
1994,25,M,3.2923566949468186,Biz,740,0,2025-09-21,0,4102
1995,24,M,4.358767995476949,CS,739,1,2025-09-22,1,5239
1996,27,F,2.9485481500836954,Biz,874,0,2025-09-23,1,5864
1997,28,M,4.12141222578045,Biz,865,0,2025-09-24,1,6199
1998,25,M,4.5,Biz,723,1,2025-09-25,1,5010
1999,24,F,4.421860784218907,Biz,756,0,2025-09-26,1,5763
2000,29,M,3.1896119632915156,Biz,942,1,2025-09-27,1,6082
2001,22,M,3.5366351041061734,Art,764,1,2025-09-28,1,5249
2002,22,M,3.7665131148902002,CS,886,1,2025-09-29,1,5724
2003,26,F,3.6829582495173816,Art,687,0,2025-09-30,0,4335
2004,27,M,3.3967681759120163,Eng,753,1,2025-10-01,1,5713
2005,32,F,3.4933565725181754,Art,823,0,2025-10-02,1,5740
2006,27,M,3.4042898287689667,Biz,747,1,2025-10-03,0,4461
2007,25,M,2.7510185687730937,Eng,777,0,2025-10-04,0,4175
2008,34,F,3.6598080631633296,Art,990,0,2025-10-05,1,5451
2009,30,M,3.0461675712891,Art,708,1,2025-10-06,1,5513
2010,31,F,3.200375641032026,Art,701,0,2025-10-07,0,4159
2011,22,M,3.7986778127630556,Biz,875,1,2025-10-08,1,5780
2012,34,F,3.3451015709711043,Art,800,0,2025-10-09,0,4424
2013,31,F,3.878235436196947,CS,821,1,2025-10-10,1,5738
2014,22,M,3.723551884211338,Art,777,1,2025-10-11,1,5627
2015,32,F,2.8348223695113814,Art,686,0,2025-10-12,0,4193
2016,28,F,3.672658911784221,Art,725,0,2025-10-13,0,4601
2017,33,F,3.36736710100532,CS,829,0,2025-10-14,0,4664
2018,27,M,3.3028872434393026,Eng,990,0,2025-10-15,1,5864
2019,30,F,4.189868863689091,Biz,865,0,2025-10-16,1,5808
2020,29,M,3.477542376952165,Biz,766,1,2025-10-17,1,5679
2021,33,M,2.8918019991715207,Art,898,0,2025-10-18,0,4933
2022,24,F,3.359970754140282,Biz,809,0,2025-10-19,1,5897
2023,22,F,2.2828199511492993,CS,757,1,2025-10-20,0,4515
2024,33,M,3.3944326137480676,Art,737,0,2025-10-21,0,4097
2025,32,F,,Biz,854,1,2025-10-22,1,5555
2026,24,M,3.1947134220132343,Biz,655,1,2025-10-23,0,4087
2027,28,F,3.361518650003,Eng,815,0,2025-10-24,0,4482
2028,23,M,3.8208043213986427,CS,720,0,2025-10-25,0,4371
2029,30,F,3.5473127744929798,Eng,670,1,2025-10-26,1,5423
2030,30,F,4.012186389892925,Art,887,0,2025-10-27,1,5728
2031,28,F,3.4096212740272507,CS,568,0,2025-10-28,0,4209
2032,25,F,4.163309601524673,Eng,767,0,2025-10-29,1,5798
2033,26,F,3.627866310115491,CS,882,1,2025-10-30,1,5640
2034,29,F,3.8158221492088518,Biz,886,0,2025-10-31,1,5881
2035,27,M,3.28718981362884,Biz,859,0,2025-11-01,0,4631
2036,30,F,2.6157724186835085,Biz,947,1,2025-11-02,1,6152
2037,32,F,3.3549775692888626,Art,647,1,2025-11-03,0,4067
2038,26,M,3.425838718019153,CS,738,0,2025-11-04,0,4532
2039,33,M,3.820955605767797,Eng,850,0,2025-11-05,1,5865
2040,29,F,3.7628766039452923,Biz,824,1,2025-11-06,1,5475
2041,22,M,3.218829333701101,Eng,800,1,2025-11-07,1,5566
2042,27,F,4.011783841740837,Art,839,1,2025-11-08,1,5252
2043,33,M,3.1430355192455264,Biz,806,0,2025-11-09,0,4629
2044,30,M,3.3399198442147258,Eng,792,1,2025-11-10,1,5622
2045,28,M,3.2356703476861544,Biz,826,1,2025-11-11,1,5534
2046,31,M,,Eng,733,1,2025-11-12,1,5606
2047,32,M,3.1517891292849938,Eng,833,0,2025-11-13,1,5633
2048,24,F,3.518870632279794,CS,888,0,2025-11-14,1,5742
2049,22,F,3.281719384930143,CS,901,0,2025-11-15,0,5107
2050,31,F,3.2813226615120064,Biz,702,1,2025-11-16,0,4672
2051,32,F,3.474268921932233,Biz,855,1,2025-11-17,1,5507
2052,31,M,3.9246891301119784,CS,746,0,2025-11-18,1,5436
2053,31,F,3.9126403667203626,Eng,710,0,2025-11-19,1,5350
2054,27,F,3.5871418886030884,Eng,666,1,2025-11-20,0,4409
2055,26,F,4.167730664410542,Biz,768,0,2025-11-21,1,5792
2056,30,F,3.61626225976559,Eng,780,0,2025-11-22,0,4496
2057,22,F,3.2993557953203694,CS,843,0,2025-11-23,0,4372
2058,29,F,3.826919788691131,Eng,578,0,2025-11-24,0,3980
2059,28,M,,Biz,879,0,2025-11-25,1,5966
2060,28,M,3.1772481105961283,CS,692,1,2025-11-26,1,5511
2061,28,F,4.066027976788741,Art,790,1,2025-11-27,1,5742
2062,33,F,3.5813998725246132,Art,851,0,2025-11-28,1,5607
2063,22,F,3.799897695464452,CS,800,1,2025-11-29,1,5837
2064,27,F,3.976027874426468,Eng,876,0,2025-11-30,1,5858
2065,33,M,3.4015474790290043,CS,686,0,2025-12-01,0,4546
2066,34,M,3.7104626075196707,CS,558,0,2025-12-02,0,4181
2067,33,M,3.1766733890264294,Art,938,0,2025-12-03,0,4709
2068,23,M,3.5504886317281485,Biz,835,0,2025-12-04,0,4851
2069,31,F,3.013340459907762,Eng,708,1,2025-12-05,0,4981
2070,24,F,3.713461099586527,Biz,882,0,2025-12-06,0,4815
2071,28,F,,Eng,739,0,2025-12-07,1,5356
2072,30,M,3.1113390826425467,CS,759,0,2025-12-08,0,4371
2073,31,F,3.145640506100089,Eng,773,0,2025-12-09,1,5649
2074,24,M,3.097169538741128,CS,781,1,2025-12-10,0,4514
2075,25,F,3.592066534650872,CS,844,0,2025-12-11,0,4432
2076,34,M,2.9772622023031556,Art,748,0,2025-12-12,0,4823
2077,31,F,4.5,Art,777,0,2025-12-13,1,5730
2078,33,M,4.276809133706048,Art,717,1,2025-12-14,1,5318
2079,27,M,3.9489770633590227,Biz,782,0,2025-12-15,1,5428
2080,32,M,3.4708482599576036,CS,692,0,2025-12-16,1,5398
2081,34,M,3.6015588597548045,Art,969,0,2025-12-17,1,6185
2082,26,F,2.867258499504246,Art,876,1,2025-12-18,0,4771
2083,32,M,,Art,683,0,2025-12-19,0,4464
2084,34,M,3.568689376128722,Biz,932,1,2025-12-20,1,6000
2085,31,M,,Art,784,0,2025-12-21,1,5652
2086,29,F,3.730899621076519,Art,726,0,2025-12-22,0,4473
2087,32,F,3.731771075036718,Art,789,0,2025-12-23,1,5704
2088,29,M,2.985184424220469,CS,641,0,2025-12-24,0,4259
2089,34,F,3.8100999509586946,CS,578,0,2025-12-25,1,4823
2090,26,F,2.7909227644633585,Eng,795,0,2025-12-26,0,4852
2091,24,F,3.5091392776241412,Biz,721,1,2025-12-27,0,4399
2092,24,M,2.9417139394555716,Biz,807,0,2025-12-28,0,4458
2093,25,F,3.3828260726045465,CS,853,0,2025-12-29,0,4822
2094,25,F,3.4444802923437083,Art,749,0,2025-12-30,0,4302
2095,28,M,3.54568519115073,Eng,708,1,2025-12-31,0,4506
2096,34,M,3.951642058249012,Biz,672,0,2026-01-01,0,4500
2097,22,M,3.374677560842538,Eng,782,1,2026-01-02,1,5655
2098,30,F,3.407978653859047,Eng,877,0,2026-01-03,0,4910
2099,30,M,3.870146608955246,Eng,687,0,2026-01-04,1,5132
2100,34,M,3.1201995469159507,CS,666,0,2026-01-05,0,4672
2101,22,F,3.625941605292957,Art,981,0,2026-01-06,1,5500
2102,32,F,3.1581623407408084,Eng,837,0,2026-01-07,1,6031
2103,27,F,3.92322251436604,Biz,683,0,2026-01-08,1,5416
2104,26,M,,Biz,799,0,2026-01-09,1,5439
2105,32,F,3.81452866074137,CS,715,0,2026-01-10,1,5132
2106,29,F,3.4816230280158433,CS,696,0,2026-01-11,0,4247
2107,23,F,3.1971016969368637,Art,880,0,2026-01-12,1,5901
2108,27,M,3.650836762760735,Art,518,1,2026-01-13,0,4159
2109,27,F,3.5334858863117153,Biz,734,0,2026-01-14,1,5536
2110,26,M,,Art,620,0,2026-01-15,0,4497
2111,32,F,3.815743634974394,Biz,800,1,2026-01-16,1,5542
2112,25,F,2.5980737596110868,Biz,891,0,2026-01-17,1,5247
2113,34,F,3.2811871371711505,Art,743,0,2026-01-18,0,4447
2114,28,M,3.766235658369196,Biz,649,0,2026-01-19,0,4417
2115,32,F,3.2760748373540602,Eng,921,0,2026-01-20,1,6068
2116,29,F,,Eng,763,1,2026-01-21,0,4577
2117,31,F,3.820117095572515,CS,915,1,2026-01-22,1,5844
2118,28,F,4.28939005773413,Art,718,0,2026-01-23,0,4238
2119,31,M,3.3255479388076017,Biz,795,0,2026-01-24,1,5710
2120,27,F,3.066484506421137,Art,831,0,2026-01-25,1,5793
2121,22,F,3.349356760640803,Eng,790,1,2026-01-26,1,5184
2122,33,M,3.0098669515463365,Biz,796,0,2026-01-27,0,4803
2123,30,F,3.6665051544555287,Eng,806,0,2026-01-28,1,5920
2124,23,M,3.3203415720220244,Eng,896,0,2026-01-29,0,5158
2125,23,F,3.32697483900482,Art,939,1,2026-01-30,1,5778
2126,31,M,3.6464534008984972,Eng,720,0,2026-01-31,0,4431
2127,28,M,4.5,Art,856,0,2026-02-01,1,5614
2128,28,M,3.4183822947359923,Art,770,1,2026-02-02,1,5525
2129,27,F,3.580967032767479,Biz,752,1,2026-02-03,1,5488
2130,26,F,3.279365370937418,Biz,880,0,2026-02-04,1,6188
2131,28,F,2.7494583267084516,Eng,634,0,2026-02-05,0,4218
2132,22,M,3.1627246960495348,Art,763,1,2026-02-06,0,4812
2133,29,M,3.758406328387771,CS,655,1,2026-02-07,1,5289
2134,34,M,3.8491899885205108,Eng,606,1,2026-02-08,0,4215
2135,34,F,3.438282797080486,CS,935,1,2026-02-09,1,5909
2136,32,M,4.143259589838321,Eng,815,0,2026-02-10,1,5284
2137,30,F,3.6056179787466887,Eng,869,0,2026-02-11,1,5758
2138,25,M,3.321145565348663,Eng,687,1,2026-02-12,1,5036
2139,22,M,3.33549131977633,Art,831,1,2026-02-13,1,5683
2140,28,M,2.692851047598068,Eng,852,1,2026-02-14,1,6241
2141,23,M,2.895691218790159,Biz,917,0,2026-02-15,0,4675
2142,24,F,3.871002654523797,Eng,763,0,2026-02-16,1,5445
2143,29,M,3.4077251299995956,CS,745,0,2026-02-17,0,4270
2144,32,F,3.5209714036363096,Biz,868,0,2026-02-18,1,5704
2145,27,F,3.7252747899564933,Biz,840,1,2026-02-19,1,5717
2146,32,M,3.191308273005798,Eng,625,0,2026-02-20,0,4269
2147,29,M,4.1323293333244235,CS,751,0,2026-02-21,1,5538
2148,23,M,3.1033902512464087,CS,866,0,2026-02-22,1,6052
2149,31,M,3.351965829177841,Art,929,1,2026-02-23,1,5902
2150,34,M,3.5402057400657796,Biz,953,0,2026-02-24,1,6020
2151,30,F,4.05446684998392,CS,798,1,2026-02-25,1,5435
2152,26,M,3.990594872708912,Art,802,1,2026-02-26,1,5645
2153,34,F,2.7987193740686673,Art,747,0,2026-02-27,0,4618
2154,27,M,2.7444995414680755,Eng,775,1,2026-02-28,0,4521
2155,31,M,3.0488171365311745,Biz,816,0,2026-03-01,0,4420
2156,30,F,3.3364714161106166,Eng,567,0,2026-03-02,0,4405
2157,27,M,3.165483331098381,CS,550,0,2026-03-03,0,4638
2158,34,M,4.180253395019929,Art,580,1,2026-03-04,0,4208
2159,30,M,3.9342020623059697,Eng,887,1,2026-03-05,1,5788
2160,33,F,3.985247331499338,Eng,784,1,2026-03-06,1,5744
2161,30,F,4.5,Biz,914,0,2026-03-07,1,5986
2162,24,F,4.013588132107352,Eng,813,0,2026-03-08,1,5494
2163,28,M,,Art,771,0,2026-03-09,1,5558
2164,26,M,3.3606459216881004,Art,834,1,2026-03-10,1,6092
2165,23,F,,Biz,953,0,2026-03-11,1,6125
2166,27,M,3.4067942711202193,Eng,961,0,2026-03-12,1,5912
2167,24,M,2.719015666750985,CS,761,1,2026-03-13,0,4728
2168,32,M,3.36572292654399,Eng,664,0,2026-03-14,0,4065
2169,25,M,3.5454433786214365,Art,759,1,2026-03-15,1,5534
2170,24,M,3.440752088985574,Biz,795,1,2026-03-16,1,5300
2171,30,M,3.1311497844714222,Eng,631,0,2026-03-17,0,4142
2172,27,F,3.337062703756197,Biz,968,1,2026-03-18,1,5830
2173,30,F,3.312439283601602,Art,647,0,2026-03-19,0,4157
2174,25,M,3.3683794978969095,Eng,902,0,2026-03-20,1,5843
2175,29,F,3.3463112648909563,Art,838,1,2026-03-21,1,5641
2176,30,F,3.2769000163930597,Biz,919,0,2026-03-22,1,5874
2177,34,F,3.5296324514451323,Eng,830,0,2026-03-23,1,5610
2178,24,F,,Eng,775,1,2026-03-24,1,5740
2179,24,F,2.9501722774122574,Art,647,1,2026-03-25,0,3976
2180,27,M,3.517071020242406,CS,840,1,2026-03-26,1,5486
2181,22,F,3.2088484225296665,CS,668,0,2026-03-27,0,4261
2182,27,F,3.1045420960888235,Eng,787,1,2026-03-28,1,5933
2183,31,M,2.9786311174495124,Art,741,0,2026-03-29,1,5361
2184,33,M,3.7185382616936105,Biz,872,1,2026-03-30,1,5897
2185,23,M,3.8949954390355668,Art,790,1,2026-03-31,0,4591
2186,29,M,3.1706671610234407,Art,771,0,2026-04-01,0,4778
2187,26,F,3.480080666663476,Biz,824,0,2026-04-02,0,4478
2188,30,F,3.6225859373382656,Biz,772,1,2026-04-03,1,5440
2189,23,F,3.8684484605818854,CS,801,0,2026-04-04,1,5449
2190,29,M,3.7274619501706754,CS,712,0,2026-04-05,0,4496
2191,32,M,3.701415676045477,Eng,831,1,2026-04-06,1,5215
2192,34,M,3.2373154029576003,Art,848,0,2026-04-07,1,5599
2193,33,F,2.9771204348020976,Art,686,0,2026-04-08,0,4231
2194,28,F,3.4703661185405608,CS,979,1,2026-04-09,1,5972
2195,23,M,2.8253753744680656,Eng,910,0,2026-04-10,0,4792
2196,32,M,,CS,705,0,2026-04-11,0,4463
2197,29,M,3.151376986053376,Art,990,1,2026-04-12,1,6027
2198,22,F,4.349338508930239,Eng,911,1,2026-04-13,1,6024
2199,34,M,2.9950462529829145,Art,811,0,2026-04-14,1,5825
