OrderID,Date,Category,Price,Qty,MemberType,Gender,Age,ReviewScore
1000,2023-01-01 00:00:00,Tablet,1480000.0,4,Gold,M,43,3
1001,2023-01-01 01:00:00,Tablet,1970000.0,1,Gold,F,42,4
1002,2023-01-01 02:00:00,Tablet,1970000.0,5,Silver,M,57,5
1003,2023-01-01 03:00:00,Tablet,650000.0,5,Gold,M,45,3
1004,2023-01-01 04:00:00,Laptop,1740000.0,3,Silver,M,38,5
1005,2023-01-01 05:00:00,Laptop,920000.0,5,Silver,M,53,2
1006,2023-01-01 06:00:00,Watch,1060000.0,4,VIP,M,23,4
1007,2023-01-01 07:00:00,Watch,1520000.0,1,VIP,F,34,4
1008,2023-01-01 08:00:00,Laptop,1580000.0,2,Silver,F,34,3
1009,2023-01-01 09:00:00,Laptop,720000.0,2,Gold,M,44,4
1010,2023-01-01 10:00:00,Tablet,880000.0,3,Gold,M,23,4
1011,2023-01-01 11:00:00,Laptop,1470000.0,1,VIP,F,36,1
1012,2023-01-01 12:00:00,Mobile,1710000.0,1,Gold,M,48,3
1013,2023-01-01 13:00:00,Tablet,1420000.0,3,Bronze,M,49,4
1014,2023-01-01 14:00:00,Tablet,1560000.0,3,Silver,M,33,3
1015,2023-01-01 15:00:00,Mobile,760000.0,1,VIP,M,53,3
1016,2023-01-01 16:00:00,Laptop,1200000.0,5,Silver,M,46,5
1017,2023-01-01 17:00:00,Mobile,890000.0,4,VIP,M,57,5
1018,2023-01-01 18:00:00,Watch,780000.0,5,Bronze,M,36,1
1019,2023-01-01 19:00:00,Mobile,1640000.0,1,Bronze,M,54,4
1020,2023-01-01 20:00:00,Watch,760000.0,1,Gold,M,35,3
1021,2023-01-01 21:00:00,Laptop,1950000.0,1,Silver,F,52,4
1022,2023-01-01 22:00:00,Laptop,1000000.0,2,VIP,M,34,2
1023,2023-01-01 23:00:00,Laptop,1660000.0,2,Silver,F,56,5
1024,2023-01-02 00:00:00,Mobile,580000.0,5,Gold,M,41,1
1025,2023-01-02 01:00:00,Watch,1570000.0,2,Gold,F,23,5
1026,2023-01-02 02:00:00,Laptop,1600000.0,1,Silver,F,37,5
1027,2023-01-02 03:00:00,Mobile,1940000.0,3,Silver,M,31,2
1028,2023-01-02 04:00:00,Mobile,1530000.0,2,Bronze,F,59,4
1029,2023-01-02 05:00:00,Laptop,1570000.0,4,Silver,F,24,5
1030,2023-01-02 06:00:00,Watch,1370000.0,2,Gold,M,53,3
1031,2023-01-02 07:00:00,Watch,1790000.0,1,Gold,F,46,5
1032,2023-01-02 08:00:00,Mobile,1160000.0,5,VIP,M,55,2
1033,2023-01-02 09:00:00,Laptop,750000.0,4,Gold,M,23,3
1034,2023-01-02 10:00:00,Laptop,1410000.0,3,Gold,M,32,4
1035,2023-01-02 11:00:00,Mobile,1360000.0,4,VIP,F,25,4
1036,2023-01-02 12:00:00,Mobile,830000.0,1,Silver,F,53,4
1037,2023-01-02 13:00:00,Watch,900000.0,5,Silver,M,52,4
1038,2023-01-02 14:00:00,Mobile,1310000.0,3,Bronze,F,54,5
1039,2023-01-02 15:00:00,Watch,760000.0,1,VIP,M,53,1
1040,2023-01-02 16:00:00,Tablet,1970000.0,4,Bronze,M,26,4
1041,2023-01-02 17:00:00,Mobile,1760000.0,1,VIP,M,33,4
1042,2023-01-02 18:00:00,Tablet,1260000.0,4,Gold,F,30,5
1043,2023-01-02 19:00:00,Laptop,1020000.0,2,Gold,M,31,1
1044,2023-01-02 20:00:00,Laptop,810000.0,5,Bronze,M,46,1
1045,2023-01-02 21:00:00,Tablet,1010000.0,5,Gold,F,46,1
1046,2023-01-02 22:00:00,Tablet,540000.0,2,Bronze,M,20,4
1047,2023-01-02 23:00:00,Watch,,1,VIP,F,22,4
1048,2023-01-03 00:00:00,Watch,1960000.0,3,VIP,F,43,1
1049,2023-01-03 01:00:00,Mobile,1720000.0,4,VIP,F,21,2
1050,2023-01-03 02:00:00,Mobile,1560000.0,3,Silver,F,54,3
1051,2023-01-03 03:00:00,Tablet,870000.0,2,VIP,M,40,4
1052,2023-01-03 04:00:00,Laptop,960000.0,1,Bronze,F,22,5
1053,2023-01-03 05:00:00,Watch,1580000.0,1,Bronze,M,53,3
1054,2023-01-03 06:00:00,Laptop,880000.0,2,Gold,F,58,5
1055,2023-01-03 07:00:00,Watch,1800000.0,1,Silver,F,48,5
1056,2023-01-03 08:00:00,Mobile,1270000.0,2,Gold,F,39,5
1057,2023-01-03 09:00:00,Mobile,1660000.0,5,Gold,F,20,5
1058,2023-01-03 10:00:00,Mobile,1640000.0,4,Gold,F,53,3
1059,2023-01-03 11:00:00,Laptop,1580000.0,5,Bronze,F,45,4
1060,2023-01-03 12:00:00,Laptop,1030000.0,4,Gold,M,20,3
1061,2023-01-03 13:00:00,Mobile,1330000.0,1,Gold,M,37,4
1062,2023-01-03 14:00:00,Watch,1390000.0,1,Gold,M,24,4
1063,2023-01-03 15:00:00,Mobile,1550000.0,4,Silver,M,56,4
1064,2023-01-03 16:00:00,Tablet,680000.0,2,Silver,F,44,5
1065,2023-01-03 17:00:00,Laptop,530000.0,5,Gold,F,33,3
1066,2023-01-03 18:00:00,Laptop,1460000.0,1,Silver,F,47,3
1067,2023-01-03 19:00:00,Watch,1320000.0,2,Gold,F,26,1
1068,2023-01-03 20:00:00,Tablet,1770000.0,5,VIP,F,38,1
1069,2023-01-03 21:00:00,Laptop,1350000.0,3,Silver,M,26,3
1070,2023-01-03 22:00:00,Mobile,1670000.0,5,Gold,M,53,5
1071,2023-01-03 23:00:00,Laptop,540000.0,3,VIP,F,27,1
1072,2023-01-04 00:00:00,Watch,720000.0,1,Silver,M,38,4
1073,2023-01-04 01:00:00,Tablet,1810000.0,3,Gold,F,48,5
1074,2023-01-04 02:00:00,Laptop,1390000.0,3,Silver,M,20,2
1075,2023-01-04 03:00:00,Tablet,1940000.0,2,VIP,F,25,3
1076,2023-01-04 04:00:00,Watch,1940000.0,1,Gold,F,47,3
1077,2023-01-04 05:00:00,Mobile,1590000.0,2,Bronze,F,20,5
1078,2023-01-04 06:00:00,Watch,690000.0,4,Gold,M,41,3
1079,2023-01-04 07:00:00,Mobile,1830000.0,5,Bronze,F,30,1
1080,2023-01-04 08:00:00,Mobile,1050000.0,5,Gold,F,28,2
1081,2023-01-04 09:00:00,Tablet,1780000.0,2,VIP,F,44,4
1082,2023-01-04 10:00:00,Mobile,1870000.0,4,Silver,M,44,3
1083,2023-01-04 11:00:00,Laptop,1060000.0,2,VIP,M,39,5
1084,2023-01-04 12:00:00,Tablet,1080000.0,5,Gold,F,38,5
1085,2023-01-04 13:00:00,Mobile,1450000.0,4,VIP,M,21,4
1086,2023-01-04 14:00:00,Laptop,710000.0,4,VIP,F,29,4
1087,2023-01-04 15:00:00,Laptop,940000.0,1,Gold,M,23,2
1088,2023-01-04 16:00:00,Watch,1990000.0,3,Gold,F,42,4
1089,2023-01-04 17:00:00,Tablet,1820000.0,4,Gold,M,48,5
1090,2023-01-04 18:00:00,Laptop,1530000.0,5,Bronze,M,35,1
1091,2023-01-04 19:00:00,Mobile,1880000.0,4,Silver,F,55,4
1092,2023-01-04 20:00:00,Watch,630000.0,5,Bronze,M,51,4
1093,2023-01-04 21:00:00,Tablet,990000.0,1,Bronze,M,53,3
1094,2023-01-04 22:00:00,Tablet,1750000.0,2,Gold,M,59,4
1095,2023-01-04 23:00:00,Laptop,1640000.0,2,Gold,M,38,3
1096,2023-01-05 00:00:00,Laptop,960000.0,4,VIP,F,53,3
1097,2023-01-05 01:00:00,Laptop,1660000.0,4,Silver,M,55,5
1098,2023-01-05 02:00:00,Watch,1370000.0,4,Bronze,F,34,5
1099,2023-01-05 03:00:00,Watch,790000.0,2,Silver,M,50,3
1100,2023-01-05 04:00:00,Tablet,1720000.0,1,VIP,F,52,4
1101,2023-01-05 05:00:00,Watch,1670000.0,2,Silver,M,33,4
1102,2023-01-05 06:00:00,Watch,1310000.0,3,VIP,F,22,4
1103,2023-01-05 07:00:00,Watch,1650000.0,5,Gold,F,42,3
1104,2023-01-05 08:00:00,Tablet,600000.0,2,Bronze,M,46,3
1105,2023-01-05 09:00:00,Laptop,1230000.0,1,VIP,F,48,5
1106,2023-01-05 10:00:00,Watch,1060000.0,3,Gold,F,44,2
1107,2023-01-05 11:00:00,Tablet,630000.0,3,Bronze,F,33,1
1108,2023-01-05 12:00:00,Laptop,1720000.0,4,Gold,F,29,4
1109,2023-01-05 13:00:00,Laptop,820000.0,2,Gold,M,50,4
1110,2023-01-05 14:00:00,Laptop,890000.0,1,VIP,F,50,5
1111,2023-01-05 15:00:00,Mobile,1350000.0,4,VIP,F,50,4
1112,2023-01-05 16:00:00,Laptop,1250000.0,4,Silver,F,23,4
1113,2023-01-05 17:00:00,Mobile,1800000.0,2,Bronze,M,51,3
1114,2023-01-05 18:00:00,Mobile,1240000.0,5,VIP,F,53,4
1115,2023-01-05 19:00:00,Tablet,1220000.0,2,VIP,M,21,5
1116,2023-01-05 20:00:00,Laptop,1200000.0,2,Gold,M,20,4
1117,2023-01-05 21:00:00,Laptop,,4,Gold,F,44,3
1118,2023-01-05 22:00:00,Mobile,1120000.0,4,Gold,M,54,2
1119,2023-01-05 23:00:00,Mobile,820000.0,4,VIP,F,57,2
1120,2023-01-06 00:00:00,Tablet,1140000.0,3,Bronze,F,54,3
1121,2023-01-06 01:00:00,Watch,560000.0,4,Bronze,M,52,4
1122,2023-01-06 02:00:00,Watch,710000.0,1,Gold,M,29,5
1123,2023-01-06 03:00:00,Watch,1460000.0,2,Gold,F,38,3
1124,2023-01-06 04:00:00,Mobile,650000.0,2,Silver,M,29,3
1125,2023-01-06 05:00:00,Tablet,1520000.0,5,Bronze,M,46,5
1126,2023-01-06 06:00:00,Laptop,1840000.0,4,VIP,F,21,5
1127,2023-01-06 07:00:00,Watch,810000.0,2,Bronze,M,36,1
1128,2023-01-06 08:00:00,Tablet,770000.0,3,Silver,F,47,1
1129,2023-01-06 09:00:00,Laptop,1700000.0,3,Silver,M,27,5
1130,2023-01-06 10:00:00,Laptop,1340000.0,5,VIP,M,34,1
1131,2023-01-06 11:00:00,Tablet,680000.0,3,VIP,F,24,2
1132,2023-01-06 12:00:00,Watch,1160000.0,1,Bronze,F,43,3
1133,2023-01-06 13:00:00,Mobile,1330000.0,5,Silver,M,22,3
1134,2023-01-06 14:00:00,Tablet,860000.0,1,VIP,F,30,4
1135,2023-01-06 15:00:00,Laptop,1690000.0,1,Gold,M,28,1
1136,2023-01-06 16:00:00,Watch,1060000.0,3,VIP,F,34,4
1137,2023-01-06 17:00:00,Tablet,680000.0,3,Gold,M,22,5
1138,2023-01-06 18:00:00,Laptop,1540000.0,3,Gold,M,24,4
1139,2023-01-06 19:00:00,Watch,1320000.0,1,Bronze,F,44,3
1140,2023-01-06 20:00:00,Watch,1010000.0,2,Bronze,M,57,3
1141,2023-01-06 21:00:00,Tablet,860000.0,2,Silver,M,37,4
1142,2023-01-06 22:00:00,Mobile,1470000.0,5,Bronze,F,34,4
1143,2023-01-06 23:00:00,Laptop,1720000.0,4,VIP,M,54,4
1144,2023-01-07 00:00:00,Watch,540000.0,5,Bronze,F,27,5
1145,2023-01-07 01:00:00,Laptop,1630000.0,3,VIP,M,49,4
1146,2023-01-07 02:00:00,Tablet,1930000.0,4,VIP,F,48,4
1147,2023-01-07 03:00:00,Tablet,560000.0,1,Silver,M,53,3
1148,2023-01-07 04:00:00,Mobile,1480000.0,4,Bronze,F,26,3
1149,2023-01-07 05:00:00,Watch,1620000.0,4,Gold,F,47,4
1150,2023-01-07 06:00:00,Laptop,1780000.0,1,Silver,F,27,5
1151,2023-01-07 07:00:00,Watch,950000.0,5,Gold,M,30,5
1152,2023-01-07 08:00:00,Mobile,1440000.0,1,Gold,M,47,3
1153,2023-01-07 09:00:00,Mobile,1550000.0,1,Bronze,M,58,3
1154,2023-01-07 10:00:00,Tablet,1990000.0,5,Silver,M,33,3
1155,2023-01-07 11:00:00,Laptop,1110000.0,1,Bronze,M,25,4
1156,2023-01-07 12:00:00,Mobile,510000.0,3,Gold,F,50,1
1157,2023-01-07 13:00:00,Laptop,710000.0,5,Bronze,M,54,4
1158,2023-01-07 14:00:00,Watch,1780000.0,2,Silver,M,53,5
1159,2023-01-07 15:00:00,Mobile,940000.0,4,Bronze,M,51,4
1160,2023-01-07 16:00:00,Watch,,2,Bronze,M,38,5
1161,2023-01-07 17:00:00,Watch,1420000.0,5,Gold,M,23,4
1162,2023-01-07 18:00:00,Laptop,1970000.0,3,VIP,F,43,5
1163,2023-01-07 19:00:00,Mobile,1650000.0,1,VIP,F,54,1
1164,2023-01-07 20:00:00,Mobile,570000.0,5,VIP,M,41,5
1165,2023-01-07 21:00:00,Tablet,510000.0,2,Bronze,F,55,1
1166,2023-01-07 22:00:00,Watch,1370000.0,3,Bronze,F,49,4
1167,2023-01-07 23:00:00,Mobile,1940000.0,3,VIP,F,41,3
1168,2023-01-08 00:00:00,Watch,1090000.0,3,VIP,M,54,4
1169,2023-01-08 01:00:00,Mobile,590000.0,2,Bronze,M,41,4
1170,2023-01-08 02:00:00,Mobile,740000.0,2,Gold,M,34,4
1171,2023-01-08 03:00:00,Watch,1160000.0,2,Gold,M,33,2
1172,2023-01-08 04:00:00,Watch,950000.0,4,VIP,M,49,4
1173,2023-01-08 05:00:00,Tablet,1240000.0,5,Gold,M,38,5
1174,2023-01-08 06:00:00,Laptop,1520000.0,5,Gold,F,51,5
1175,2023-01-08 07:00:00,Tablet,1050000.0,3,Bronze,M,44,5
1176,2023-01-08 08:00:00,Laptop,1480000.0,3,Bronze,M,49,1
1177,2023-01-08 09:00:00,Watch,500000.0,2,Gold,M,43,1
1178,2023-01-08 10:00:00,Laptop,1790000.0,2,VIP,M,22,5
1179,2023-01-08 11:00:00,Mobile,1920000.0,3,Silver,M,53,1
1180,2023-01-08 12:00:00,Mobile,890000.0,2,Silver,F,45,1
1181,2023-01-08 13:00:00,Tablet,540000.0,1,Bronze,F,39,5
1182,2023-01-08 14:00:00,Tablet,790000.0,4,VIP,M,30,5
1183,2023-01-08 15:00:00,Watch,1540000.0,4,VIP,M,39,5
1184,2023-01-08 16:00:00,Watch,1480000.0,2,VIP,M,57,1
1185,2023-01-08 17:00:00,Tablet,1350000.0,2,Gold,F,24,4
1186,2023-01-08 18:00:00,Watch,1580000.0,1,Silver,F,30,4
1187,2023-01-08 19:00:00,Tablet,760000.0,4,Gold,F,35,1
1188,2023-01-08 20:00:00,Mobile,1200000.0,4,VIP,F,21,4
1189,2023-01-08 21:00:00,Mobile,1450000.0,4,VIP,F,57,1
1190,2023-01-08 22:00:00,Mobile,1700000.0,1,VIP,F,56,4
1191,2023-01-08 23:00:00,Watch,760000.0,5,Bronze,M,39,4
1192,2023-01-09 00:00:00,Laptop,720000.0,2,Bronze,F,40,4
1193,2023-01-09 01:00:00,Tablet,580000.0,4,Silver,F,49,1
1194,2023-01-09 02:00:00,Watch,1200000.0,5,Gold,F,25,5
1195,2023-01-09 03:00:00,Mobile,1980000.0,4,VIP,M,46,3
1196,2023-01-09 04:00:00,Laptop,960000.0,1,Bronze,M,41,3
1197,2023-01-09 05:00:00,Watch,930000.0,5,Gold,M,34,5
1198,2023-01-09 06:00:00,Mobile,1270000.0,2,Bronze,M,30,4
1199,2023-01-09 07:00:00,Watch,1100000.0,1,Silver,M,45,1
1200,2023-01-09 08:00:00,Laptop,960000.0,1,Silver,M,26,3
1201,2023-01-09 09:00:00,Laptop,590000.0,4,Bronze,M,33,5
1202,2023-01-09 10:00:00,Watch,1640000.0,1,Silver,F,54,2
1203,2023-01-09 11:00:00,Mobile,1170000.0,2,Bronze,M,47,4
1204,2023-01-09 12:00:00,Tablet,1120000.0,4,VIP,F,37,3
1205,2023-01-09 13:00:00,Mobile,1780000.0,3,VIP,F,28,4
1206,2023-01-09 14:00:00,Tablet,1850000.0,3,VIP,M,24,4
1207,2023-01-09 15:00:00,Laptop,1290000.0,1,Silver,M,23,3
1208,2023-01-09 16:00:00,Mobile,780000.0,1,Silver,M,25,4
1209,2023-01-09 17:00:00,Watch,1690000.0,3,Silver,F,22,3
1210,2023-01-09 18:00:00,Tablet,1120000.0,2,Bronze,F,38,1
1211,2023-01-09 19:00:00,Tablet,1960000.0,2,Bronze,M,31,3
1212,2023-01-09 20:00:00,Watch,600000.0,2,Silver,M,23,4
1213,2023-01-09 21:00:00,Laptop,1770000.0,5,VIP,F,50,5
1214,2023-01-09 22:00:00,Watch,1030000.0,2,Silver,M,53,5
1215,2023-01-09 23:00:00,Laptop,660000.0,3,Silver,F,46,3
1216,2023-01-10 00:00:00,Mobile,860000.0,2,Bronze,M,44,3
1217,2023-01-10 01:00:00,Laptop,1460000.0,4,Bronze,F,51,5
1218,2023-01-10 02:00:00,Mobile,720000.0,3,Gold,M,53,5
1219,2023-01-10 03:00:00,Laptop,1070000.0,1,Bronze,F,25,4
1220,2023-01-10 04:00:00,Laptop,1700000.0,3,Gold,M,54,3
1221,2023-01-10 05:00:00,Tablet,1700000.0,1,VIP,F,35,5
1222,2023-01-10 06:00:00,Laptop,860000.0,2,Silver,F,47,1
1223,2023-01-10 07:00:00,Mobile,1830000.0,5,Gold,M,52,4
1224,2023-01-10 08:00:00,Laptop,1470000.0,1,Bronze,F,26,3
1225,2023-01-10 09:00:00,Watch,800000.0,2,Bronze,F,56,4
1226,2023-01-10 10:00:00,Mobile,1700000.0,2,VIP,M,45,3
1227,2023-01-10 11:00:00,Watch,1290000.0,3,Bronze,F,21,1
1228,2023-01-10 12:00:00,Watch,510000.0,3,Gold,M,21,5
1229,2023-01-10 13:00:00,Tablet,1990000.0,1,Silver,M,47,4
1230,2023-01-10 14:00:00,Mobile,770000.0,3,Silver,F,44,5
1231,2023-01-10 15:00:00,Laptop,1120000.0,2,Silver,M,28,5
1232,2023-01-10 16:00:00,Laptop,1480000.0,4,Silver,F,40,2
1233,2023-01-10 17:00:00,Laptop,1710000.0,2,VIP,M,49,4
1234,2023-01-10 18:00:00,Mobile,670000.0,5,Bronze,M,49,1
1235,2023-01-10 19:00:00,Mobile,630000.0,5,Gold,M,20,5
1236,2023-01-10 20:00:00,Mobile,1150000.0,1,Silver,F,37,4
1237,2023-01-10 21:00:00,Watch,1060000.0,2,Bronze,M,34,4
1238,2023-01-10 22:00:00,Watch,1800000.0,5,Gold,M,25,4
1239,2023-01-10 23:00:00,Mobile,1110000.0,4,Gold,M,31,4
1240,2023-01-11 00:00:00,Mobile,770000.0,5,Gold,M,40,5
1241,2023-01-11 01:00:00,Watch,1130000.0,5,VIP,F,53,2
1242,2023-01-11 02:00:00,Mobile,1430000.0,2,VIP,F,45,3
1243,2023-01-11 03:00:00,Tablet,1810000.0,4,Silver,M,55,4
1244,2023-01-11 04:00:00,Watch,630000.0,3,Gold,F,25,5
1245,2023-01-11 05:00:00,Watch,680000.0,3,Gold,F,34,4
1246,2023-01-11 06:00:00,Watch,1240000.0,1,Gold,F,35,4
1247,2023-01-11 07:00:00,Mobile,1680000.0,5,Bronze,F,36,3
1248,2023-01-11 08:00:00,Laptop,,4,Silver,F,24,3
1249,2023-01-11 09:00:00,Mobile,900000.0,1,Gold,M,32,4
1250,2023-01-11 10:00:00,Tablet,1440000.0,2,Silver,M,45,1
1251,2023-01-11 11:00:00,Laptop,520000.0,1,VIP,F,34,5
1252,2023-01-11 12:00:00,Laptop,520000.0,4,VIP,M,20,5
1253,2023-01-11 13:00:00,Mobile,620000.0,5,Bronze,M,26,5
1254,2023-01-11 14:00:00,Laptop,,5,VIP,F,30,3
1255,2023-01-11 15:00:00,Tablet,1570000.0,4,Gold,M,56,3
1256,2023-01-11 16:00:00,Tablet,1890000.0,3,Silver,F,54,5
1257,2023-01-11 17:00:00,Tablet,1570000.0,5,Silver,F,51,5
1258,2023-01-11 18:00:00,Laptop,1610000.0,4,VIP,M,29,4
1259,2023-01-11 19:00:00,Tablet,,1,Bronze,F,52,5
1260,2023-01-11 20:00:00,Laptop,840000.0,1,Gold,M,35,4
1261,2023-01-11 21:00:00,Tablet,1500000.0,2,VIP,F,52,3
1262,2023-01-11 22:00:00,Mobile,1310000.0,5,Bronze,F,22,5
1263,2023-01-11 23:00:00,Laptop,1220000.0,5,Silver,F,49,5
1264,2023-01-12 00:00:00,Watch,1560000.0,3,Gold,M,55,1
1265,2023-01-12 01:00:00,Watch,1210000.0,3,Silver,M,41,3
1266,2023-01-12 02:00:00,Tablet,1630000.0,4,Bronze,M,43,3
1267,2023-01-12 03:00:00,Mobile,1520000.0,1,VIP,F,55,1
1268,2023-01-12 04:00:00,Tablet,1420000.0,2,Silver,M,20,5
1269,2023-01-12 05:00:00,Laptop,1340000.0,3,VIP,F,27,5
1270,2023-01-12 06:00:00,Tablet,1160000.0,5,Silver,F,22,5
1271,2023-01-12 07:00:00,Watch,580000.0,5,Gold,M,34,5
1272,2023-01-12 08:00:00,Watch,1480000.0,2,VIP,F,27,3
1273,2023-01-12 09:00:00,Tablet,1970000.0,5,Gold,F,27,5
1274,2023-01-12 10:00:00,Watch,650000.0,4,Gold,F,28,3
1275,2023-01-12 11:00:00,Laptop,1900000.0,1,VIP,F,53,5
1276,2023-01-12 12:00:00,Mobile,620000.0,5,Gold,F,59,3
1277,2023-01-12 13:00:00,Mobile,1980000.0,3,Bronze,M,38,5
1278,2023-01-12 14:00:00,Laptop,820000.0,4,Bronze,M,25,4
1279,2023-01-12 15:00:00,Mobile,1430000.0,1,Silver,F,20,2
1280,2023-01-12 16:00:00,Laptop,820000.0,3,Silver,M,26,5
1281,2023-01-12 17:00:00,Tablet,1350000.0,3,Gold,M,30,5
1282,2023-01-12 18:00:00,Watch,1370000.0,3,VIP,M,36,5
1283,2023-01-12 19:00:00,Laptop,1350000.0,4,Bronze,M,32,3
1284,2023-01-12 20:00:00,Mobile,1630000.0,3,VIP,M,50,5
1285,2023-01-12 21:00:00,Tablet,1360000.0,4,Silver,M,39,5
1286,2023-01-12 22:00:00,Tablet,1940000.0,1,Gold,F,38,5
1287,2023-01-12 23:00:00,Laptop,1060000.0,2,VIP,F,20,4
1288,2023-01-13 00:00:00,Laptop,860000.0,3,Bronze,M,37,3
1289,2023-01-13 01:00:00,Tablet,1820000.0,3,Bronze,M,37,3
1290,2023-01-13 02:00:00,Tablet,1640000.0,3,Bronze,M,36,3
1291,2023-01-13 03:00:00,Tablet,1370000.0,2,Silver,M,35,5
1292,2023-01-13 04:00:00,Laptop,1010000.0,4,Silver,M,25,3
1293,2023-01-13 05:00:00,Tablet,620000.0,3,VIP,F,34,5
1294,2023-01-13 06:00:00,Mobile,1000000.0,1,Silver,F,40,4
1295,2023-01-13 07:00:00,Watch,1700000.0,1,Silver,F,33,3
1296,2023-01-13 08:00:00,Tablet,610000.0,2,Bronze,F,57,1
1297,2023-01-13 09:00:00,Watch,530000.0,2,Silver,M,23,3
1298,2023-01-13 10:00:00,Watch,690000.0,1,Bronze,M,54,5
1299,2023-01-13 11:00:00,Laptop,730000.0,5,VIP,M,43,3
1300,2023-01-13 12:00:00,Laptop,810000.0,5,VIP,M,49,5
1301,2023-01-13 13:00:00,Tablet,980000.0,2,Silver,F,23,1
1302,2023-01-13 14:00:00,Laptop,1760000.0,4,VIP,F,51,5
1303,2023-01-13 15:00:00,Laptop,1020000.0,3,Silver,M,57,1
1304,2023-01-13 16:00:00,Watch,1140000.0,5,Gold,M,44,5
1305,2023-01-13 17:00:00,Tablet,570000.0,4,VIP,F,23,4
1306,2023-01-13 18:00:00,Watch,1220000.0,4,Silver,F,43,3
1307,2023-01-13 19:00:00,Laptop,890000.0,2,Bronze,F,42,1
1308,2023-01-13 20:00:00,Laptop,1510000.0,2,Silver,M,47,3
1309,2023-01-13 21:00:00,Laptop,680000.0,2,Gold,F,46,5
1310,2023-01-13 22:00:00,Mobile,720000.0,5,VIP,M,42,4
1311,2023-01-13 23:00:00,Tablet,1040000.0,1,Gold,F,20,3
1312,2023-01-14 00:00:00,Laptop,870000.0,1,Silver,M,42,4
1313,2023-01-14 01:00:00,Tablet,1450000.0,5,Gold,M,28,5
1314,2023-01-14 02:00:00,Laptop,1050000.0,3,VIP,F,44,5
1315,2023-01-14 03:00:00,Watch,1910000.0,1,Gold,M,26,4
1316,2023-01-14 04:00:00,Laptop,590000.0,5,Gold,M,36,5
1317,2023-01-14 05:00:00,Tablet,910000.0,5,VIP,F,58,1
1318,2023-01-14 06:00:00,Mobile,520000.0,5,Gold,F,35,4
1319,2023-01-14 07:00:00,Laptop,1970000.0,3,Gold,M,58,5
1320,2023-01-14 08:00:00,Tablet,1360000.0,3,Bronze,M,49,4
1321,2023-01-14 09:00:00,Watch,1760000.0,5,Silver,M,57,5
1322,2023-01-14 10:00:00,Tablet,1360000.0,4,Gold,M,59,2
1323,2023-01-14 11:00:00,Mobile,750000.0,1,VIP,M,27,3
1324,2023-01-14 12:00:00,Watch,580000.0,1,Gold,F,48,3
1325,2023-01-14 13:00:00,Mobile,1390000.0,4,Bronze,M,34,5
1326,2023-01-14 14:00:00,Tablet,1800000.0,2,Bronze,M,52,3
1327,2023-01-14 15:00:00,Laptop,1510000.0,1,Bronze,M,26,5
1328,2023-01-14 16:00:00,Mobile,1200000.0,4,Bronze,M,58,5
1329,2023-01-14 17:00:00,Watch,1040000.0,5,VIP,F,56,1
1330,2023-01-14 18:00:00,Watch,1440000.0,5,Silver,M,46,2
1331,2023-01-14 19:00:00,Watch,1800000.0,1,Silver,F,36,1
1332,2023-01-14 20:00:00,Watch,1910000.0,3,Bronze,M,30,1
1333,2023-01-14 21:00:00,Laptop,810000.0,1,Silver,M,59,1
1334,2023-01-14 22:00:00,Tablet,570000.0,5,Bronze,M,49,5
1335,2023-01-14 23:00:00,Laptop,1280000.0,1,Bronze,M,21,3
1336,2023-01-15 00:00:00,Laptop,1350000.0,3,Silver,M,22,5
1337,2023-01-15 01:00:00,Mobile,1140000.0,2,Bronze,F,51,1
1338,2023-01-15 02:00:00,Mobile,,2,VIP,F,48,5
1339,2023-01-15 03:00:00,Tablet,1350000.0,1,Bronze,M,23,4
1340,2023-01-15 04:00:00,Laptop,670000.0,2,Gold,M,47,4
1341,2023-01-15 05:00:00,Mobile,940000.0,2,Gold,M,24,4
1342,2023-01-15 06:00:00,Laptop,1750000.0,1,Silver,M,58,4
1343,2023-01-15 07:00:00,Laptop,1270000.0,3,VIP,F,41,3
1344,2023-01-15 08:00:00,Tablet,910000.0,4,Silver,M,28,5
1345,2023-01-15 09:00:00,Tablet,1660000.0,2,Bronze,M,39,3
1346,2023-01-15 10:00:00,Tablet,1450000.0,3,Bronze,F,52,4
1347,2023-01-15 11:00:00,Tablet,800000.0,2,VIP,F,36,1
1348,2023-01-15 12:00:00,Watch,1750000.0,4,Gold,F,44,5
1349,2023-01-15 13:00:00,Watch,900000.0,3,Bronze,M,49,4
1350,2023-01-15 14:00:00,Watch,1290000.0,4,Silver,M,34,4
1351,2023-01-15 15:00:00,Watch,1680000.0,3,Silver,M,34,2
1352,2023-01-15 16:00:00,Mobile,1310000.0,1,VIP,M,37,5
1353,2023-01-15 17:00:00,Mobile,1350000.0,2,Silver,M,32,3
1354,2023-01-15 18:00:00,Mobile,560000.0,2,VIP,F,25,4
1355,2023-01-15 19:00:00,Watch,1230000.0,5,VIP,M,44,5
1356,2023-01-15 20:00:00,Tablet,1480000.0,5,Bronze,F,27,3
1357,2023-01-15 21:00:00,Mobile,1910000.0,2,Silver,F,32,2
1358,2023-01-15 22:00:00,Watch,690000.0,3,Silver,M,32,5
1359,2023-01-15 23:00:00,Laptop,610000.0,4,Silver,M,27,1
1360,2023-01-16 00:00:00,Mobile,520000.0,2,Bronze,F,56,5
1361,2023-01-16 01:00:00,Laptop,1060000.0,1,Gold,F,24,3
1362,2023-01-16 02:00:00,Tablet,800000.0,3,VIP,F,25,5
1363,2023-01-16 03:00:00,Watch,1600000.0,3,Silver,M,40,5
1364,2023-01-16 04:00:00,Laptop,560000.0,3,VIP,M,21,4
1365,2023-01-16 05:00:00,Tablet,1260000.0,2,VIP,M,38,5
1366,2023-01-16 06:00:00,Laptop,1040000.0,5,Bronze,M,44,4
1367,2023-01-16 07:00:00,Watch,1790000.0,5,VIP,M,29,5
1368,2023-01-16 08:00:00,Tablet,1480000.0,4,Bronze,F,32,5
1369,2023-01-16 09:00:00,Laptop,510000.0,3,Bronze,M,59,5
1370,2023-01-16 10:00:00,Tablet,550000.0,1,Silver,F,45,2
1371,2023-01-16 11:00:00,Laptop,1760000.0,3,Silver,F,24,5
1372,2023-01-16 12:00:00,Tablet,1450000.0,1,VIP,M,35,3
1373,2023-01-16 13:00:00,Laptop,1400000.0,5,Bronze,F,30,5
1374,2023-01-16 14:00:00,Watch,870000.0,5,Silver,F,50,4
1375,2023-01-16 15:00:00,Mobile,1420000.0,4,Gold,M,24,4
1376,2023-01-16 16:00:00,Laptop,690000.0,5,VIP,F,31,4
1377,2023-01-16 17:00:00,Tablet,760000.0,4,Silver,F,36,3
1378,2023-01-16 18:00:00,Watch,590000.0,1,Bronze,F,45,5
1379,2023-01-16 19:00:00,Laptop,1830000.0,3,VIP,M,24,4
1380,2023-01-16 20:00:00,Laptop,910000.0,2,Bronze,M,46,3
1381,2023-01-16 21:00:00,Laptop,1330000.0,4,Silver,M,34,5
1382,2023-01-16 22:00:00,Watch,960000.0,4,Silver,F,38,5
1383,2023-01-16 23:00:00,Tablet,500000.0,3,VIP,F,32,5
1384,2023-01-17 00:00:00,Tablet,1950000.0,1,Gold,M,44,4
1385,2023-01-17 01:00:00,Tablet,1530000.0,1,Gold,M,43,5
1386,2023-01-17 02:00:00,Tablet,810000.0,5,VIP,M,54,5
1387,2023-01-17 03:00:00,Tablet,1870000.0,1,Gold,F,21,5
1388,2023-01-17 04:00:00,Watch,1820000.0,5,Silver,M,42,4
1389,2023-01-17 05:00:00,Tablet,1160000.0,3,Gold,M,35,1
1390,2023-01-17 06:00:00,Tablet,1900000.0,4,VIP,F,56,5
1391,2023-01-17 07:00:00,Mobile,580000.0,4,Bronze,M,46,3
1392,2023-01-17 08:00:00,Tablet,680000.0,5,Gold,F,48,4
1393,2023-01-17 09:00:00,Watch,1870000.0,1,Gold,M,45,5
1394,2023-01-17 10:00:00,Tablet,700000.0,2,Bronze,M,44,4
1395,2023-01-17 11:00:00,Watch,1680000.0,5,Bronze,M,39,4
1396,2023-01-17 12:00:00,Laptop,1710000.0,5,VIP,M,52,4
1397,2023-01-17 13:00:00,Mobile,1120000.0,5,Silver,M,27,4
1398,2023-01-17 14:00:00,Tablet,650000.0,5,Gold,M,56,5
1399,2023-01-17 15:00:00,Watch,840000.0,2,VIP,F,57,5
1400,2023-01-17 16:00:00,Watch,820000.0,1,Bronze,M,37,5
1401,2023-01-17 17:00:00,Laptop,1880000.0,2,Bronze,M,42,5
1402,2023-01-17 18:00:00,Tablet,1050000.0,5,Bronze,M,25,3
1403,2023-01-17 19:00:00,Watch,1080000.0,5,Silver,M,33,4
1404,2023-01-17 20:00:00,Tablet,710000.0,1,Gold,F,54,4
1405,2023-01-17 21:00:00,Tablet,1360000.0,4,Gold,M,39,4
1406,2023-01-17 22:00:00,Mobile,,5,Bronze,F,56,2
1407,2023-01-17 23:00:00,Laptop,700000.0,1,Bronze,M,36,2
1408,2023-01-18 00:00:00,Watch,1470000.0,1,Bronze,F,47,5
1409,2023-01-18 01:00:00,Mobile,1300000.0,4,VIP,M,50,3
1410,2023-01-18 02:00:00,Watch,1860000.0,3,VIP,M,40,5
1411,2023-01-18 03:00:00,Mobile,1540000.0,3,Bronze,F,41,5
1412,2023-01-18 04:00:00,Mobile,960000.0,5,Silver,M,56,4
1413,2023-01-18 05:00:00,Tablet,630000.0,3,Silver,M,53,5
1414,2023-01-18 06:00:00,Laptop,1880000.0,5,Silver,F,51,3
1415,2023-01-18 07:00:00,Mobile,800000.0,5,VIP,M,28,5
1416,2023-01-18 08:00:00,Laptop,900000.0,2,VIP,M,37,3
1417,2023-01-18 09:00:00,Mobile,950000.0,5,Silver,F,30,5
1418,2023-01-18 10:00:00,Watch,530000.0,5,VIP,M,48,4
1419,2023-01-18 11:00:00,Laptop,,4,VIP,F,42,5
1420,2023-01-18 12:00:00,Tablet,1070000.0,4,Gold,F,57,5
1421,2023-01-18 13:00:00,Watch,620000.0,5,Silver,M,55,1
1422,2023-01-18 14:00:00,Tablet,850000.0,5,VIP,M,29,4
1423,2023-01-18 15:00:00,Watch,1850000.0,3,Bronze,M,55,2
1424,2023-01-18 16:00:00,Tablet,550000.0,3,Bronze,M,34,4
1425,2023-01-18 17:00:00,Mobile,1560000.0,2,Silver,F,44,5
1426,2023-01-18 18:00:00,Mobile,1000000.0,5,Bronze,M,42,2
1427,2023-01-18 19:00:00,Tablet,570000.0,5,VIP,F,58,2
1428,2023-01-18 20:00:00,Tablet,1630000.0,1,Silver,F,28,3
1429,2023-01-18 21:00:00,Laptop,970000.0,2,Gold,M,50,5
1430,2023-01-18 22:00:00,Laptop,800000.0,5,VIP,F,45,5
1431,2023-01-18 23:00:00,Watch,1160000.0,5,Silver,M,50,1
1432,2023-01-19 00:00:00,Laptop,1220000.0,4,Bronze,F,52,4
1433,2023-01-19 01:00:00,Laptop,,2,Silver,F,58,4
1434,2023-01-19 02:00:00,Watch,1630000.0,2,Bronze,M,46,3
1435,2023-01-19 03:00:00,Watch,1590000.0,2,VIP,M,37,5
1436,2023-01-19 04:00:00,Mobile,860000.0,4,Gold,F,32,3
1437,2023-01-19 05:00:00,Laptop,,5,Gold,M,55,4
1438,2023-01-19 06:00:00,Laptop,1660000.0,2,Silver,M,58,4
1439,2023-01-19 07:00:00,Mobile,770000.0,2,Silver,F,46,4
1440,2023-01-19 08:00:00,Laptop,1970000.0,2,Bronze,F,30,5
1441,2023-01-19 09:00:00,Watch,1850000.0,1,VIP,F,43,3
1442,2023-01-19 10:00:00,Watch,900000.0,1,Silver,M,35,2
1443,2023-01-19 11:00:00,Mobile,1090000.0,5,Bronze,M,31,4
1444,2023-01-19 12:00:00,Mobile,860000.0,5,VIP,M,28,4
1445,2023-01-19 13:00:00,Mobile,1430000.0,4,VIP,F,34,1
1446,2023-01-19 14:00:00,Watch,600000.0,5,Bronze,F,41,2
1447,2023-01-19 15:00:00,Mobile,1840000.0,4,Gold,M,23,5
1448,2023-01-19 16:00:00,Watch,1890000.0,4,Gold,F,56,5
1449,2023-01-19 17:00:00,Mobile,1760000.0,5,Gold,M,45,5
1450,2023-01-19 18:00:00,Laptop,1160000.0,1,Gold,F,29,5
1451,2023-01-19 19:00:00,Laptop,540000.0,3,Gold,M,25,4
1452,2023-01-19 20:00:00,Mobile,1250000.0,3,Silver,M,33,4
1453,2023-01-19 21:00:00,Mobile,1420000.0,2,Bronze,M,24,5
1454,2023-01-19 22:00:00,Laptop,600000.0,5,Silver,F,23,3
1455,2023-01-19 23:00:00,Watch,1330000.0,4,Bronze,F,59,5
1456,2023-01-20 00:00:00,Mobile,1430000.0,3,Gold,F,51,3
1457,2023-01-20 01:00:00,Watch,1360000.0,3,Silver,F,34,4
1458,2023-01-20 02:00:00,Mobile,1970000.0,4,VIP,M,23,4
1459,2023-01-20 03:00:00,Tablet,640000.0,1,Silver,M,31,4
1460,2023-01-20 04:00:00,Laptop,1880000.0,1,Bronze,M,40,3
1461,2023-01-20 05:00:00,Watch,1950000.0,5,Silver,F,57,4
1462,2023-01-20 06:00:00,Watch,1180000.0,5,Bronze,F,58,1
1463,2023-01-20 07:00:00,Tablet,,2,Bronze,M,26,5
1464,2023-01-20 08:00:00,Laptop,860000.0,4,Bronze,F,38,5
1465,2023-01-20 09:00:00,Watch,1080000.0,1,Bronze,F,56,3
1466,2023-01-20 10:00:00,Tablet,1760000.0,4,Gold,M,31,4
1467,2023-01-20 11:00:00,Watch,1480000.0,5,VIP,M,36,2
1468,2023-01-20 12:00:00,Laptop,1850000.0,1,Bronze,M,49,5
1469,2023-01-20 13:00:00,Tablet,860000.0,1,Silver,F,20,4
1470,2023-01-20 14:00:00,Laptop,1670000.0,1,Gold,F,53,5
1471,2023-01-20 15:00:00,Mobile,1080000.0,2,Silver,F,54,4
1472,2023-01-20 16:00:00,Mobile,1810000.0,2,Gold,M,26,4
1473,2023-01-20 17:00:00,Tablet,1420000.0,3,Silver,M,32,4
1474,2023-01-20 18:00:00,Laptop,1780000.0,2,Silver,M,59,5
1475,2023-01-20 19:00:00,Watch,1780000.0,5,Bronze,F,34,2
1476,2023-01-20 20:00:00,Laptop,1850000.0,3,Gold,M,45,4
1477,2023-01-20 21:00:00,Tablet,1850000.0,4,VIP,F,45,4
1478,2023-01-20 22:00:00,Mobile,880000.0,2,Gold,F,31,5
1479,2023-01-20 23:00:00,Watch,990000.0,3,Gold,F,32,4
1480,2023-01-21 00:00:00,Watch,1910000.0,1,Bronze,F,30,1
1481,2023-01-21 01:00:00,Laptop,1100000.0,5,Silver,M,23,1
1482,2023-01-21 02:00:00,Mobile,550000.0,2,Bronze,M,55,1
1483,2023-01-21 03:00:00,Tablet,1150000.0,2,Gold,M,29,3
1484,2023-01-21 04:00:00,Mobile,660000.0,2,Silver,F,37,4
1485,2023-01-21 05:00:00,Watch,1320000.0,2,VIP,M,50,5
1486,2023-01-21 06:00:00,Tablet,1670000.0,4,Bronze,F,24,1
1487,2023-01-21 07:00:00,Tablet,940000.0,4,Silver,M,21,5
1488,2023-01-21 08:00:00,Watch,1520000.0,3,VIP,M,32,4
1489,2023-01-21 09:00:00,Watch,1490000.0,3,Bronze,F,42,4
1490,2023-01-21 10:00:00,Watch,1490000.0,4,Bronze,M,52,3
1491,2023-01-21 11:00:00,Watch,820000.0,4,VIP,F,47,3
1492,2023-01-21 12:00:00,Watch,1420000.0,2,VIP,M,24,4
1493,2023-01-21 13:00:00,Laptop,,5,VIP,M,59,4
1494,2023-01-21 14:00:00,Watch,1730000.0,3,VIP,M,41,4
1495,2023-01-21 15:00:00,Laptop,1360000.0,2,VIP,M,39,4
1496,2023-01-21 16:00:00,Watch,1980000.0,1,Gold,F,30,5
1497,2023-01-21 17:00:00,Laptop,1070000.0,1,Gold,M,26,4
1498,2023-01-21 18:00:00,Mobile,840000.0,5,Gold,M,57,3
1499,2023-01-21 19:00:00,Tablet,860000.0,2,Gold,M,47,5
1500,2023-01-21 20:00:00,Watch,1920000.0,1,Silver,F,27,2
1501,2023-01-21 21:00:00,Tablet,590000.0,4,VIP,M,48,5
1502,2023-01-21 22:00:00,Tablet,850000.0,3,VIP,F,48,4
1503,2023-01-21 23:00:00,Laptop,1350000.0,4,Silver,M,37,2
1504,2023-01-22 00:00:00,Tablet,1090000.0,3,Bronze,F,25,2
1505,2023-01-22 01:00:00,Laptop,1680000.0,1,VIP,M,35,5
1506,2023-01-22 02:00:00,Mobile,980000.0,1,Bronze,M,40,1
1507,2023-01-22 03:00:00,Watch,980000.0,1,Bronze,M,48,4
1508,2023-01-22 04:00:00,Watch,1210000.0,1,Silver,M,55,2
1509,2023-01-22 05:00:00,Tablet,1210000.0,3,Gold,M,56,3
1510,2023-01-22 06:00:00,Mobile,1500000.0,1,Gold,F,31,4
1511,2023-01-22 07:00:00,Tablet,1770000.0,1,VIP,F,58,4
1512,2023-01-22 08:00:00,Watch,1610000.0,1,Bronze,M,25,1
1513,2023-01-22 09:00:00,Tablet,1030000.0,1,Silver,M,39,3
1514,2023-01-22 10:00:00,Mobile,,5,Bronze,M,58,5
1515,2023-01-22 11:00:00,Tablet,840000.0,3,VIP,F,51,3
1516,2023-01-22 12:00:00,Watch,1640000.0,3,Bronze,M,26,5
1517,2023-01-22 13:00:00,Mobile,890000.0,3,VIP,F,25,4
1518,2023-01-22 14:00:00,Tablet,,4,Silver,M,37,4
1519,2023-01-22 15:00:00,Mobile,,1,VIP,M,28,5
1520,2023-01-22 16:00:00,Mobile,960000.0,3,Silver,F,29,4
1521,2023-01-22 17:00:00,Tablet,1960000.0,5,VIP,F,33,5
1522,2023-01-22 18:00:00,Laptop,790000.0,5,Bronze,M,47,2
1523,2023-01-22 19:00:00,Laptop,830000.0,2,Bronze,M,49,3
1524,2023-01-22 20:00:00,Mobile,1770000.0,4,Silver,F,55,1
1525,2023-01-22 21:00:00,Laptop,1290000.0,2,VIP,M,47,5
1526,2023-01-22 22:00:00,Laptop,1150000.0,3,Silver,M,33,5
1527,2023-01-22 23:00:00,Watch,850000.0,2,Silver,F,27,1
1528,2023-01-23 00:00:00,Watch,1360000.0,3,Gold,M,35,4
1529,2023-01-23 01:00:00,Tablet,760000.0,2,Silver,F,42,1
1530,2023-01-23 02:00:00,Mobile,1790000.0,2,Gold,M,44,5
1531,2023-01-23 03:00:00,Mobile,700000.0,5,Gold,F,48,4
1532,2023-01-23 04:00:00,Mobile,1460000.0,2,Silver,M,21,4
1533,2023-01-23 05:00:00,Mobile,1740000.0,1,Bronze,F,42,3
1534,2023-01-23 06:00:00,Tablet,920000.0,4,Bronze,F,28,3
1535,2023-01-23 07:00:00,Laptop,1670000.0,4,VIP,F,20,1
1536,2023-01-23 08:00:00,Laptop,630000.0,4,Gold,F,40,2
1537,2023-01-23 09:00:00,Tablet,750000.0,5,Bronze,M,57,5
1538,2023-01-23 10:00:00,Watch,800000.0,3,Gold,F,57,1
1539,2023-01-23 11:00:00,Mobile,530000.0,1,VIP,M,28,3
1540,2023-01-23 12:00:00,Laptop,1730000.0,2,Gold,F,29,4
1541,2023-01-23 13:00:00,Watch,1980000.0,4,Bronze,M,45,5
1542,2023-01-23 14:00:00,Tablet,1800000.0,5,Bronze,M,30,1
1543,2023-01-23 15:00:00,Watch,860000.0,2,VIP,M,20,5
1544,2023-01-23 16:00:00,Tablet,1170000.0,2,VIP,M,53,4
1545,2023-01-23 17:00:00,Mobile,840000.0,2,Gold,M,21,4
1546,2023-01-23 18:00:00,Laptop,1310000.0,1,VIP,F,27,2
1547,2023-01-23 19:00:00,Mobile,1530000.0,1,Silver,F,21,4
1548,2023-01-23 20:00:00,Mobile,830000.0,1,Gold,M,31,3
1549,2023-01-23 21:00:00,Laptop,1590000.0,2,VIP,M,29,2
1550,2023-01-23 22:00:00,Watch,1770000.0,2,Silver,M,34,3
1551,2023-01-23 23:00:00,Mobile,1460000.0,3,VIP,M,53,2
1552,2023-01-24 00:00:00,Watch,700000.0,5,Bronze,M,47,4
1553,2023-01-24 01:00:00,Mobile,1010000.0,2,Bronze,M,57,4
1554,2023-01-24 02:00:00,Tablet,730000.0,2,Gold,M,35,5
1555,2023-01-24 03:00:00,Laptop,1810000.0,3,Silver,M,31,4
1556,2023-01-24 04:00:00,Watch,600000.0,3,Gold,F,57,5
1557,2023-01-24 05:00:00,Watch,1460000.0,5,VIP,M,22,2
1558,2023-01-24 06:00:00,Watch,1590000.0,1,Silver,F,54,5
1559,2023-01-24 07:00:00,Tablet,520000.0,2,VIP,M,29,3
1560,2023-01-24 08:00:00,Laptop,670000.0,3,VIP,F,25,3
1561,2023-01-24 09:00:00,Tablet,1470000.0,2,Gold,F,23,4
1562,2023-01-24 10:00:00,Watch,700000.0,3,VIP,F,23,3
1563,2023-01-24 11:00:00,Tablet,1220000.0,5,Silver,M,29,4
1564,2023-01-24 12:00:00,Laptop,570000.0,2,Gold,M,45,4
1565,2023-01-24 13:00:00,Tablet,1540000.0,2,Silver,F,46,4
1566,2023-01-24 14:00:00,Watch,530000.0,1,Silver,F,24,4
1567,2023-01-24 15:00:00,Laptop,740000.0,1,VIP,F,41,4
1568,2023-01-24 16:00:00,Mobile,1980000.0,3,VIP,M,46,5
1569,2023-01-24 17:00:00,Watch,1240000.0,5,VIP,M,34,5
1570,2023-01-24 18:00:00,Mobile,1850000.0,3,Gold,M,47,4
1571,2023-01-24 19:00:00,Mobile,610000.0,1,Gold,F,42,4
1572,2023-01-24 20:00:00,Watch,1670000.0,1,Bronze,M,35,5
1573,2023-01-24 21:00:00,Laptop,1610000.0,4,VIP,M,36,3
1574,2023-01-24 22:00:00,Laptop,1680000.0,4,Bronze,F,42,3
1575,2023-01-24 23:00:00,Mobile,620000.0,1,Silver,F,26,4
1576,2023-01-25 00:00:00,Mobile,640000.0,2,VIP,F,22,4
1577,2023-01-25 01:00:00,Mobile,770000.0,1,Bronze,M,31,1
1578,2023-01-25 02:00:00,Mobile,1440000.0,4,VIP,M,35,1
1579,2023-01-25 03:00:00,Tablet,540000.0,3,Silver,F,58,3
1580,2023-01-25 04:00:00,Laptop,1230000.0,3,Gold,M,37,5
1581,2023-01-25 05:00:00,Laptop,1580000.0,3,VIP,F,37,5
1582,2023-01-25 06:00:00,Laptop,1570000.0,2,Gold,M,54,5
1583,2023-01-25 07:00:00,Tablet,760000.0,3,Silver,M,44,2
1584,2023-01-25 08:00:00,Laptop,1640000.0,3,Bronze,F,28,4
1585,2023-01-25 09:00:00,Watch,1140000.0,2,Silver,M,29,4
1586,2023-01-25 10:00:00,Tablet,930000.0,1,Silver,M,34,5
1587,2023-01-25 11:00:00,Tablet,840000.0,3,Silver,M,53,4
1588,2023-01-25 12:00:00,Watch,1510000.0,4,Bronze,M,55,4
1589,2023-01-25 13:00:00,Watch,,5,Silver,F,37,3
1590,2023-01-25 14:00:00,Laptop,1680000.0,5,Bronze,F,47,5
1591,2023-01-25 15:00:00,Watch,780000.0,1,Silver,F,44,3
1592,2023-01-25 16:00:00,Tablet,1520000.0,2,Bronze,M,45,3
1593,2023-01-25 17:00:00,Tablet,1600000.0,1,Silver,M,38,3
1594,2023-01-25 18:00:00,Watch,620000.0,3,VIP,M,55,4
1595,2023-01-25 19:00:00,Watch,520000.0,4,Silver,F,57,5
1596,2023-01-25 20:00:00,Tablet,1580000.0,4,Gold,F,29,3
1597,2023-01-25 21:00:00,Mobile,1990000.0,4,Silver,M,34,5
1598,2023-01-25 22:00:00,Laptop,1750000.0,3,Silver,F,56,3
1599,2023-01-25 23:00:00,Mobile,1320000.0,5,VIP,F,55,4
1600,2023-01-26 00:00:00,Mobile,690000.0,1,VIP,F,53,4
1601,2023-01-26 01:00:00,Laptop,,3,Gold,M,27,1
1602,2023-01-26 02:00:00,Watch,1100000.0,4,VIP,F,41,3
1603,2023-01-26 03:00:00,Laptop,760000.0,4,VIP,F,53,5
1604,2023-01-26 04:00:00,Mobile,,3,Bronze,M,25,1
1605,2023-01-26 05:00:00,Watch,840000.0,5,Gold,F,26,4
1606,2023-01-26 06:00:00,Tablet,510000.0,5,Gold,M,55,1
1607,2023-01-26 07:00:00,Laptop,610000.0,2,Gold,F,45,2
1608,2023-01-26 08:00:00,Tablet,1110000.0,3,Silver,F,32,1
1609,2023-01-26 09:00:00,Mobile,1050000.0,3,VIP,M,35,4
1610,2023-01-26 10:00:00,Mobile,520000.0,4,Silver,F,59,2
1611,2023-01-26 11:00:00,Watch,,2,VIP,M,36,3
1612,2023-01-26 12:00:00,Laptop,1900000.0,4,Gold,F,27,4
1613,2023-01-26 13:00:00,Watch,1620000.0,1,Bronze,M,22,5
1614,2023-01-26 14:00:00,Mobile,1840000.0,4,Gold,F,49,1
1615,2023-01-26 15:00:00,Laptop,1920000.0,5,Silver,M,33,5
1616,2023-01-26 16:00:00,Tablet,890000.0,5,Bronze,M,37,5
1617,2023-01-26 17:00:00,Mobile,880000.0,3,Silver,M,51,5
1618,2023-01-26 18:00:00,Watch,1390000.0,2,Gold,M,26,4
1619,2023-01-26 19:00:00,Tablet,570000.0,1,VIP,M,42,3
1620,2023-01-26 20:00:00,Laptop,1560000.0,4,VIP,M,59,4
1621,2023-01-26 21:00:00,Tablet,1950000.0,5,VIP,F,45,5
1622,2023-01-26 22:00:00,Mobile,920000.0,1,Gold,M,35,4
1623,2023-01-26 23:00:00,Laptop,1040000.0,2,Gold,M,48,5
1624,2023-01-27 00:00:00,Laptop,1300000.0,3,VIP,M,39,4
1625,2023-01-27 01:00:00,Watch,1290000.0,5,Silver,F,32,3
1626,2023-01-27 02:00:00,Tablet,1390000.0,3,Bronze,M,24,4
1627,2023-01-27 03:00:00,Watch,930000.0,2,Silver,M,40,5
1628,2023-01-27 04:00:00,Watch,1800000.0,2,Silver,M,45,3
1629,2023-01-27 05:00:00,Watch,1460000.0,1,Silver,M,52,4
1630,2023-01-27 06:00:00,Laptop,940000.0,4,Silver,M,20,5
1631,2023-01-27 07:00:00,Watch,1230000.0,3,VIP,M,27,3
1632,2023-01-27 08:00:00,Tablet,1770000.0,2,Bronze,M,42,2
1633,2023-01-27 09:00:00,Laptop,1090000.0,2,Gold,F,36,5
1634,2023-01-27 10:00:00,Laptop,1040000.0,1,Bronze,M,40,3
1635,2023-01-27 11:00:00,Laptop,1760000.0,1,VIP,F,32,5
1636,2023-01-27 12:00:00,Watch,1770000.0,3,VIP,F,44,3
1637,2023-01-27 13:00:00,Laptop,1050000.0,4,Silver,M,58,4
1638,2023-01-27 14:00:00,Tablet,1830000.0,2,Silver,M,41,3
1639,2023-01-27 15:00:00,Tablet,1120000.0,4,VIP,M,46,3
1640,2023-01-27 16:00:00,Watch,850000.0,3,Gold,M,43,4
1641,2023-01-27 17:00:00,Tablet,1130000.0,4,Gold,M,27,4
1642,2023-01-27 18:00:00,Tablet,1010000.0,4,Bronze,M,23,3
1643,2023-01-27 19:00:00,Watch,1370000.0,2,Silver,F,47,4
1644,2023-01-27 20:00:00,Tablet,940000.0,1,Silver,M,40,4
1645,2023-01-27 21:00:00,Laptop,1640000.0,1,Bronze,M,45,4
1646,2023-01-27 22:00:00,Mobile,610000.0,2,Bronze,F,22,5
1647,2023-01-27 23:00:00,Mobile,1490000.0,1,Bronze,F,36,5
1648,2023-01-28 00:00:00,Mobile,1970000.0,2,Bronze,M,20,5
1649,2023-01-28 01:00:00,Mobile,1070000.0,4,VIP,M,41,5
1650,2023-01-28 02:00:00,Mobile,640000.0,4,Bronze,M,51,4
1651,2023-01-28 03:00:00,Tablet,1570000.0,5,Silver,F,26,5
1652,2023-01-28 04:00:00,Tablet,860000.0,1,Gold,M,54,3
1653,2023-01-28 05:00:00,Laptop,1540000.0,2,Gold,F,36,2
1654,2023-01-28 06:00:00,Watch,1880000.0,5,Gold,F,24,3
1655,2023-01-28 07:00:00,Mobile,890000.0,5,Silver,M,21,5
1656,2023-01-28 08:00:00,Laptop,1680000.0,1,VIP,F,37,4
1657,2023-01-28 09:00:00,Watch,790000.0,1,Gold,F,32,5
1658,2023-01-28 10:00:00,Mobile,820000.0,1,Gold,M,52,3
1659,2023-01-28 11:00:00,Mobile,1480000.0,1,Gold,M,23,4
1660,2023-01-28 12:00:00,Watch,1920000.0,1,Silver,F,41,5
1661,2023-01-28 13:00:00,Watch,880000.0,3,Silver,M,59,4
1662,2023-01-28 14:00:00,Watch,810000.0,2,VIP,F,59,5
1663,2023-01-28 15:00:00,Watch,1760000.0,1,Gold,F,29,5
1664,2023-01-28 16:00:00,Mobile,910000.0,1,Silver,M,24,3
1665,2023-01-28 17:00:00,Tablet,1050000.0,3,Silver,M,32,3
1666,2023-01-28 18:00:00,Watch,1020000.0,4,VIP,F,52,3
1667,2023-01-28 19:00:00,Watch,1440000.0,4,Bronze,F,39,2
1668,2023-01-28 20:00:00,Laptop,1940000.0,2,Gold,F,23,5
1669,2023-01-28 21:00:00,Laptop,1010000.0,5,VIP,F,37,4
1670,2023-01-28 22:00:00,Tablet,1980000.0,2,VIP,M,30,4
1671,2023-01-28 23:00:00,Mobile,830000.0,5,Gold,F,43,3
1672,2023-01-29 00:00:00,Laptop,830000.0,2,Bronze,F,54,2
1673,2023-01-29 01:00:00,Mobile,640000.0,4,Bronze,M,30,3
1674,2023-01-29 02:00:00,Tablet,1230000.0,4,Silver,F,41,4
1675,2023-01-29 03:00:00,Laptop,1110000.0,1,Gold,F,32,3
1676,2023-01-29 04:00:00,Mobile,1280000.0,1,Gold,F,47,4
1677,2023-01-29 05:00:00,Mobile,1160000.0,2,Bronze,M,46,4
1678,2023-01-29 06:00:00,Tablet,1150000.0,5,Gold,M,35,2
1679,2023-01-29 07:00:00,Mobile,1060000.0,1,Bronze,M,42,2
1680,2023-01-29 08:00:00,Mobile,1190000.0,3,Bronze,M,56,5
1681,2023-01-29 09:00:00,Watch,890000.0,4,Silver,F,55,1
1682,2023-01-29 10:00:00,Tablet,1730000.0,5,Silver,F,56,4
1683,2023-01-29 11:00:00,Tablet,1500000.0,4,VIP,F,24,5
1684,2023-01-29 12:00:00,Watch,1930000.0,5,VIP,F,46,5
1685,2023-01-29 13:00:00,Mobile,1070000.0,4,Silver,F,59,5
1686,2023-01-29 14:00:00,Tablet,1750000.0,2,Bronze,F,50,4
1687,2023-01-29 15:00:00,Mobile,1720000.0,2,VIP,F,24,2
1688,2023-01-29 16:00:00,Watch,520000.0,5,Bronze,M,54,4
1689,2023-01-29 17:00:00,Mobile,1810000.0,2,Silver,F,38,5
1690,2023-01-29 18:00:00,Watch,920000.0,5,VIP,M,52,3
1691,2023-01-29 19:00:00,Laptop,1120000.0,1,VIP,F,33,5
1692,2023-01-29 20:00:00,Laptop,1590000.0,2,Gold,F,56,4
1693,2023-01-29 21:00:00,Tablet,630000.0,5,VIP,M,34,5
1694,2023-01-29 22:00:00,Watch,1780000.0,3,Gold,F,53,2
1695,2023-01-29 23:00:00,Mobile,830000.0,4,Gold,M,30,4
1696,2023-01-30 00:00:00,Mobile,980000.0,1,Gold,M,46,5
1697,2023-01-30 01:00:00,Laptop,1070000.0,2,Bronze,M,41,4
1698,2023-01-30 02:00:00,Tablet,960000.0,5,Silver,F,58,4
1699,2023-01-30 03:00:00,Tablet,1740000.0,4,Silver,M,54,3
1700,2023-01-30 04:00:00,Mobile,830000.0,5,Bronze,M,53,4
1701,2023-01-30 05:00:00,Mobile,620000.0,4,Bronze,M,56,4
1702,2023-01-30 06:00:00,Laptop,1650000.0,1,Bronze,M,56,3
1703,2023-01-30 07:00:00,Tablet,700000.0,1,VIP,F,56,5
1704,2023-01-30 08:00:00,Tablet,1890000.0,3,VIP,M,37,3
1705,2023-01-30 09:00:00,Laptop,1560000.0,5,Silver,M,35,4
1706,2023-01-30 10:00:00,Tablet,1820000.0,2,Silver,M,57,4
1707,2023-01-30 11:00:00,Watch,,1,VIP,F,30,1
1708,2023-01-30 12:00:00,Tablet,1080000.0,1,Bronze,M,49,2
1709,2023-01-30 13:00:00,Watch,1700000.0,1,Silver,F,32,2
1710,2023-01-30 14:00:00,Tablet,1340000.0,2,VIP,M,24,5
1711,2023-01-30 15:00:00,Laptop,1860000.0,5,Gold,M,41,5
1712,2023-01-30 16:00:00,Laptop,690000.0,1,VIP,M,29,2
1713,2023-01-30 17:00:00,Watch,1170000.0,5,VIP,M,45,3
1714,2023-01-30 18:00:00,Mobile,750000.0,2,Gold,M,27,5
1715,2023-01-30 19:00:00,Mobile,930000.0,1,VIP,M,47,4
1716,2023-01-30 20:00:00,Watch,1100000.0,3,Silver,F,29,5
1717,2023-01-30 21:00:00,Mobile,1130000.0,5,VIP,M,21,1
1718,2023-01-30 22:00:00,Tablet,1580000.0,4,Silver,F,49,3
1719,2023-01-30 23:00:00,Watch,1530000.0,4,VIP,M,46,3
1720,2023-01-31 00:00:00,Laptop,1300000.0,3,VIP,F,23,5
1721,2023-01-31 01:00:00,Laptop,1110000.0,5,Bronze,M,33,4
1722,2023-01-31 02:00:00,Mobile,950000.0,3,Gold,F,36,3
1723,2023-01-31 03:00:00,Tablet,710000.0,3,Silver,M,47,4
1724,2023-01-31 04:00:00,Watch,1810000.0,3,Silver,F,25,5
1725,2023-01-31 05:00:00,Watch,1720000.0,3,VIP,M,26,3
1726,2023-01-31 06:00:00,Watch,1770000.0,5,Bronze,M,37,4
1727,2023-01-31 07:00:00,Mobile,1350000.0,5,VIP,M,54,3
1728,2023-01-31 08:00:00,Watch,700000.0,2,VIP,F,30,1
1729,2023-01-31 09:00:00,Mobile,850000.0,3,VIP,F,20,5
1730,2023-01-31 10:00:00,Tablet,1700000.0,2,VIP,F,22,1
1731,2023-01-31 11:00:00,Mobile,940000.0,5,VIP,F,55,3
1732,2023-01-31 12:00:00,Watch,1240000.0,1,Bronze,M,44,4
1733,2023-01-31 13:00:00,Mobile,,1,Gold,F,56,2
1734,2023-01-31 14:00:00,Tablet,1380000.0,2,Bronze,F,50,3
1735,2023-01-31 15:00:00,Mobile,600000.0,2,VIP,M,30,2
1736,2023-01-31 16:00:00,Watch,1150000.0,4,Bronze,M,26,5
1737,2023-01-31 17:00:00,Tablet,1530000.0,5,Bronze,F,58,4
1738,2023-01-31 18:00:00,Laptop,940000.0,1,Gold,F,49,4
1739,2023-01-31 19:00:00,Watch,520000.0,1,Gold,F,42,4
1740,2023-01-31 20:00:00,Laptop,590000.0,2,Bronze,F,55,3
1741,2023-01-31 21:00:00,Mobile,1340000.0,1,Gold,F,28,3
1742,2023-01-31 22:00:00,Tablet,1190000.0,1,Silver,M,55,5
1743,2023-01-31 23:00:00,Laptop,1620000.0,5,Silver,M,43,5
1744,2023-02-01 00:00:00,Watch,1030000.0,4,Gold,M,44,5
1745,2023-02-01 01:00:00,Mobile,1800000.0,3,VIP,F,56,1
1746,2023-02-01 02:00:00,Laptop,1650000.0,2,VIP,F,56,5
1747,2023-02-01 03:00:00,Mobile,1750000.0,5,Bronze,F,53,5
1748,2023-02-01 04:00:00,Laptop,1080000.0,5,Silver,F,46,5
1749,2023-02-01 05:00:00,Watch,690000.0,5,Gold,M,57,1
1750,2023-02-01 06:00:00,Laptop,1150000.0,1,Bronze,M,51,4
1751,2023-02-01 07:00:00,Watch,710000.0,2,VIP,F,37,2
1752,2023-02-01 08:00:00,Mobile,1940000.0,3,VIP,M,23,3
1753,2023-02-01 09:00:00,Tablet,570000.0,2,Gold,F,53,5
1754,2023-02-01 10:00:00,Tablet,1360000.0,1,Bronze,M,21,3
1755,2023-02-01 11:00:00,Tablet,1320000.0,4,Bronze,F,39,1
1756,2023-02-01 12:00:00,Tablet,1330000.0,4,Silver,F,36,4
1757,2023-02-01 13:00:00,Tablet,1720000.0,5,Silver,M,38,5
1758,2023-02-01 14:00:00,Laptop,1140000.0,2,Gold,F,56,4
1759,2023-02-01 15:00:00,Watch,1290000.0,3,Bronze,F,28,5
1760,2023-02-01 16:00:00,Mobile,530000.0,4,Bronze,F,39,3
1761,2023-02-01 17:00:00,Laptop,590000.0,2,Bronze,F,22,4
1762,2023-02-01 18:00:00,Tablet,950000.0,3,VIP,F,29,5
1763,2023-02-01 19:00:00,Laptop,1380000.0,3,Bronze,F,27,4
1764,2023-02-01 20:00:00,Tablet,1840000.0,2,Gold,F,58,5
1765,2023-02-01 21:00:00,Watch,1200000.0,1,VIP,M,24,5
1766,2023-02-01 22:00:00,Mobile,1180000.0,3,Silver,M,56,2
1767,2023-02-01 23:00:00,Laptop,1860000.0,3,VIP,F,55,4
1768,2023-02-02 00:00:00,Mobile,1800000.0,2,Silver,F,37,5
1769,2023-02-02 01:00:00,Laptop,500000.0,1,VIP,F,41,1
1770,2023-02-02 02:00:00,Mobile,1110000.0,4,VIP,F,58,2
1771,2023-02-02 03:00:00,Watch,1020000.0,4,Silver,M,41,4
1772,2023-02-02 04:00:00,Tablet,1480000.0,3,Bronze,F,37,1
1773,2023-02-02 05:00:00,Laptop,1320000.0,2,Gold,F,34,1
1774,2023-02-02 06:00:00,Mobile,1390000.0,3,Gold,F,51,5
1775,2023-02-02 07:00:00,Watch,1010000.0,1,Silver,M,29,4
1776,2023-02-02 08:00:00,Tablet,730000.0,5,Gold,M,21,5
1777,2023-02-02 09:00:00,Tablet,1130000.0,1,VIP,M,27,5
1778,2023-02-02 10:00:00,Laptop,830000.0,1,Gold,M,51,3
1779,2023-02-02 11:00:00,Tablet,900000.0,5,VIP,F,28,2
1780,2023-02-02 12:00:00,Laptop,1490000.0,3,Gold,F,29,5
1781,2023-02-02 13:00:00,Watch,830000.0,5,Silver,F,43,3
1782,2023-02-02 14:00:00,Mobile,950000.0,5,Bronze,M,51,5
1783,2023-02-02 15:00:00,Mobile,1450000.0,5,VIP,F,36,3
1784,2023-02-02 16:00:00,Mobile,530000.0,4,VIP,F,26,4
1785,2023-02-02 17:00:00,Mobile,1400000.0,5,Silver,M,33,1
1786,2023-02-02 18:00:00,Watch,1650000.0,3,Bronze,M,21,4
1787,2023-02-02 19:00:00,Watch,550000.0,4,VIP,M,53,5
1788,2023-02-02 20:00:00,Laptop,1180000.0,5,VIP,F,51,4
1789,2023-02-02 21:00:00,Mobile,1530000.0,2,Bronze,M,22,4
1790,2023-02-02 22:00:00,Laptop,1350000.0,2,Silver,M,47,5
1791,2023-02-02 23:00:00,Watch,590000.0,4,VIP,M,34,3
1792,2023-02-03 00:00:00,Tablet,1450000.0,2,Bronze,M,33,4
1793,2023-02-03 01:00:00,Mobile,1450000.0,5,Bronze,F,23,4
1794,2023-02-03 02:00:00,Watch,1430000.0,4,VIP,F,44,5
1795,2023-02-03 03:00:00,Tablet,1460000.0,5,Silver,F,54,5
1796,2023-02-03 04:00:00,Mobile,1670000.0,4,Gold,F,32,1
1797,2023-02-03 05:00:00,Watch,830000.0,5,Silver,M,54,5
1798,2023-02-03 06:00:00,Watch,1310000.0,4,Gold,M,44,5
1799,2023-02-03 07:00:00,Mobile,1810000.0,5,Gold,M,42,4
1800,2023-02-03 08:00:00,Mobile,1710000.0,1,Silver,F,23,5
1801,2023-02-03 09:00:00,Tablet,520000.0,3,Gold,M,23,5
1802,2023-02-03 10:00:00,Laptop,1050000.0,4,Silver,F,56,2
1803,2023-02-03 11:00:00,Laptop,1830000.0,4,Bronze,F,45,1
1804,2023-02-03 12:00:00,Tablet,1680000.0,5,Gold,F,21,4
1805,2023-02-03 13:00:00,Mobile,1440000.0,3,VIP,F,33,3
1806,2023-02-03 14:00:00,Laptop,1160000.0,3,Gold,F,57,5
1807,2023-02-03 15:00:00,Tablet,780000.0,1,Silver,M,51,2
1808,2023-02-03 16:00:00,Watch,1920000.0,2,Silver,M,56,1
1809,2023-02-03 17:00:00,Laptop,1050000.0,2,Gold,M,29,4
1810,2023-02-03 18:00:00,Tablet,1280000.0,3,VIP,F,36,4
1811,2023-02-03 19:00:00,Laptop,1340000.0,4,Gold,M,26,2
1812,2023-02-03 20:00:00,Mobile,1060000.0,2,Bronze,M,56,3
1813,2023-02-03 21:00:00,Laptop,1380000.0,2,Bronze,M,30,3
1814,2023-02-03 22:00:00,Watch,1960000.0,2,Bronze,M,39,4
1815,2023-02-03 23:00:00,Laptop,1790000.0,3,VIP,F,46,5
1816,2023-02-04 00:00:00,Laptop,920000.0,5,Silver,M,52,1
1817,2023-02-04 01:00:00,Watch,1160000.0,3,Silver,F,52,2
1818,2023-02-04 02:00:00,Watch,540000.0,5,Gold,M,27,4
1819,2023-02-04 03:00:00,Watch,1560000.0,1,Gold,F,52,4
1820,2023-02-04 04:00:00,Mobile,820000.0,5,Gold,M,52,4
1821,2023-02-04 05:00:00,Watch,780000.0,2,Bronze,M,34,5
1822,2023-02-04 06:00:00,Laptop,1250000.0,1,Silver,F,51,5
1823,2023-02-04 07:00:00,Watch,540000.0,1,Silver,M,30,4
1824,2023-02-04 08:00:00,Watch,1140000.0,1,VIP,F,56,4
1825,2023-02-04 09:00:00,Mobile,570000.0,3,Gold,M,50,1
1826,2023-02-04 10:00:00,Mobile,1180000.0,1,Bronze,M,27,5
1827,2023-02-04 11:00:00,Tablet,820000.0,3,Gold,M,45,1
1828,2023-02-04 12:00:00,Mobile,720000.0,3,VIP,M,58,4
1829,2023-02-04 13:00:00,Mobile,1860000.0,4,VIP,F,29,3
1830,2023-02-04 14:00:00,Watch,1450000.0,3,Silver,M,26,3
1831,2023-02-04 15:00:00,Laptop,1180000.0,5,Bronze,F,57,4
1832,2023-02-04 16:00:00,Mobile,1430000.0,3,Silver,F,33,5
1833,2023-02-04 17:00:00,Laptop,1090000.0,2,VIP,F,45,3
1834,2023-02-04 18:00:00,Tablet,890000.0,3,Silver,M,44,5
1835,2023-02-04 19:00:00,Watch,1930000.0,3,Bronze,F,52,4
1836,2023-02-04 20:00:00,Watch,1030000.0,3,VIP,M,43,4
1837,2023-02-04 21:00:00,Tablet,990000.0,5,Silver,F,27,5
1838,2023-02-04 22:00:00,Laptop,1090000.0,2,Bronze,M,54,4
1839,2023-02-04 23:00:00,Mobile,1330000.0,3,Gold,F,54,3
1840,2023-02-05 00:00:00,Laptop,1520000.0,2,Gold,M,33,5
1841,2023-02-05 01:00:00,Tablet,1370000.0,5,Bronze,F,46,3
1842,2023-02-05 02:00:00,Mobile,1050000.0,4,Gold,M,20,5
1843,2023-02-05 03:00:00,Tablet,1110000.0,1,Bronze,M,52,4
1844,2023-02-05 04:00:00,Laptop,1300000.0,2,Gold,F,23,5
1845,2023-02-05 05:00:00,Laptop,1480000.0,3,Bronze,M,25,2
1846,2023-02-05 06:00:00,Watch,1980000.0,3,Bronze,M,27,4
1847,2023-02-05 07:00:00,Watch,1160000.0,3,Gold,F,51,5
1848,2023-02-05 08:00:00,Mobile,1250000.0,3,VIP,F,50,4
1849,2023-02-05 09:00:00,Tablet,1080000.0,2,VIP,F,53,4
1850,2023-02-05 10:00:00,Watch,630000.0,1,Bronze,M,24,5
1851,2023-02-05 11:00:00,Tablet,1660000.0,4,VIP,M,46,5
1852,2023-02-05 12:00:00,Mobile,1860000.0,5,Bronze,M,47,3
1853,2023-02-05 13:00:00,Watch,960000.0,2,Gold,M,57,4
1854,2023-02-05 14:00:00,Mobile,1830000.0,1,Gold,F,27,4
1855,2023-02-05 15:00:00,Mobile,1320000.0,3,Bronze,F,31,3
1856,2023-02-05 16:00:00,Watch,1790000.0,5,Silver,F,48,3
1857,2023-02-05 17:00:00,Mobile,1600000.0,3,VIP,F,48,5
1858,2023-02-05 18:00:00,Tablet,1110000.0,5,Gold,M,45,4
1859,2023-02-05 19:00:00,Mobile,1600000.0,4,Silver,F,23,5
1860,2023-02-05 20:00:00,Mobile,1820000.0,4,Bronze,F,54,4
1861,2023-02-05 21:00:00,Tablet,1870000.0,1,VIP,M,49,5
1862,2023-02-05 22:00:00,Mobile,1220000.0,2,VIP,F,35,4
1863,2023-02-05 23:00:00,Tablet,1250000.0,4,Gold,M,59,5
1864,2023-02-06 00:00:00,Watch,1790000.0,2,Gold,F,31,3
1865,2023-02-06 01:00:00,Watch,770000.0,2,Bronze,F,46,3
1866,2023-02-06 02:00:00,Mobile,1830000.0,1,Gold,M,36,4
1867,2023-02-06 03:00:00,Watch,1860000.0,1,Gold,F,36,2
1868,2023-02-06 04:00:00,Tablet,1900000.0,3,Gold,M,39,5
1869,2023-02-06 05:00:00,Tablet,1280000.0,3,Silver,F,24,3
1870,2023-02-06 06:00:00,Watch,730000.0,4,Silver,M,53,4
1871,2023-02-06 07:00:00,Tablet,1380000.0,5,Silver,F,22,5
1872,2023-02-06 08:00:00,Tablet,1230000.0,2,Silver,M,53,3
1873,2023-02-06 09:00:00,Laptop,1010000.0,4,Gold,M,44,5
1874,2023-02-06 10:00:00,Tablet,560000.0,1,Silver,M,35,4
1875,2023-02-06 11:00:00,Laptop,650000.0,4,VIP,M,47,1
1876,2023-02-06 12:00:00,Watch,780000.0,1,Silver,F,54,3
1877,2023-02-06 13:00:00,Mobile,1580000.0,5,VIP,F,40,5
1878,2023-02-06 14:00:00,Laptop,1440000.0,2,Bronze,F,45,3
1879,2023-02-06 15:00:00,Laptop,,5,Bronze,M,46,4
1880,2023-02-06 16:00:00,Tablet,930000.0,1,Bronze,M,34,2
1881,2023-02-06 17:00:00,Laptop,1420000.0,3,VIP,F,47,5
1882,2023-02-06 18:00:00,Laptop,1920000.0,2,Bronze,M,58,5
1883,2023-02-06 19:00:00,Watch,1230000.0,1,VIP,M,38,5
1884,2023-02-06 20:00:00,Laptop,960000.0,1,VIP,M,56,3
1885,2023-02-06 21:00:00,Tablet,1220000.0,2,Bronze,M,46,1
1886,2023-02-06 22:00:00,Laptop,1770000.0,1,Bronze,F,41,3
1887,2023-02-06 23:00:00,Mobile,570000.0,5,Bronze,M,46,4
1888,2023-02-07 00:00:00,Watch,1780000.0,2,VIP,M,46,5
1889,2023-02-07 01:00:00,Laptop,1880000.0,5,Silver,M,29,5
1890,2023-02-07 02:00:00,Laptop,840000.0,4,VIP,F,59,5
1891,2023-02-07 03:00:00,Laptop,1280000.0,5,Gold,M,46,4
1892,2023-02-07 04:00:00,Tablet,550000.0,1,VIP,F,43,1
1893,2023-02-07 05:00:00,Watch,,4,Silver,F,47,2
1894,2023-02-07 06:00:00,Tablet,980000.0,5,Gold,F,52,4
1895,2023-02-07 07:00:00,Tablet,1810000.0,5,Gold,M,53,5
1896,2023-02-07 08:00:00,Tablet,720000.0,5,Bronze,M,53,5
1897,2023-02-07 09:00:00,Laptop,630000.0,5,Bronze,F,44,4
1898,2023-02-07 10:00:00,Mobile,1240000.0,2,Bronze,M,35,1
1899,2023-02-07 11:00:00,Laptop,1670000.0,3,Silver,M,45,2
1900,2023-02-07 12:00:00,Laptop,1840000.0,1,Silver,F,21,1
1901,2023-02-07 13:00:00,Tablet,620000.0,2,Gold,M,37,5
1902,2023-02-07 14:00:00,Tablet,1990000.0,4,Gold,F,58,4
1903,2023-02-07 15:00:00,Tablet,1880000.0,1,Gold,M,31,2
1904,2023-02-07 16:00:00,Tablet,1820000.0,2,VIP,F,49,1
1905,2023-02-07 17:00:00,Laptop,1540000.0,4,Bronze,M,31,3
1906,2023-02-07 18:00:00,Watch,1860000.0,5,Gold,M,53,5
1907,2023-02-07 19:00:00,Laptop,1370000.0,2,Bronze,F,50,3
1908,2023-02-07 20:00:00,Tablet,1570000.0,4,VIP,M,29,2
1909,2023-02-07 21:00:00,Watch,1610000.0,1,Bronze,M,24,4
1910,2023-02-07 22:00:00,Tablet,1490000.0,3,VIP,F,43,4
1911,2023-02-07 23:00:00,Laptop,1370000.0,5,Gold,M,41,5
1912,2023-02-08 00:00:00,Laptop,1880000.0,3,Bronze,M,52,4
1913,2023-02-08 01:00:00,Laptop,1830000.0,1,Gold,F,59,3
1914,2023-02-08 02:00:00,Tablet,1860000.0,5,Bronze,M,41,3
1915,2023-02-08 03:00:00,Laptop,630000.0,1,Silver,M,26,4
1916,2023-02-08 04:00:00,Watch,1320000.0,4,Silver,F,56,5
1917,2023-02-08 05:00:00,Mobile,1150000.0,1,Gold,F,41,3
1918,2023-02-08 06:00:00,Tablet,1280000.0,5,Silver,M,51,5
1919,2023-02-08 07:00:00,Watch,910000.0,2,VIP,F,21,3
1920,2023-02-08 08:00:00,Laptop,1010000.0,5,Silver,M,51,4
1921,2023-02-08 09:00:00,Laptop,1770000.0,4,VIP,F,54,4
1922,2023-02-08 10:00:00,Tablet,790000.0,5,VIP,M,30,4
1923,2023-02-08 11:00:00,Watch,1440000.0,5,Silver,F,27,5
1924,2023-02-08 12:00:00,Laptop,1680000.0,2,VIP,F,42,5
1925,2023-02-08 13:00:00,Mobile,1160000.0,4,VIP,F,57,4
1926,2023-02-08 14:00:00,Tablet,1790000.0,1,Bronze,M,46,5
1927,2023-02-08 15:00:00,Mobile,1570000.0,3,VIP,M,20,4
1928,2023-02-08 16:00:00,Laptop,680000.0,4,Silver,F,26,2
1929,2023-02-08 17:00:00,Laptop,1350000.0,5,Bronze,M,42,5
1930,2023-02-08 18:00:00,Mobile,870000.0,1,Silver,F,45,4
1931,2023-02-08 19:00:00,Laptop,1750000.0,5,Silver,F,50,3
1932,2023-02-08 20:00:00,Laptop,850000.0,4,Bronze,F,33,5
1933,2023-02-08 21:00:00,Laptop,1830000.0,3,Bronze,M,35,2
1934,2023-02-08 22:00:00,Watch,1480000.0,2,VIP,F,44,4
1935,2023-02-08 23:00:00,Laptop,640000.0,2,VIP,F,46,5
1936,2023-02-09 00:00:00,Mobile,600000.0,5,Silver,F,59,4
1937,2023-02-09 01:00:00,Tablet,1400000.0,3,Gold,M,52,4
1938,2023-02-09 02:00:00,Watch,1690000.0,3,Gold,M,57,4
1939,2023-02-09 03:00:00,Mobile,1110000.0,5,Silver,M,55,5
1940,2023-02-09 04:00:00,Laptop,1890000.0,2,Gold,M,59,3
1941,2023-02-09 05:00:00,Laptop,1790000.0,5,Gold,M,46,4
1942,2023-02-09 06:00:00,Tablet,1220000.0,3,VIP,F,39,5
1943,2023-02-09 07:00:00,Tablet,900000.0,1,Silver,F,30,5
1944,2023-02-09 08:00:00,Laptop,1040000.0,2,Gold,F,36,5
1945,2023-02-09 09:00:00,Mobile,860000.0,4,Silver,F,42,5
1946,2023-02-09 10:00:00,Mobile,1720000.0,4,Gold,M,41,2
1947,2023-02-09 11:00:00,Mobile,1870000.0,2,Bronze,M,56,4
1948,2023-02-09 12:00:00,Watch,1540000.0,4,Gold,F,32,1
1949,2023-02-09 13:00:00,Watch,1460000.0,3,Silver,F,47,1
1950,2023-02-09 14:00:00,Laptop,1440000.0,4,VIP,M,35,4
1951,2023-02-09 15:00:00,Watch,1370000.0,1,Bronze,M,35,5
1952,2023-02-09 16:00:00,Watch,1470000.0,5,Bronze,M,38,1
1953,2023-02-09 17:00:00,Tablet,960000.0,5,Gold,F,43,3
1954,2023-02-09 18:00:00,Watch,,2,VIP,M,41,1
1955,2023-02-09 19:00:00,Watch,780000.0,1,Bronze,F,34,4
1956,2023-02-09 20:00:00,Watch,1770000.0,5,Gold,F,27,3
1957,2023-02-09 21:00:00,Laptop,1140000.0,4,Gold,F,24,5
1958,2023-02-09 22:00:00,Watch,1150000.0,5,VIP,M,41,5
1959,2023-02-09 23:00:00,Laptop,920000.0,2,Gold,M,57,4
1960,2023-02-10 00:00:00,Laptop,1650000.0,3,VIP,F,30,3
1961,2023-02-10 01:00:00,Laptop,600000.0,1,Gold,M,51,2
1962,2023-02-10 02:00:00,Laptop,880000.0,3,Silver,M,53,5
1963,2023-02-10 03:00:00,Laptop,710000.0,2,VIP,F,54,4
1964,2023-02-10 04:00:00,Mobile,1960000.0,1,Bronze,M,39,4
1965,2023-02-10 05:00:00,Tablet,1060000.0,5,VIP,F,49,5
1966,2023-02-10 06:00:00,Laptop,1800000.0,1,VIP,F,55,2
1967,2023-02-10 07:00:00,Tablet,1270000.0,4,Bronze,M,23,5
1968,2023-02-10 08:00:00,Watch,960000.0,2,VIP,F,21,3
1969,2023-02-10 09:00:00,Mobile,1350000.0,3,VIP,M,56,4
1970,2023-02-10 10:00:00,Watch,780000.0,4,Bronze,F,30,3
1971,2023-02-10 11:00:00,Laptop,1820000.0,1,Bronze,M,29,4
1972,2023-02-10 12:00:00,Laptop,790000.0,1,Gold,M,28,1
1973,2023-02-10 13:00:00,Tablet,1190000.0,5,Silver,F,56,3
1974,2023-02-10 14:00:00,Mobile,1400000.0,2,Bronze,F,59,3
1975,2023-02-10 15:00:00,Laptop,,3,Silver,F,30,5
1976,2023-02-10 16:00:00,Mobile,1940000.0,3,VIP,F,56,1
1977,2023-02-10 17:00:00,Tablet,1210000.0,4,VIP,M,56,3
1978,2023-02-10 18:00:00,Watch,1190000.0,3,Bronze,M,29,4
1979,2023-02-10 19:00:00,Tablet,1410000.0,2,Gold,M,33,3
1980,2023-02-10 20:00:00,Tablet,1040000.0,2,VIP,M,21,3
1981,2023-02-10 21:00:00,Tablet,1130000.0,3,Silver,F,21,3
1982,2023-02-10 22:00:00,Laptop,830000.0,4,Gold,F,39,3
1983,2023-02-10 23:00:00,Watch,1090000.0,2,Silver,M,50,2
1984,2023-02-11 00:00:00,Mobile,1620000.0,1,VIP,M,22,5
1985,2023-02-11 01:00:00,Watch,520000.0,1,Bronze,M,34,4
1986,2023-02-11 02:00:00,Tablet,1260000.0,4,VIP,M,32,1
1987,2023-02-11 03:00:00,Mobile,1800000.0,3,Gold,M,37,5
1988,2023-02-11 04:00:00,Tablet,1800000.0,3,Bronze,F,34,5
1989,2023-02-11 05:00:00,Mobile,750000.0,3,VIP,F,41,5
1990,2023-02-11 06:00:00,Laptop,1680000.0,2,VIP,M,38,3
1991,2023-02-11 07:00:00,Laptop,1330000.0,5,VIP,M,20,3
1992,2023-02-11 08:00:00,Laptop,1630000.0,2,Bronze,F,29,3
1993,2023-02-11 09:00:00,Laptop,1370000.0,4,Gold,F,59,5
1994,2023-02-11 10:00:00,Laptop,1120000.0,1,Silver,F,29,2
1995,2023-02-11 11:00:00,Mobile,970000.0,2,Bronze,M,47,4
1996,2023-02-11 12:00:00,Mobile,1470000.0,2,Bronze,F,47,1
1997,2023-02-11 13:00:00,Mobile,790000.0,5,Gold,M,29,1
1998,2023-02-11 14:00:00,Laptop,1630000.0,3,Gold,F,29,2
1999,2023-02-11 15:00:00,Tablet,1520000.0,5,Gold,F,52,4
2000,2023-02-11 16:00:00,Watch,800000.0,2,Gold,M,54,5
2001,2023-02-11 17:00:00,Watch,610000.0,2,Gold,F,40,1
2002,2023-02-11 18:00:00,Laptop,1710000.0,3,Bronze,M,49,4
2003,2023-02-11 19:00:00,Laptop,980000.0,5,Bronze,F,57,4
2004,2023-02-11 20:00:00,Tablet,1160000.0,5,Silver,F,42,5
2005,2023-02-11 21:00:00,Watch,1900000.0,3,Gold,M,23,4
2006,2023-02-11 22:00:00,Tablet,1150000.0,5,Bronze,F,38,5
2007,2023-02-11 23:00:00,Mobile,1110000.0,2,Silver,F,27,4
2008,2023-02-12 00:00:00,Watch,1590000.0,4,VIP,M,45,4
2009,2023-02-12 01:00:00,Tablet,1770000.0,4,VIP,M,59,4
2010,2023-02-12 02:00:00,Laptop,1570000.0,1,Silver,F,23,2
2011,2023-02-12 03:00:00,Tablet,1490000.0,3,Silver,M,58,1
2012,2023-02-12 04:00:00,Laptop,790000.0,2,Bronze,M,55,2
2013,2023-02-12 05:00:00,Mobile,1240000.0,1,Bronze,M,30,4
2014,2023-02-12 06:00:00,Laptop,1670000.0,5,Bronze,M,49,2
2015,2023-02-12 07:00:00,Laptop,1330000.0,4,VIP,F,28,3
2016,2023-02-12 08:00:00,Mobile,1450000.0,5,Gold,M,25,5
2017,2023-02-12 09:00:00,Watch,1080000.0,1,Gold,M,58,4
2018,2023-02-12 10:00:00,Tablet,740000.0,3,VIP,F,50,3
2019,2023-02-12 11:00:00,Watch,1010000.0,2,Bronze,M,56,1
2020,2023-02-12 12:00:00,Laptop,840000.0,4,Bronze,M,33,4
2021,2023-02-12 13:00:00,Tablet,1280000.0,1,Bronze,F,43,4
2022,2023-02-12 14:00:00,Laptop,1030000.0,2,Gold,F,45,4
2023,2023-02-12 15:00:00,Tablet,1200000.0,1,Gold,M,34,4
2024,2023-02-12 16:00:00,Laptop,1540000.0,3,Bronze,M,31,3
2025,2023-02-12 17:00:00,Laptop,1190000.0,4,Bronze,F,51,4
2026,2023-02-12 18:00:00,Mobile,680000.0,3,Gold,F,46,4
2027,2023-02-12 19:00:00,Tablet,740000.0,1,Gold,F,49,4
2028,2023-02-12 20:00:00,Mobile,1630000.0,4,Bronze,M,50,3
2029,2023-02-12 21:00:00,Watch,1010000.0,2,VIP,F,47,1
2030,2023-02-12 22:00:00,Laptop,1550000.0,1,Gold,M,59,2
2031,2023-02-12 23:00:00,Laptop,1120000.0,5,Silver,F,57,4
2032,2023-02-13 00:00:00,Watch,1440000.0,5,Gold,M,26,3
2033,2023-02-13 01:00:00,Watch,1760000.0,2,Gold,F,32,5
2034,2023-02-13 02:00:00,Laptop,560000.0,2,Bronze,F,47,5
2035,2023-02-13 03:00:00,Tablet,990000.0,4,VIP,M,49,1
2036,2023-02-13 04:00:00,Laptop,1560000.0,2,Bronze,M,40,2
2037,2023-02-13 05:00:00,Tablet,1980000.0,2,Bronze,M,59,5
2038,2023-02-13 06:00:00,Tablet,1820000.0,2,Bronze,M,55,4
2039,2023-02-13 07:00:00,Laptop,1590000.0,5,Gold,F,46,5
2040,2023-02-13 08:00:00,Watch,820000.0,3,Bronze,M,48,5
2041,2023-02-13 09:00:00,Mobile,860000.0,1,VIP,F,49,4
2042,2023-02-13 10:00:00,Tablet,570000.0,5,Gold,M,40,3
2043,2023-02-13 11:00:00,Tablet,1930000.0,2,VIP,F,58,5
2044,2023-02-13 12:00:00,Mobile,740000.0,5,VIP,M,50,4
2045,2023-02-13 13:00:00,Tablet,530000.0,4,Bronze,F,52,1
2046,2023-02-13 14:00:00,Watch,880000.0,5,VIP,M,56,1
2047,2023-02-13 15:00:00,Watch,1890000.0,4,Bronze,M,48,3
2048,2023-02-13 16:00:00,Watch,1810000.0,5,VIP,M,32,4
2049,2023-02-13 17:00:00,Laptop,,2,Gold,F,48,2
2050,2023-02-13 18:00:00,Watch,680000.0,3,Bronze,M,55,4
2051,2023-02-13 19:00:00,Laptop,1600000.0,3,VIP,M,53,4
2052,2023-02-13 20:00:00,Tablet,1750000.0,5,Silver,M,41,5
2053,2023-02-13 21:00:00,Watch,1040000.0,4,Bronze,M,44,5
2054,2023-02-13 22:00:00,Mobile,1020000.0,3,Gold,M,27,3
2055,2023-02-13 23:00:00,Watch,1000000.0,3,Silver,M,57,1
2056,2023-02-14 00:00:00,Laptop,1120000.0,3,VIP,F,43,3
2057,2023-02-14 01:00:00,Mobile,1370000.0,2,Gold,F,50,3
2058,2023-02-14 02:00:00,Watch,1220000.0,1,Bronze,M,20,5
2059,2023-02-14 03:00:00,Laptop,1030000.0,4,Bronze,M,24,2
2060,2023-02-14 04:00:00,Mobile,1110000.0,4,VIP,M,26,4
2061,2023-02-14 05:00:00,Watch,1170000.0,3,VIP,M,49,5
2062,2023-02-14 06:00:00,Watch,980000.0,1,Gold,M,59,4
2063,2023-02-14 07:00:00,Watch,1980000.0,2,Bronze,F,56,4
2064,2023-02-14 08:00:00,Tablet,1200000.0,4,VIP,F,36,4
2065,2023-02-14 09:00:00,Tablet,1510000.0,4,Bronze,M,55,4
2066,2023-02-14 10:00:00,Mobile,970000.0,2,VIP,F,47,3
2067,2023-02-14 11:00:00,Laptop,1780000.0,2,VIP,F,46,4
2068,2023-02-14 12:00:00,Tablet,810000.0,4,Silver,M,55,1
2069,2023-02-14 13:00:00,Watch,1830000.0,2,Silver,F,56,4
2070,2023-02-14 14:00:00,Laptop,1170000.0,3,Silver,F,53,3
2071,2023-02-14 15:00:00,Tablet,1350000.0,4,Silver,M,39,1
2072,2023-02-14 16:00:00,Laptop,1250000.0,3,Bronze,M,57,4
2073,2023-02-14 17:00:00,Watch,1200000.0,4,VIP,M,42,1
2074,2023-02-14 18:00:00,Watch,1780000.0,3,VIP,M,26,4
2075,2023-02-14 19:00:00,Watch,790000.0,1,Silver,M,59,3
2076,2023-02-14 20:00:00,Laptop,,4,Bronze,M,25,5
2077,2023-02-14 21:00:00,Mobile,1070000.0,2,Silver,F,46,5
2078,2023-02-14 22:00:00,Laptop,1670000.0,1,Bronze,M,46,4
2079,2023-02-14 23:00:00,Tablet,1710000.0,1,Bronze,F,23,4
2080,2023-02-15 00:00:00,Laptop,1200000.0,3,Gold,M,37,4
2081,2023-02-15 01:00:00,Laptop,1280000.0,1,Silver,M,24,4
2082,2023-02-15 02:00:00,Laptop,900000.0,3,VIP,M,38,4
2083,2023-02-15 03:00:00,Tablet,1940000.0,4,Bronze,F,26,5
2084,2023-02-15 04:00:00,Watch,740000.0,1,VIP,F,36,4
2085,2023-02-15 05:00:00,Laptop,950000.0,4,Gold,F,39,3
2086,2023-02-15 06:00:00,Mobile,1630000.0,4,Gold,M,56,4
2087,2023-02-15 07:00:00,Mobile,900000.0,5,VIP,F,34,4
2088,2023-02-15 08:00:00,Watch,1220000.0,3,VIP,M,42,5
2089,2023-02-15 09:00:00,Tablet,1180000.0,5,Gold,M,53,1
2090,2023-02-15 10:00:00,Laptop,900000.0,2,VIP,F,24,3
2091,2023-02-15 11:00:00,Laptop,1610000.0,1,VIP,F,56,2
2092,2023-02-15 12:00:00,Laptop,1470000.0,3,VIP,F,45,5
2093,2023-02-15 13:00:00,Laptop,530000.0,3,Gold,M,33,4
2094,2023-02-15 14:00:00,Laptop,1780000.0,4,Gold,M,48,1
2095,2023-02-15 15:00:00,Tablet,1530000.0,2,VIP,M,23,2
2096,2023-02-15 16:00:00,Tablet,880000.0,4,Gold,F,29,5
2097,2023-02-15 17:00:00,Watch,640000.0,5,Silver,F,28,5
2098,2023-02-15 18:00:00,Watch,550000.0,1,Bronze,M,57,1
2099,2023-02-15 19:00:00,Laptop,660000.0,5,VIP,M,29,1
2100,2023-02-15 20:00:00,Mobile,540000.0,4,VIP,F,22,5
2101,2023-02-15 21:00:00,Laptop,1380000.0,5,VIP,F,26,5
2102,2023-02-15 22:00:00,Watch,620000.0,3,Silver,F,28,3
2103,2023-02-15 23:00:00,Laptop,1290000.0,5,Gold,M,46,5
2104,2023-02-16 00:00:00,Laptop,690000.0,1,Silver,M,47,2
2105,2023-02-16 01:00:00,Laptop,1530000.0,3,Gold,F,53,5
2106,2023-02-16 02:00:00,Watch,1860000.0,5,Bronze,F,57,5
2107,2023-02-16 03:00:00,Mobile,730000.0,4,Gold,F,27,4
2108,2023-02-16 04:00:00,Laptop,1860000.0,5,Silver,F,41,2
2109,2023-02-16 05:00:00,Laptop,710000.0,1,Gold,M,56,4
2110,2023-02-16 06:00:00,Laptop,1060000.0,3,Bronze,F,53,5
2111,2023-02-16 07:00:00,Laptop,1190000.0,5,Silver,F,45,3
2112,2023-02-16 08:00:00,Mobile,1180000.0,1,Gold,F,41,5
2113,2023-02-16 09:00:00,Mobile,1220000.0,1,Bronze,F,21,5
2114,2023-02-16 10:00:00,Tablet,620000.0,4,Gold,M,28,5
2115,2023-02-16 11:00:00,Watch,1810000.0,3,Silver,F,35,5
2116,2023-02-16 12:00:00,Mobile,1380000.0,3,VIP,M,31,3
2117,2023-02-16 13:00:00,Watch,1310000.0,5,Gold,M,40,5
2118,2023-02-16 14:00:00,Mobile,870000.0,5,VIP,F,26,2
2119,2023-02-16 15:00:00,Tablet,1870000.0,5,Bronze,F,56,5
2120,2023-02-16 16:00:00,Watch,1510000.0,5,Bronze,F,59,4
2121,2023-02-16 17:00:00,Laptop,1630000.0,5,Bronze,M,34,4
2122,2023-02-16 18:00:00,Watch,1490000.0,1,Gold,F,30,3
2123,2023-02-16 19:00:00,Tablet,1800000.0,5,Bronze,F,33,4
2124,2023-02-16 20:00:00,Watch,1940000.0,5,VIP,M,37,3
2125,2023-02-16 21:00:00,Watch,1910000.0,2,Gold,M,33,4
2126,2023-02-16 22:00:00,Watch,1130000.0,3,Bronze,F,38,4
2127,2023-02-16 23:00:00,Tablet,840000.0,4,Gold,M,42,3
2128,2023-02-17 00:00:00,Laptop,1710000.0,2,Gold,M,55,5
2129,2023-02-17 01:00:00,Tablet,1580000.0,4,Silver,F,38,4
2130,2023-02-17 02:00:00,Mobile,800000.0,3,Gold,F,36,2
2131,2023-02-17 03:00:00,Tablet,1940000.0,5,Bronze,M,28,5
2132,2023-02-17 04:00:00,Laptop,1830000.0,5,Silver,F,57,4
2133,2023-02-17 05:00:00,Laptop,700000.0,1,Bronze,F,54,3
2134,2023-02-17 06:00:00,Mobile,1450000.0,2,Silver,M,24,2
2135,2023-02-17 07:00:00,Watch,1390000.0,3,Silver,M,51,2
2136,2023-02-17 08:00:00,Mobile,790000.0,4,VIP,F,40,5
2137,2023-02-17 09:00:00,Watch,1120000.0,5,Bronze,F,30,4
2138,2023-02-17 10:00:00,Tablet,1880000.0,5,Gold,F,28,4
2139,2023-02-17 11:00:00,Laptop,770000.0,5,VIP,F,35,2
2140,2023-02-17 12:00:00,Mobile,1490000.0,1,Gold,F,44,5
2141,2023-02-17 13:00:00,Watch,940000.0,1,VIP,F,38,3
2142,2023-02-17 14:00:00,Tablet,1140000.0,3,Gold,F,48,4
2143,2023-02-17 15:00:00,Laptop,1120000.0,2,Bronze,F,31,4
2144,2023-02-17 16:00:00,Tablet,1780000.0,5,Silver,M,55,4
2145,2023-02-17 17:00:00,Tablet,520000.0,4,Bronze,M,57,5
2146,2023-02-17 18:00:00,Watch,1090000.0,2,VIP,F,49,4
2147,2023-02-17 19:00:00,Watch,580000.0,3,Silver,M,31,5
2148,2023-02-17 20:00:00,Watch,1770000.0,1,Silver,M,32,3
2149,2023-02-17 21:00:00,Tablet,1600000.0,5,VIP,F,34,5
2150,2023-02-17 22:00:00,Laptop,740000.0,5,Bronze,F,23,2
2151,2023-02-17 23:00:00,Mobile,1120000.0,5,VIP,F,35,5
2152,2023-02-18 00:00:00,Mobile,820000.0,4,Gold,F,50,5
2153,2023-02-18 01:00:00,Mobile,1550000.0,2,Bronze,F,34,5
2154,2023-02-18 02:00:00,Laptop,1230000.0,5,VIP,F,57,3
2155,2023-02-18 03:00:00,Laptop,1830000.0,1,Bronze,M,55,3
2156,2023-02-18 04:00:00,Laptop,890000.0,2,VIP,M,52,2
2157,2023-02-18 05:00:00,Watch,1460000.0,2,VIP,F,45,2
2158,2023-02-18 06:00:00,Laptop,790000.0,3,Silver,F,21,4
2159,2023-02-18 07:00:00,Mobile,1210000.0,3,VIP,M,39,4
2160,2023-02-18 08:00:00,Mobile,510000.0,5,Gold,F,57,5
2161,2023-02-18 09:00:00,Laptop,1090000.0,3,Gold,F,59,2
2162,2023-02-18 10:00:00,Watch,1450000.0,4,VIP,F,48,5
2163,2023-02-18 11:00:00,Watch,550000.0,3,Silver,M,22,5
2164,2023-02-18 12:00:00,Laptop,1500000.0,4,Gold,F,42,2
2165,2023-02-18 13:00:00,Mobile,760000.0,1,Gold,M,43,1
2166,2023-02-18 14:00:00,Laptop,1190000.0,2,Bronze,M,47,2
2167,2023-02-18 15:00:00,Watch,520000.0,5,VIP,F,40,4
2168,2023-02-18 16:00:00,Mobile,730000.0,3,Silver,F,57,1
2169,2023-02-18 17:00:00,Watch,810000.0,4,VIP,F,58,5
2170,2023-02-18 18:00:00,Mobile,880000.0,2,Bronze,M,46,5
2171,2023-02-18 19:00:00,Watch,650000.0,2,Gold,M,28,5
2172,2023-02-18 20:00:00,Watch,1140000.0,3,VIP,M,54,5
2173,2023-02-18 21:00:00,Laptop,1570000.0,1,Silver,M,58,4
2174,2023-02-18 22:00:00,Tablet,1790000.0,3,VIP,F,55,1
2175,2023-02-18 23:00:00,Mobile,730000.0,5,VIP,M,25,2
2176,2023-02-19 00:00:00,Tablet,,3,Silver,M,41,4
2177,2023-02-19 01:00:00,Watch,970000.0,4,Silver,F,29,3
2178,2023-02-19 02:00:00,Watch,860000.0,5,Gold,F,34,4
2179,2023-02-19 03:00:00,Mobile,1130000.0,4,Gold,M,29,2
2180,2023-02-19 04:00:00,Watch,700000.0,1,Gold,F,38,4
2181,2023-02-19 05:00:00,Laptop,1110000.0,5,VIP,M,58,5
2182,2023-02-19 06:00:00,Laptop,530000.0,1,VIP,F,48,3
2183,2023-02-19 07:00:00,Watch,1520000.0,2,Silver,M,39,5
2184,2023-02-19 08:00:00,Tablet,950000.0,3,Silver,F,36,4
2185,2023-02-19 09:00:00,Laptop,1780000.0,5,VIP,F,32,5
2186,2023-02-19 10:00:00,Tablet,1410000.0,5,Silver,M,41,4
2187,2023-02-19 11:00:00,Tablet,780000.0,4,Bronze,M,33,3
2188,2023-02-19 12:00:00,Tablet,1280000.0,4,VIP,M,56,5
2189,2023-02-19 13:00:00,Laptop,1350000.0,3,Bronze,F,36,4
2190,2023-02-19 14:00:00,Tablet,1870000.0,4,Silver,F,35,5
2191,2023-02-19 15:00:00,Tablet,1210000.0,4,Silver,F,42,2
2192,2023-02-19 16:00:00,Mobile,1320000.0,1,Bronze,M,43,4
2193,2023-02-19 17:00:00,Watch,1280000.0,2,VIP,F,54,3
2194,2023-02-19 18:00:00,Watch,1560000.0,3,VIP,F,40,4
2195,2023-02-19 19:00:00,Watch,1970000.0,4,Silver,F,37,3
2196,2023-02-19 20:00:00,Mobile,810000.0,4,VIP,F,44,2
2197,2023-02-19 21:00:00,Watch,1200000.0,4,Silver,M,27,5
2198,2023-02-19 22:00:00,Mobile,1210000.0,4,VIP,M,33,1
2199,2023-02-19 23:00:00,Tablet,1190000.0,4,Silver,M,45,3
